2 In 1: Flying Warriors / Fighting Simulator,6.99,17.99,39.99,047743910098,31328,https://www.pricecharting.com/game/gameboy/2-in-1-flying-warriors-fighting-simulator 
4 in 1 Funpak,6.99,13.99,29.99,040421810031,13259,https://www.pricecharting.com/game/gameboy/4-in-1-funpak 
4 in 1 Funpak 2,ND,ND,ND,,,https://www.pricecharting.com/game/gameboy/4-in-1-funpak-2 
720,ND,ND,ND,,,https://www.pricecharting.com/game/gameboy/720 
Addams Family,9.99,54.99,129.99,020295020064,13461,https://www.pricecharting.com/game/gameboy/addams-family 
Addams Family Pugsley's Scavenger Hunt,19.99,79.99,179.99,020295020101,13462,https://www.pricecharting.com/game/gameboy/addams-family-pugsley's-scavenger-hunt 
Adventure Island,15.99,54.99,644.99,039854000157,7259,https://www.pricecharting.com/game/gameboy/adventure-island 
Adventure Island II,18.99,109.99,254.99,039854000218,7260,https://www.pricecharting.com/game/gameboy/adventure-island-ii 
Adventure of Star Saver,ND,ND,ND,,,https://www.pricecharting.com/game/gameboy/adventure-of-star-saver 
Aerostar,49.99,144.99,334.99,034912784673,13264,https://www.pricecharting.com/game/gameboy/aerostar 
Aladdin (Original Gameboy),ND,ND,ND,,,https://www.pricecharting.com/game/gameboy/aladdin-(original-gameboy) 
Alfred Chicken,11.99,139.99,319.99,050047113744,2737,https://www.pricecharting.com/game/gameboy/alfred-chicken 
Alien 3,24.99,59.99,134.99,023582058115,34778,https://www.pricecharting.com/game/gameboy/alien-3 
Alien vs Predator,13.99,79.99,199.99,047875730021,13266,https://www.pricecharting.com/game/gameboy/alien-vs-predator 
Alleyway,3.99,34.99,109.99,045496730017,2740,https://www.pricecharting.com/game/gameboy/alleyway 
All-Star Baseball 99,3.99,29.99,104.99,021481511441,13267,https://www.pricecharting.com/game/gameboy/all-star-baseball-99 
Altered Space,11.99,39.99,89.99,090451204027,13268,https://www.pricecharting.com/game/gameboy/altered-space 
Amazing Penguin,19.99,129.99,299.99,719593020011,13269,https://www.pricecharting.com/game/gameboy/amazing-penguin 
Amazing Spiderman,8.99,39.99,264.99,023582058009,13464,https://www.pricecharting.com/game/gameboy/amazing-spiderman 
Amazing Spiderman 2,ND,ND,ND,,,https://www.pricecharting.com/game/gameboy/amazing-spiderman-2 
Amazing Tater,329.99,1569.99,3609.99,730865100026,32749,https://www.pricecharting.com/game/gameboy/amazing-tater 
Animaniacs,10.99,54.99,124.99,083717140191,2743,https://www.pricecharting.com/game/gameboy/animaniacs 
Arcade Classic 3 Galaga Galaxian,ND,ND,ND,,,https://www.pricecharting.com/game/gameboy/arcade-classic-3-galaga-galaxian 
Arcade Classic Asteroids Missile Command,ND,ND,ND,,,https://www.pricecharting.com/game/gameboy/arcade-classic-asteroids-missile-command 
Asteroids (Original Gameboy),ND,ND,ND,,,https://www.pricecharting.com/game/gameboy/asteroids-(original-gameboy) 
Atomic Punk,14.99,124.99,289.99,039854000133,13273,https://www.pricecharting.com/game/gameboy/atomic-punk 
Attack of the Killer Tomatoes,15.99,74.99,179.99,719575020022,13416,https://www.pricecharting.com/game/gameboy/attack-of-the-killer-tomatoes 
Avenging Spirit,159.99,354.99,824.99,032264800096,2754,https://www.pricecharting.com/game/gameboy/avenging-spirit 
Azure Dreams,ND,ND,ND,,,https://www.pricecharting.com/game/gameboy/azure-dreams 
Balloon Kid,15.99,79.99,189.99,045496730093,10440,https://www.pricecharting.com/game/gameboy/balloon-kid 
Barbie Game Girl,8.99,74.99,179.99,087855000638,13283,https://www.pricecharting.com/game/gameboy/barbie-game-girl 
Bart Simpson's Escape from Camp Deadly,8.99,54.99,124.99,021481501053,13284,https://www.pricecharting.com/game/gameboy/bart-simpson's-escape-from-camp-deadly 
Baseball,3.99,34.99,69.99,045496730024,12538,https://www.pricecharting.com/game/gameboy/baseball 
Bases Loaded,2.99,8.99,54.99,032264800010,13286,https://www.pricecharting.com/game/gameboy/bases-loaded 
Batman Forever,6.99,79.99,269.99,021481510192,8571,https://www.pricecharting.com/game/gameboy/batman-forever 
Batman: Return of the Joker,24.99,139.99,324.99,020763110235,18680,https://www.pricecharting.com/game/gameboy/batman-return-of-the-joker 
Batman the Series,39.99,264.99,614.99,083717140153,2760,https://www.pricecharting.com/game/gameboy/batman-the-series 
Batman the Video Game,19.99,104.99,1679.99,020763110129,13288,https://www.pricecharting.com/game/gameboy/batman-the-video-game 
Battle Arena Toshinden,12.99,49.99,109.99,045496730598,13289,https://www.pricecharting.com/game/gameboy/battle-arena-toshinden 
Battle Bull,14.99,39.99,189.99,092826901012,20091,https://www.pricecharting.com/game/gameboy/battle-bull 
Battleship (Original Gameboy),ND,ND,ND,,,https://www.pricecharting.com/game/gameboy/battleship-(original-gameboy) 
Battletoads,14.99,84.99,199.99,031719199150,2764,https://www.pricecharting.com/game/gameboy/battletoads 
Battletoads and Double Dragon,ND,ND,ND,,,https://www.pricecharting.com/game/gameboy/battletoads-and-double-dragon 
Battletoads in Ragnarok's World,19.99,109.99,254.99,031719199327,13290,https://www.pricecharting.com/game/gameboy/battletoads-in-ragnarok's-world 
Battle Unit Zeoth,18.99,129.99,304.99,032264800041,21133,https://www.pricecharting.com/game/gameboy/battle-unit-zeoth 
Battlezone/Super Breakout,ND,ND,ND,,,https://www.pricecharting.com/game/gameboy/battlezonesuper-breakout 
Beavis and Butt-Head,ND,ND,ND,,,https://www.pricecharting.com/game/gameboy/beavis-and-butt-head 
Beetlejuice,54.99,64.99,154.99,023582058023,18684,https://www.pricecharting.com/game/gameboy/beetlejuice 
Best of the Best Championship Karate,6.99,54.99,149.99,099451124908,13292,https://www.pricecharting.com/game/gameboy/best-of-the-best-championship-karate 
Bill and Ted's Excellent Adventure,13.99,19.99,44.99,023582058047,13293,https://www.pricecharting.com/game/gameboy/bill-and-ted's-excellent-adventure 
Bill Elliott's NASCAR Fast Tracks,2.99,13.99,19.99,,34826,https://www.pricecharting.com/game/gameboy/bill-elliott's-nascar-fast-tracks 
Bionic Commando,59.99,104.99,244.99,013388120093,2767,https://www.pricecharting.com/game/gameboy/bionic-commando 
Black Bass Lure Fishing,2.99,19.99,64.99,096427011767,13295,https://www.pricecharting.com/game/gameboy/black-bass-lure-fishing 
Black Game Boy Pocket,44.99,94.99,264.99,045496710330,16873,https://www.pricecharting.com/game/gameboy/black-game-boy-pocket 
Blades of Steel,4.99,19.99,94.99,083717145066,13296,https://www.pricecharting.com/game/gameboy/blades-of-steel 
Blaster Master Boy,79.99,274.99,634.99,020763110181,13298,https://www.pricecharting.com/game/gameboy/blaster-master-boy 
Blue Game Boy Pocket,29.99,59.99,134.99,045496710477,16870,https://www.pricecharting.com/game/gameboy/blue-game-boy-pocket 
Blues Brothers Jukebox Adventure,13.99,64.99,154.99,,13301,https://www.pricecharting.com/game/gameboy/blues-brothers-jukebox-adventure 
Boarder Zone,1.99,1.99,2.99,020295020323,2771,https://www.pricecharting.com/game/gameboy/boarder-zone 
Boggle Plus,2.99,19.99,44.99,073000040642,13304,https://www.pricecharting.com/game/gameboy/boggle-plus 
Bo Jackson Hit and Run,2.99,11.99,29.99,719575020015,13302,https://www.pricecharting.com/game/gameboy/bo-jackson-hit-and-run 
Bomberman,9.99,29.99,234.99,045496730758,2772,https://www.pricecharting.com/game/gameboy/bomberman 
Bonk's Adventure,24.99,129.99,329.99,039854000201,13307,https://www.pricecharting.com/game/gameboy/bonk's-adventure 
Bonk's Revenge,44.99,184.99,424.99,039854000348,13308,https://www.pricecharting.com/game/gameboy/bonk's-revenge 
Boomer's Adventure in Asmik World,3.99,29.99,69.99,730901045496,13309,https://www.pricecharting.com/game/gameboy/boomer's-adventure-in-asmik-world 
Boxxle,7.99,19.99,69.99,022909300012,13310,https://www.pricecharting.com/game/gameboy/boxxle 
Boxxle II,24.99,94.99,289.99,022909300050,13311,https://www.pricecharting.com/game/gameboy/boxxle-ii 
Brainbender,6.99,24.99,64.99,099451121433,13313,https://www.pricecharting.com/game/gameboy/brainbender 
Brain Drain,8.99,19.99,49.99,021481511717,13312,https://www.pricecharting.com/game/gameboy/brain-drain 
Bram Stoker's Dracula,14.99,49.99,114.99,090451201064,13314,https://www.pricecharting.com/game/gameboy/bram-stoker's-dracula 
BreakThru,3.99,12.99,39.99,085004153310,18559,https://www.pricecharting.com/game/gameboy/breakthru 
Bubble Bobble,24.99,84.99,139.99,,34782,https://www.pricecharting.com/game/gameboy/bubble-bobble 
Bubble Bobble Part 2 Rainbow Islands,ND,ND,ND,,,https://www.pricecharting.com/game/gameboy/bubble-bobble-part-2-rainbow-islands 
Bubble Ghost,19.99,154.99,259.99,,13316,https://www.pricecharting.com/game/gameboy/bubble-ghost 
Bubsy II,18.99,259.99,464.99,015605024153,7283,https://www.pricecharting.com/game/gameboy/bubsy-ii 
Burai Fighter Deluxe,15.99,59.99,104.99,002366678091,33798,https://www.pricecharting.com/game/gameboy/burai-fighter-deluxe 
BurgerTime Deluxe,19.99,74.99,169.99,011110821195,2777,https://www.pricecharting.com/game/gameboy/burgertime-deluxe 
Bust a Move 2 Arcade Edition,9.99,24.99,39.99,021481510666,13318,https://www.pricecharting.com/game/gameboy/bust-a-move-2-arcade-edition 
Bust-A-Move 4,ND,ND,ND,,,https://www.pricecharting.com/game/gameboy/bust-a-move-4 
Bust-A-Move Millennium,ND,ND,ND,,,https://www.pricecharting.com/game/gameboy/bust-a-move-millennium 
Buster Bros,44.99,209.99,444.99,039854000249,13319,https://www.pricecharting.com/game/gameboy/buster-bros 
Caesar's Palace,1.99,6.99,29.99,052145810006,2780,https://www.pricecharting.com/game/gameboy/caesar's-palace 
Caesars Palace (Arcadia),1.99,9.99,24.99,,34962,https://www.pricecharting.com/game/gameboy/caesars-palace-(arcadia) 
Casino Fun Pack,9.99,24.99,44.99,,35636,https://www.pricecharting.com/game/gameboy/casino-fun-pack 
Casper,2.99,29.99,89.99,719593020042,34005,https://www.pricecharting.com/game/gameboy/casper 
Castelian,17.99,54.99,114.99,726268001541,13322,https://www.pricecharting.com/game/gameboy/castelian 
Castlevania Adventure,14.99,164.99,674.99,083717140016,2786,https://www.pricecharting.com/game/gameboy/castlevania-adventure 
Castlevania II Belmont's Revenge,69.99,389.99,584.99,083717140054,2785,https://www.pricecharting.com/game/gameboy/castlevania-ii-belmont's-revenge 
Castlevania Legends,139.99,644.99,1489.99,083717140207,13323,https://www.pricecharting.com/game/gameboy/castlevania-legends 
Catrap,29.99,99.99,254.99,096066900224,20785,https://www.pricecharting.com/game/gameboy/catrap 
Catz,ND,ND,ND,,,https://www.pricecharting.com/game/gameboy/catz 
Centipede and Millipede,ND,ND,ND,,,https://www.pricecharting.com/game/gameboy/centipede-and-millipede 
Centipede (Original Gameboy),ND,ND,ND,,,https://www.pricecharting.com/game/gameboy/centipede-(original-gameboy) 
Championship Pool,2.99,14.99,79.99,050047113652,13324,https://www.pricecharting.com/game/gameboy/championship-pool 
Chase H.Q. (Original Gameboy),ND,ND,ND,,2588906,https://www.pricecharting.com/game/gameboy/chase-hq-(original-gameboy) 
Chessmaster (Original Gameboy),ND,ND,ND,,,https://www.pricecharting.com/game/gameboy/chessmaster-(original-gameboy) 
Choplifter II,11.99,39.99,94.99,009119910217,13326,https://www.pricecharting.com/game/gameboy/choplifter-ii 
Chuck Rock,17.99,164.99,384.99,090451204058,13327,https://www.pricecharting.com/game/gameboy/chuck-rock 
Cliffhanger,11.99,69.99,144.99,090451206038,13328,https://www.pricecharting.com/game/gameboy/cliffhanger 
College Slam,6.99,29.99,74.99,021481510567,13329,https://www.pricecharting.com/game/gameboy/college-slam 
Contra Operation C,ND,ND,ND,,,https://www.pricecharting.com/game/gameboy/contra-operation-c 
Contra the Alien Wars,39.99,154.99,354.99,083717140184,13330,https://www.pricecharting.com/game/gameboy/contra-the-alien-wars 
Cool Ball,84.99,369.99,854.99,026483300383,34779,https://www.pricecharting.com/game/gameboy/cool-ball 
Cool Spot,13.99,34.99,84.99,052145810112,14076,https://www.pricecharting.com/game/gameboy/cool-spot 
Cool World,44.99,249.99,579.99,020295020095,31617,https://www.pricecharting.com/game/gameboy/cool-world 
Cosmo Tank,12.99,44.99,109.99,718767627254,34850,https://www.pricecharting.com/game/gameboy/cosmo-tank 
Crash Dummies,ND,ND,ND,,,https://www.pricecharting.com/game/gameboy/crash-dummies 
Crazy Castle,ND,ND,ND,,,https://www.pricecharting.com/game/gameboy/crazy-castle 
Crazy Castle 2,3.99,24.99,69.99,044499005047045496730543,11970,https://www.pricecharting.com/game/gameboy/crazy-castle-2 
Croc,ND,ND,ND,,,https://www.pricecharting.com/game/gameboy/croc 
Crystal Quest,14.99,109.99,154.99,013252002531,34780,https://www.pricecharting.com/game/gameboy/crystal-quest 
Cutthroat Island,6.99,29.99,104.99,021481510222,13332,https://www.pricecharting.com/game/gameboy/cutthroat-island 
Cyraid,19.99,49.99,189.99,093992030308,31520,https://www.pricecharting.com/game/gameboy/cyraid 
Daedalian Opus,3.99,13.99,64.99,020763120142034912784659,19369,https://www.pricecharting.com/game/gameboy/daedalian-opus 
Daffy Duck,12.99,54.99,124.99,020763110372,8800,https://www.pricecharting.com/game/gameboy/daffy-duck 
Darkman,89.99,339.99,754.99,020295020026,18620,https://www.pricecharting.com/game/gameboy/darkman 
Darkwing Duck,24.99,124.99,294.99,013388120123,13333,https://www.pricecharting.com/game/gameboy/darkwing-duck 
Days of Thunder,11.99,49.99,109.99,050047105022,13334,https://www.pricecharting.com/game/gameboy/days-of-thunder 
Dead Heat Scramble,6.99,19.99,64.99,099451124588,13335,https://www.pricecharting.com/game/gameboy/dead-heat-scramble 
Dennis the Menace,6.99,159.99,344.99,020295020125,2809,https://www.pricecharting.com/game/gameboy/dennis-the-menace 
Desert Strike Return to the Gulf,9.99,49.99,119.99,758739220120,14958,https://www.pricecharting.com/game/gameboy/desert-strike-return-to-the-gulf 
Dexterity,6.99,19.99,139.99,151131041964,14164,https://www.pricecharting.com/game/gameboy/dexterity 
Dick Tracy,64.99,229.99,534.99,045557085308,13337,https://www.pricecharting.com/game/gameboy/dick-tracy 
Dig Dug,19.99,144.99,354.99,722674020145,13338,https://www.pricecharting.com/game/gameboy/dig-dug 
Donkey Kong,19.99,69.99,349.99,045496730352,2815,https://www.pricecharting.com/game/gameboy/donkey-kong 
Donkey Kong Land,8.99,39.99,384.99,045496730369,2817,https://www.pricecharting.com/game/gameboy/donkey-kong-land 
Donkey Kong Land 2,10.99,54.99,134.99,045496730529,2818,https://www.pricecharting.com/game/gameboy/donkey-kong-land-2 
Donkey Kong Land 3,12.99,84.99,339.99,045496730666,2819,https://www.pricecharting.com/game/gameboy/donkey-kong-land-3 
Double Dragon,10.99,34.99,89.99,031719199013,2820,https://www.pricecharting.com/game/gameboy/double-dragon 
Double Dragon III The Arcade Game,13.99,104.99,464.99,021481501091,13346,https://www.pricecharting.com/game/gameboy/double-dragon-iii-the-arcade-game 
Double Dragon II The Revenge,13.99,69.99,159.99,021481501060,13345,https://www.pricecharting.com/game/gameboy/double-dragon-ii-the-revenge 
Double Dribble 5 on 5,6.99,29.99,94.99,083717140047,13347,https://www.pricecharting.com/game/gameboy/double-dribble-5-on-5 
Dragonheart Fire & Steel,8.99,34.99,84.99,021481510581,13352,https://www.pricecharting.com/game/gameboy/dragonheart-fire-%26-steel 
Dragon's Lair: The Legend,11.99,24.99,59.99,090451204010,34012,https://www.pricecharting.com/game/gameboy/dragon's-lair-the-legend 
Dragon Tales Dragon Wings,ND,ND,ND,,,https://www.pricecharting.com/game/gameboy/dragon-tales-dragon-wings 
Dr. Franken,10.99,79.99,179.99,741648003021,13348,https://www.pricecharting.com/game/gameboy/dr-franken 
Dr. Franken II,13.99,99.99,269.99,032264800126,13349,https://www.pricecharting.com/game/gameboy/dr-franken-ii 
Dr. Mario,7.99,24.99,269.99,045496730086,2822,https://www.pricecharting.com/game/gameboy/dr-mario 
Duck Tales,15.99,99.99,704.99,785138320236,2835,https://www.pricecharting.com/game/gameboy/duck-tales 
Duck Tales 2,19.99,94.99,304.99,013388120178,2836,https://www.pricecharting.com/game/gameboy/duck-tales-2 
Earthworm Jim,10.99,49.99,269.99,796298067305,13357,https://www.pricecharting.com/game/gameboy/earthworm-jim 
Elevator Action,18.99,44.99,99.99,020588010444,13358,https://www.pricecharting.com/game/gameboy/elevator-action 
Elite Soccer,13.99,74.99,174.99,043948031033,13359,https://www.pricecharting.com/game/gameboy/elite-soccer 
Exodus: Journey to the Promised Land,15.99,54.99,104.99,016315110037,21132,https://www.pricecharting.com/game/gameboy/exodus-journey-to-the-promised-land 
Extra Bases,11.99,49.99,119.99,045557085209,13360,https://www.pricecharting.com/game/gameboy/extra-bases 
Extreme Green Game Boy Pocket LE,24.99,44.99,104.99,051500287002,16874,https://www.pricecharting.com/game/gameboy/extreme-green-game-boy-pocket-le 
F-15 Strike Eagle,9.99,24.99,54.99,019703170200,8930,https://www.pricecharting.com/game/gameboy/f-15-strike-eagle 
F-1 Race,ND,ND,ND,,,https://www.pricecharting.com/game/gameboy/f-1-race 
Faceball 2000,24.99,29.99,74.99,715504020408,10441,https://www.pricecharting.com/game/gameboy/faceball-2000 
Fastest Lap,13.99,154.99,354.99,097933200027,13363,https://www.pricecharting.com/game/gameboy/fastest-lap 
Felix the Cat,69.99,454.99,1354.99,039854000287,13364,https://www.pricecharting.com/game/gameboy/felix-the-cat 
Ferrari Grand Prix Challenge,2.99,24.99,59.99,021481501077,13365,https://www.pricecharting.com/game/gameboy/ferrari-grand-prix-challenge 
FIFA 97,ND,ND,ND,,,https://www.pricecharting.com/game/gameboy/fifa-97 
FIFA Soccer '96,7.99,89.99,124.99,,21081,https://www.pricecharting.com/game/gameboy/fifa-soccer-'96 
Final Fantasy Adventure,29.99,84.99,839.99,020763120081,2844,https://www.pricecharting.com/game/gameboy/final-fantasy-adventure 
Final Fantasy Legend,19.99,89.99,209.99,094689201018,2845,https://www.pricecharting.com/game/gameboy/final-fantasy-legend 
Final Fantasy Legend 2,24.99,99.99,344.99,094689211055020763120067,2846,https://www.pricecharting.com/game/gameboy/final-fantasy-legend-2 
Final Fantasy Legend 3,24.99,129.99,229.99,020763120074,2847,https://www.pricecharting.com/game/gameboy/final-fantasy-legend-3 
Fish Dude,34.99,174.99,404.99,,34770,https://www.pricecharting.com/game/gameboy/fish-dude 
Fist of the North Star,7.99,54.99,144.99,099451623883,13366,https://www.pricecharting.com/game/gameboy/fist-of-the-north-star 
Flintstones King Rock Treasure Island,29.99,149.99,354.99,020588010512,13469,https://www.pricecharting.com/game/gameboy/flintstones-king-rock-treasure-island 
Flintstones the Movie,8.99,19.99,44.99,020295020156,13470,https://www.pricecharting.com/game/gameboy/flintstones-the-movie 
Foreman for Real,3.99,19.99,44.99,021481510215,13368,https://www.pricecharting.com/game/gameboy/foreman-for-real 
Fortified Zone,12.99,29.99,69.99,032264800058,13369,https://www.pricecharting.com/game/gameboy/fortified-zone 
Fortress of Fear,9.99,39.99,94.99,021481501022,11844,https://www.pricecharting.com/game/gameboy/fortress-of-fear 
Frank Thomas Big Hurt Baseball,2.99,29.99,84.99,021481510185,13370,https://www.pricecharting.com/game/gameboy/frank-thomas-big-hurt-baseball 
Frommer's Travel Guide,6.99,12.99,39.99,043948530031,13371,https://www.pricecharting.com/game/gameboy/frommer's-travel-guide 
Game and Watch Gallery,9.99,29.99,74.99,045496730628,2851,https://www.pricecharting.com/game/gameboy/game-and-watch-gallery 
Gameboy Camera,49.99,69.99,119.99,045496710491,2204,https://www.pricecharting.com/game/gameboy/gameboy-camera 
Game Boy Printer,39.99,74.99,124.99,045496710453,20088,https://www.pricecharting.com/game/gameboy/game-boy-printer 
Game Genie for Gameboy,7.99,29.99,69.99,047246073597,18479,https://www.pricecharting.com/game/gameboy/game-genie-for-gameboy 
Gargoyles Quest,ND,ND,ND,,,https://www.pricecharting.com/game/gameboy/gargoyles-quest 
Gauntlet II,17.99,29.99,164.99,050047104995,2857,https://www.pricecharting.com/game/gameboy/gauntlet-ii 
Gear Works,7.99,44.99,104.99,090451206045,18694,https://www.pricecharting.com/game/gameboy/gear-works 
George Foreman's KO Boxing,2.99,15.99,79.99,021481501084,33799,https://www.pricecharting.com/game/gameboy/george-foreman's-ko-boxing 
Getaway,ND,ND,ND,,,https://www.pricecharting.com/game/gameboy/getaway 
Ghostbusters II,39.99,104.99,239.99,047875720039,13373,https://www.pricecharting.com/game/gameboy/ghostbusters-ii 
Goal,3.99,44.99,574.99,032264800102,13374,https://www.pricecharting.com/game/gameboy/goal 
Godzilla,14.99,144.99,339.99,091521100034,2862,https://www.pricecharting.com/game/gameboy/godzilla 
Go Go Tank,7.99,34.99,69.99,099451502706,2860,https://www.pricecharting.com/game/gameboy/go-go-tank 
Golf,7.99,49.99,109.99,045496730062,2866,https://www.pricecharting.com/game/gameboy/golf 
Gradius Interstellar Assault,29.99,99.99,269.99,083717140092,13375,https://www.pricecharting.com/game/gameboy/gradius-interstellar-assault 
Great Greed,119.99,334.99,774.99,722674020121,13376,https://www.pricecharting.com/game/gameboy/great-greed 
Green Game Boy Pocket,39.99,69.99,154.99,045496710309,16871,https://www.pricecharting.com/game/gameboy/green-game-boy-pocket 
Gremlins 2,9.99,24.99,59.99,077000855497,2869,https://www.pricecharting.com/game/gameboy/gremlins-2 
HAL Wrestling,4.99,6.99,17.99,040458633047,21130,https://www.pricecharting.com/game/gameboy/hal-wrestling 
Harvest Moon (Original Gameboy),ND,ND,ND,,,https://www.pricecharting.com/game/gameboy/harvest-moon-(original-gameboy) 
Hatris,13.99,24.99,84.99,715504020200,13377,https://www.pricecharting.com/game/gameboy/hatris 
Heavyweight Championship Boxing,6.99,29.99,74.99,047875720022,13378,https://www.pricecharting.com/game/gameboy/heavyweight-championship-boxing 
Heiankyo Alien,9.99,39.99,164.99,605527051131008433190015,31051,https://www.pricecharting.com/game/gameboy/heiankyo-alien 
Hercules,4.99,19.99,44.99,785138320175,13340,https://www.pricecharting.com/game/gameboy/hercules 
High Stakes,2.99,18.99,34.99,099451101398,13380,https://www.pricecharting.com/game/gameboy/high-stakes 
Hit the Ice,15.99,69.99,159.99,020588010581,13381,https://www.pricecharting.com/game/gameboy/hit-the-ice 
Home Alone,7.99,34.99,339.99,719575020046,13382,https://www.pricecharting.com/game/gameboy/home-alone 
Home Alone 2 Lost In New York,3.99,14.99,174.99,719575020183,2882,https://www.pricecharting.com/game/gameboy/home-alone-2-lost-in-new-york 
Hook,10.99,19.99,44.99,090451205017,13383,https://www.pricecharting.com/game/gameboy/hook 
Hot Wheels Stunt Track Driver,ND,ND,ND,,,https://www.pricecharting.com/game/gameboy/hot-wheels-stunt-track-driver 
Hoyle Casino,ND,ND,ND,,,https://www.pricecharting.com/game/gameboy/hoyle-casino 
Hudson Hawk,11.99,49.99,109.99,090451204034,13384,https://www.pricecharting.com/game/gameboy/hudson-hawk 
Hunchback of Notre Dame,6.99,39.99,94.99,785138320182,13385,https://www.pricecharting.com/game/gameboy/hunchback-of-notre-dame 
Hunt for Red October,6.99,29.99,54.99,087855000614,13386,https://www.pricecharting.com/game/gameboy/hunt-for-red-october 
Hyper Lode Runner,6.99,24.99,69.99,045557085001,10442,https://www.pricecharting.com/game/gameboy/hyper-lode-runner 
Indiana Jones Last Crusade,13.99,64.99,159.99,835603001020,13388,https://www.pricecharting.com/game/gameboy/indiana-jones-last-crusade 
InfoGenius Berlitz Spanish Translator,ND,ND,ND,,,https://www.pricecharting.com/game/gameboy/infogenius-berlitz-spanish-translator 
Infogenius Productivity Pack Berlitz French Translator,ND,ND,ND,,,https://www.pricecharting.com/game/gameboy/infogenius-productivity-pack-berlitz-french-translator 
InfoGenius: Spell Checker and Calculator,6.99,29.99,29.99,043948540030,21084,https://www.pricecharting.com/game/gameboy/infogenius-spell-checker-and-calculator 
International Superstar Soccer,10.99,94.99,519.99,083717140221,13390,https://www.pricecharting.com/game/gameboy/international-superstar-soccer 
In Your Face,3.99,24.99,59.99,032264800027,13387,https://www.pricecharting.com/game/gameboy/in-your-face 
Iron Man/X-O Manowar in Heavy Metal,ND,ND,ND,,,https://www.pricecharting.com/game/gameboy/iron-manx-o-manowar-in-heavy-metal 
Ishido: The Way of the Stones,ND,ND,ND,,,https://www.pricecharting.com/game/gameboy/ishido-the-way-of-the-stones 
Itchy and Scratchy Miniature Golf Madness,44.99,319.99,744.99,021481501138,2887,https://www.pricecharting.com/game/gameboy/itchy-and-scratchy-miniature-golf-madness 
Jack Nicklaus Golf,2.99,24.99,224.99,031719199174,13396,https://www.pricecharting.com/game/gameboy/jack-nicklaus-golf 
James Bond 007,ND,ND,ND,,,https://www.pricecharting.com/game/gameboy/james-bond-007 
Jeep Jamboree,11.99,69.99,164.99,052145810044,13397,https://www.pricecharting.com/game/gameboy/jeep-jamboree 
Jeopardy,6.99,15.99,44.99,043948520032,13399,https://www.pricecharting.com/game/gameboy/jeopardy 
Jeopardy Platinum Edition,7.99,34.99,79.99,043948510286,13400,https://www.pricecharting.com/game/gameboy/jeopardy-platinum-edition 
Jeopardy Sports Edition,7.99,18.99,69.99,043948021034,13398,https://www.pricecharting.com/game/gameboy/jeopardy-sports-edition 
Jeopardy Teen Tournament,7.99,24.99,104.99,043948510293,2890,https://www.pricecharting.com/game/gameboy/jeopardy-teen-tournament 
Jimmy Connors Tennis,154.99,844.99,1944.99,008888060932,13403,https://www.pricecharting.com/game/gameboy/jimmy-connors-tennis 
Joe and Mac,19.99,124.99,289.99,013252002555,15880,https://www.pricecharting.com/game/gameboy/joe-and-mac 
John Madden Football,ND,ND,ND,,,https://www.pricecharting.com/game/gameboy/john-madden-football 
Jordan vs Bird One on One,8.99,74.99,89.99,014633070866,13408,https://www.pricecharting.com/game/gameboy/jordan-vs-bird-one-on-one 
Joshua: The Battle of Jericho,34.99,39.99,94.99,,16189,https://www.pricecharting.com/game/gameboy/joshua-the-battle-of-jericho 
Judge Dredd,7.99,54.99,129.99,021481510178,13409,https://www.pricecharting.com/game/gameboy/judge-dredd 
Jungle Strike,7.99,9.99,24.99,758739220182,13411,https://www.pricecharting.com/game/gameboy/jungle-strike 
Jungle Wars,ND,ND,ND,,,https://www.pricecharting.com/game/gameboy/jungle-wars 
Jurassic Park,9.99,44.99,104.99,020295020118,2893,https://www.pricecharting.com/game/gameboy/jurassic-park 
Jurassic Park 2 The Chaos Continues,14.99,54.99,134.99,020295020163,2894,https://www.pricecharting.com/game/gameboy/jurassic-park-2-the-chaos-continues 
Kelly Club,3.99,24.99,39.99,020626712804,2895,https://www.pricecharting.com/game/gameboy/kelly-club 
Ken Griffey Jr Presents Major League Baseball,3.99,24.99,114.99,045496730604,13414,https://www.pricecharting.com/game/gameboy/ken-griffey-jr-presents-major-league-baseball 
Kid Dracula,179.99,689.99,1574.99,083717140139,10575,https://www.pricecharting.com/game/gameboy/kid-dracula 
Kid Icarus Of Myths and Monsters,19.99,134.99,259.99,045496730178,2896,https://www.pricecharting.com/game/gameboy/kid-icarus-of-myths-and-monsters 
Killer Instinct,7.99,39.99,99.99,045496730482,2897,https://www.pricecharting.com/game/gameboy/killer-instinct 
Kingdom Crusade,14.99,39.99,99.99,099451730598,13419,https://www.pricecharting.com/game/gameboy/kingdom-crusade 
King of Fighters 95,24.99,84.99,204.99,045496730581,13417,https://www.pricecharting.com/game/gameboy/king-of-fighters-95 
King of Fighters 96,ND,ND,ND,,,https://www.pricecharting.com/game/gameboy/king-of-fighters-96 
Kirby Pinball Land,ND,ND,ND,,,https://www.pricecharting.com/game/gameboy/kirby-pinball-land 
Kirby's Block Ball,15.99,54.99,179.99,045496730505,9214,https://www.pricecharting.com/game/gameboy/kirby's-block-ball 
Kirby's Dream Land,17.99,59.99,359.99,045496730239,2901,https://www.pricecharting.com/game/gameboy/kirby's-dream-land 
Kirby's Dream Land 2,24.99,104.99,669.99,045496730406,2898,https://www.pricecharting.com/game/gameboy/kirby's-dream-land-2 
Kirby's Star Stacker,19.99,174.99,554.99,045496730611,13420,https://www.pricecharting.com/game/gameboy/kirby's-star-stacker 
Knight's Quest,119.99,274.99,634.99,020588010420,13422,https://www.pricecharting.com/game/gameboy/knight's-quest 
Krusty's Fun House,13.99,59.99,139.99,021481501114,13424,https://www.pricecharting.com/game/gameboy/krusty's-fun-house 
Kung Fu Master,19.99,44.99,109.99,715664291014,13425,https://www.pricecharting.com/game/gameboy/kung-fu-master 
Kwirk,8.99,39.99,254.99,082852144477,2903,https://www.pricecharting.com/game/gameboy/kwirk 
Lamborghini American Challenge,19.99,34.99,84.99,091493440886,13427,https://www.pricecharting.com/game/gameboy/lamborghini-american-challenge 
Last Action Hero,11.99,124.99,249.99,090451206021,13428,https://www.pricecharting.com/game/gameboy/last-action-hero 
Lazlo's Leap,29.99,104.99,239.99,739711830186,13429,https://www.pricecharting.com/game/gameboy/lazlo's-leap 
Legend of the River King (Original Gameboy),ND,ND,ND,,,https://www.pricecharting.com/game/gameboy/legend-of-the-river-king-(original-gameboy) 
Lemmings,10.99,29.99,104.99,020295020132,34781,https://www.pricecharting.com/game/gameboy/lemmings 
Lethal Weapon,13.99,54.99,129.99,020295020088,13432,https://www.pricecharting.com/game/gameboy/lethal-weapon 
Little Mermaid,8.99,24.99,119.99,045496730673,2911,https://www.pricecharting.com/game/gameboy/little-mermaid 
Lock n Chase,8.99,29.99,69.99,820404772040,13435,https://www.pricecharting.com/game/gameboy/lock-n-chase 
Loopz,4.99,24.99,59.99,761513994476,2919,https://www.pricecharting.com/game/gameboy/loopz 
Lost World Jurassic Park,10.99,44.99,99.99,785138320250,13472,https://www.pricecharting.com/game/gameboy/lost-world-jurassic-park 
Madden 95,6.99,10.99,304.99,758739220090,13404,https://www.pricecharting.com/game/gameboy/madden-95 
Madden 96,2.99,34.99,134.99,785138320052,13405,https://www.pricecharting.com/game/gameboy/madden-96 
Madden 97,3.99,34.99,179.99,785138320144,13406,https://www.pricecharting.com/game/gameboy/madden-97 
Malibu Beach Volleyball,3.99,14.99,59.99,047875720015,13443,https://www.pricecharting.com/game/gameboy/malibu-beach-volleyball 
Mario's Picross,34.99,74.99,174.99,045496730413,13444,https://www.pricecharting.com/game/gameboy/mario's-picross 
Maru's Mission,17.99,229.99,529.99,032264800034,13445,https://www.pricecharting.com/game/gameboy/maru's-mission 
Maui Mallard in Cold Shadow,29.99,114.99,264.99,020763120043,20387,https://www.pricecharting.com/game/gameboy/maui-mallard-in-cold-shadow 
Megalit,24.99,104.99,244.99,026483300284,13455,https://www.pricecharting.com/game/gameboy/megalit 
Mega Man 2,19.99,144.99,449.99,013388120062,2931,https://www.pricecharting.com/game/gameboy/mega-man-2 
Mega Man 3,39.99,309.99,714.99,013388120116,13452,https://www.pricecharting.com/game/gameboy/mega-man-3 
Mega Man 4,99.99,924.99,2129.99,013388120161,13453,https://www.pricecharting.com/game/gameboy/mega-man-4 
Mega Man 5,169.99,1359.99,3129.99,013388120185,13451,https://www.pricecharting.com/game/gameboy/mega-man-5 
Mega Man Dr Wily Revenge,ND,ND,ND,,,https://www.pricecharting.com/game/gameboy/mega-man-dr-wily-revenge 
Mercenary Force,13.99,34.99,159.99,035046008680,13456,https://www.pricecharting.com/game/gameboy/mercenary-force 
Metal Masters,29.99,239.99,984.99,099451096557,13457,https://www.pricecharting.com/game/gameboy/metal-masters 
Metroid 2 Return of Samus,39.99,259.99,554.99,045496730192,2938,https://www.pricecharting.com/game/gameboy/metroid-2-return-of-samus 
Mickey Mouse Magic Wands,6.99,19.99,244.99,820629110214,19898,https://www.pricecharting.com/game/gameboy/mickey-mouse-magic-wands 
Mickey's Dangerous Chase,3.99,34.99,84.99,013388120048,2940,https://www.pricecharting.com/game/gameboy/mickey's-dangerous-chase 
Mickey's Ultimate Challenge,8.99,149.99,349.99,087855000669,13526,https://www.pricecharting.com/game/gameboy/mickey's-ultimate-challenge 
Micro Machines,7.99,24.99,54.99,020295020170,13184,https://www.pricecharting.com/game/gameboy/micro-machines 
Mighty Morphin Power Rangers,10.99,24.99,64.99,045557085506,2944,https://www.pricecharting.com/game/gameboy/mighty-morphin-power-rangers 
Millennium Winter Sports,1.99,9.99,13.99,083717140535,13530,https://www.pricecharting.com/game/gameboy/millennium-winter-sports 
Milon's Secret Castle,15.99,74.99,169.99,039854000225,13531,https://www.pricecharting.com/game/gameboy/milon's-secret-castle 
Miner 2049er,18.99,134.99,314.99,050047110255,13532,https://www.pricecharting.com/game/gameboy/miner-2049er 
Mole Mania,54.99,184.99,269.99,045496730567,2947,https://www.pricecharting.com/game/gameboy/mole-mania 
Monster Max,15.99,54.99,124.99,,13533,https://www.pricecharting.com/game/gameboy/monster-max 
Monster Truck Wars,6.99,24.99,59.99,021481501169,13535,https://www.pricecharting.com/game/gameboy/monster-truck-wars 
Mortal Kombat,11.99,49.99,859.99,021481501121,13536,https://www.pricecharting.com/game/gameboy/mortal-kombat 
Mortal Kombat 3,12.99,49.99,114.99,031719199440,2951,https://www.pricecharting.com/game/gameboy/mortal-kombat-3 
Mortal Kombat and Mortal Kombat II,19.99,184.99,1249.99,021481510888,2953,https://www.pricecharting.com/game/gameboy/mortal-kombat-and-mortal-kombat-ii 
Mortal Kombat II,10.99,34.99,429.99,021481510055,2954,https://www.pricecharting.com/game/gameboy/mortal-kombat-ii 
Motocross Maniacs,2.99,19.99,89.99,083717145004,13537,https://www.pricecharting.com/game/gameboy/motocross-maniacs 
Mouse Trap Hotel,6.99,74.99,179.99,099451717629,13538,https://www.pricecharting.com/game/gameboy/mouse-trap-hotel 
Mr. Chin's Gourmet Paradise,8.99,59.99,94.99,095474140109,13539,https://www.pricecharting.com/game/gameboy/mr-chin's-gourmet-paradise 
Mr. Do!,34.99,144.99,339.99,020295020033,13540,https://www.pricecharting.com/game/gameboy/mr-do 
Mr. Nutz,ND,ND,ND,,,https://www.pricecharting.com/game/gameboy/mr-nutz 
Ms. Pac-Man,3.99,18.99,69.99,722674020312,2957,https://www.pricecharting.com/game/gameboy/ms-pac-man 
Mysterium,10.99,29.99,89.99,096066910339,13541,https://www.pricecharting.com/game/gameboy/mysterium 
Mystical Ninja Starring Goemon,ND,ND,ND,,,https://www.pricecharting.com/game/gameboy/mystical-ninja-starring-goemon- 
Mystic Quest,ND,ND,ND,,,https://www.pricecharting.com/game/gameboy/mystic-quest 
Nail n Scale,24.99,94.99,224.99,013252002548,13559,https://www.pricecharting.com/game/gameboy/nail-n-scale 
Navy Seals,9.99,44.99,104.99,020295020040,13560,https://www.pricecharting.com/game/gameboy/navy-seals 
NBA 3 on 3 Featuring Kobe Bryant,7.99,29.99,59.99,045496731038,13542,https://www.pricecharting.com/game/gameboy/nba-3-on-3-featuring-kobe-bryant 
NBA Allstar Challenge,ND,ND,ND,,,https://www.pricecharting.com/game/gameboy/nba-allstar-challenge 
NBA Allstar Challenge 2,ND,ND,ND,,,https://www.pricecharting.com/game/gameboy/nba-allstar-challenge-2 
NBA Jam 99,ND,ND,ND,,,https://www.pricecharting.com/game/gameboy/nba-jam-99 
NBA Jam Tournament Edition,6.99,34.99,79.99,021481510123,13548,https://www.pricecharting.com/game/gameboy/nba-jam-tournament-edition 
NBA Live 96,6.99,34.99,79.99,785138320090,13549,https://www.pricecharting.com/game/gameboy/nba-live-96 
Nectaris,ND,ND,ND,,,https://www.pricecharting.com/game/gameboy/nectaris 
Nemesis,10.99,34.99,79.99,083717145028,2966,https://www.pricecharting.com/game/gameboy/nemesis 
New Chessmaster,7.99,19.99,54.99,087855000645,13475,https://www.pricecharting.com/game/gameboy/new-chessmaster 
NFL Football,1.99,12.99,29.99,083717140009,13552,https://www.pricecharting.com/game/gameboy/nfl-football 
NFL Quarterback Club,2.99,13.99,34.99,023582058146,13553,https://www.pricecharting.com/game/gameboy/nfl-quarterback-club 
NFL Quarterback Club 2,2.99,18.99,49.99,023582060101,13555,https://www.pricecharting.com/game/gameboy/nfl-quarterback-club-2 
NFL Quarterback Club 96,1.99,7.99,34.99,021481510376,13554,https://www.pricecharting.com/game/gameboy/nfl-quarterback-club-96 
NHL 95,ND,ND,ND,,,https://www.pricecharting.com/game/gameboy/nhl-95 
NHL 96,8.99,39.99,74.99,785138320076,13558,https://www.pricecharting.com/game/gameboy/nhl-96 
Nigel Mansell's World Championship Racing,7.99,24.99,74.99,043948030036,20101,https://www.pricecharting.com/game/gameboy/nigel-mansell's-world-championship-racing 
Ninja Boy,19.99,114.99,459.99,047743900075,13562,https://www.pricecharting.com/game/gameboy/ninja-boy 
Ninja Boy 2,29.99,909.99,2094.99,047743910104,13563,https://www.pricecharting.com/game/gameboy/ninja-boy-2 
Ninja Gaiden Shadow,44.99,204.99,474.99,018946080055,2971,https://www.pricecharting.com/game/gameboy/ninja-gaiden-shadow 
Ninja Taro,49.99,434.99,484.99,039471906023,13564,https://www.pricecharting.com/game/gameboy/ninja-taro 
NIV Bible and Lost Levels of Joshua,79.99,244.99,564.99,,19502,https://www.pricecharting.com/game/gameboy/niv-bible-and-lost-levels-of-joshua 
Nobunaga's Ambition,13.99,29.99,79.99,040198000222,13566,https://www.pricecharting.com/game/gameboy/nobunaga's-ambition 
Oddworld Adventures,10.99,29.99,139.99,742725169319,7411,https://www.pricecharting.com/game/gameboy/oddworld-adventures 
Olympic Summer Games,2.99,13.99,49.99,785138320120,13568,https://www.pricecharting.com/game/gameboy/olympic-summer-games 
Original Game Boy,ND,ND,ND,,,https://www.pricecharting.com/game/gameboy/original-game-boy 
Out of Gas,19.99,134.99,309.99,022909300067,13569,https://www.pricecharting.com/game/gameboy/out-of-gas 
Pac-Attack,9.99,54.99,129.99,722674020381,13574,https://www.pricecharting.com/game/gameboy/pac-attack 
Pac-in-Time,17.99,49.99,119.99,722674020428,13575,https://www.pricecharting.com/game/gameboy/pac-in-time 
Pac-Man,4.99,18.99,179.99,722674020060,2972,https://www.pricecharting.com/game/gameboy/pac-man 
Pac-Man Special Color Edition,ND,ND,ND,,,https://www.pricecharting.com/game/gameboy/pac-man-special-color-edition 
Pagemaster,3.99,39.99,99.99,086162701542,13576,https://www.pricecharting.com/game/gameboy/pagemaster 
Panel Action Bingo,6.99,29.99,69.99,022909300074,13578,https://www.pricecharting.com/game/gameboy/panel-action-bingo 
Paperboy,9.99,34.99,94.99,050047104759,21142,https://www.pricecharting.com/game/gameboy/paperboy 
Paperboy 2,7.99,29.99,74.99,050047110125,13579,https://www.pricecharting.com/game/gameboy/paperboy-2 
Paperboy (Original Gameboy),ND,ND,ND,,,https://www.pricecharting.com/game/gameboy/paperboy-(original-gameboy) 
Penguin Wars,8.99,79.99,189.99,093992030001,13580,https://www.pricecharting.com/game/gameboy/penguin-wars 
PGA European Tour,2.99,24.99,34.99,758739220205,13570,https://www.pricecharting.com/game/gameboy/pga-european-tour 
PGA Tour 96,1.99,18.99,44.99,785138320014,13571,https://www.pricecharting.com/game/gameboy/pga-tour-96 
Pinball Dreams,9.99,34.99,79.99,043948011035,13572,https://www.pricecharting.com/game/gameboy/pinball-dreams 
Pinball Fantasies,7.99,24.99,84.99,043948061030,13581,https://www.pricecharting.com/game/gameboy/pinball-fantasies 
Pinocchio,8.99,34.99,84.99,785138320168,13582,https://www.pricecharting.com/game/gameboy/pinocchio 
Pipe Dream,7.99,19.99,74.99,715504020101,13573,https://www.pricecharting.com/game/gameboy/pipe-dream 
Pit-Fighter,3.99,12.99,29.99,719575020053,13584,https://www.pricecharting.com/game/gameboy/pit-fighter 
Play Action Football,1.99,9.99,104.99,045496730123,13585,https://www.pricecharting.com/game/gameboy/play-action-football 
Pocahontas,3.99,24.99,129.99,785138320106,13587,https://www.pricecharting.com/game/gameboy/pocahontas 
Pokemon Blue,34.99,199.99,2929.99,045496730826,2979,https://www.pricecharting.com/game/gameboy/pokemon-blue 
Pokemon Red,34.99,239.99,1999.99,045496730734,2985,https://www.pricecharting.com/game/gameboy/pokemon-red 
Pokemon Yellow,34.99,224.99,1889.99,045496730895,2988,https://www.pricecharting.com/game/gameboy/pokemon-yellow 
Popeye 2,18.99,99.99,234.99,047875720046,13589,https://www.pricecharting.com/game/gameboy/popeye-2 
Power Racer,6.99,24.99,74.99,911776911776,21126,https://www.pricecharting.com/game/gameboy/power-racer 
Power Rangers The Movie,ND,ND,ND,,,https://www.pricecharting.com/game/gameboy/power-rangers-the-movie 
Prehistorik Man,19.99,59.99,134.99,091493442125,13593,https://www.pricecharting.com/game/gameboy/prehistorik-man 
Primal Rage,7.99,54.99,234.99,031763108528,13594,https://www.pricecharting.com/game/gameboy/primal-rage 
Prince of Persia,9.99,29.99,74.99,052145810037,34961,https://www.pricecharting.com/game/gameboy/prince-of-persia 
Prophecy of the Viking Child,9.99,39.99,89.99,043948080031,13597,https://www.pricecharting.com/game/gameboy/prophecy-of-the-viking-child 
Pro Pool,ND,ND,ND,,,https://www.pricecharting.com/game/gameboy/pro-pool 
Puzzle Master,ND,ND,ND,,,https://www.pricecharting.com/game/gameboy/puzzle-master 
Pyramids of Ra,10.99,59.99,139.99,035995727069,13599,https://www.pricecharting.com/game/gameboy/pyramids-of-ra 
Q*bert (Original Gameboy),ND,ND,ND,,,https://www.pricecharting.com/game/gameboy/q*bert-(original-gameboy) 
Q Billion,3.99,19.99,99.99,092826891016,13600,https://www.pricecharting.com/game/gameboy/q-billion 
Qix,3.99,24.99,64.99,045496730079,3001,https://www.pricecharting.com/game/gameboy/qix 
Quarth,8.99,24.99,64.99,083717145042,13601,https://www.pricecharting.com/game/gameboy/quarth 
Quest Brian's Journey,39.99,109.99,109.99,020763120180,3002,https://www.pricecharting.com/game/gameboy/quest-brian's-journey 
Race Days,9.99,15.99,39.99,043948071039,13603,https://www.pricecharting.com/game/gameboy/race-days 
Race Drivin,7.99,19.99,49.99,719575020138,13604,https://www.pricecharting.com/game/gameboy/race-drivin 
Radar Mission,3.99,24.99,44.99,045496730109,13605,https://www.pricecharting.com/game/gameboy/radar-mission 
Raging Fighter,3.99,64.99,149.99,083717140146,13606,https://www.pricecharting.com/game/gameboy/raging-fighter 
Rampart,24.99,109.99,714.99,032264800089,3008,https://www.pricecharting.com/game/gameboy/rampart 
Rats,ND,ND,ND,,,https://www.pricecharting.com/game/gameboy/rats 
Real Ghostbusters,19.99,124.99,284.99,047875720183,13478,https://www.pricecharting.com/game/gameboy/real-ghostbusters 
Ren & Stimpy Space Cadet Adventures,4.99,44.99,124.99,719575020121,13609,https://www.pricecharting.com/game/gameboy/ren-%26-stimpy-space-cadet-adventures 
Ren & Stimpy Veediots,ND,ND,ND,,,https://www.pricecharting.com/game/gameboy/ren-%26-stimpy-veediots 
Rescue of Princess Blobette,10.99,44.99,104.99,099451527501,13611,https://www.pricecharting.com/game/gameboy/rescue-of-princess-blobette 
Revelations the Demon Slayer,84.99,179.99,539.99,730865800018,13612,https://www.pricecharting.com/game/gameboy/revelations-the-demon-slayer 
Revenge of the Gator,8.99,19.99,44.99,871693003513,3013,https://www.pricecharting.com/game/gameboy/revenge-of-the-gator 
Riddick Bowe Boxing,7.99,39.99,89.99,027479500015,13614,https://www.pricecharting.com/game/gameboy/riddick-bowe-boxing 
Ring Rage,10.99,54.99,184.99,020588010680,13085,https://www.pricecharting.com/game/gameboy/ring-rage 
Road Rash (Original Gameboy),ND,ND,ND,,,https://www.pricecharting.com/game/gameboy/road-rash-(original-gameboy) 
Robin Hood Prince of Thieves,7.99,44.99,119.99,052145810068,13182,https://www.pricecharting.com/game/gameboy/robin-hood-prince-of-thieves 
RoboCop,11.99,39.99,99.99,091493443511,3017,https://www.pricecharting.com/game/gameboy/robocop 
Robocop 2,10.99,94.99,224.99,020295020071,13616,https://www.pricecharting.com/game/gameboy/robocop-2 
Robocop vs The Terminator,19.99,94.99,804.99,040421810208,13617,https://www.pricecharting.com/game/gameboy/robocop-vs-the-terminator 
Roger Clemens' MVP Baseball,4.99,13.99,34.99,023582058108,13619,https://www.pricecharting.com/game/gameboy/roger-clemens'-mvp-baseball 
Rolan's Curse,39.99,119.99,274.99,039471906016,13621,https://www.pricecharting.com/game/gameboy/rolan's-curse 
Rolan's Curse 2,149.99,219.99,509.99,039471906030,13620,https://www.pricecharting.com/game/gameboy/rolan's-curse-2 
R-Type,19.99,49.99,119.99,715664291021,13602,https://www.pricecharting.com/game/gameboy/r-type 
Sagaia,ND,ND,ND,,,https://www.pricecharting.com/game/gameboy/sagaia 
Samurai Shodown,19.99,64.99,399.99,026483300482,13626,https://www.pricecharting.com/game/gameboy/samurai-shodown 
SeaQuest DSV,11.99,54.99,359.99,758739220076,21129,https://www.pricecharting.com/game/gameboy/seaquest-dsv 
Serpent,9.99,29.99,134.99,040886221403,21128,https://www.pricecharting.com/game/gameboy/serpent 
Shanghai Pocket,ND,ND,ND,,,https://www.pricecharting.com/game/gameboy/shanghai-pocket 
Shaq Fu,54.99,109.99,519.99,785138320045,13630,https://www.pricecharting.com/game/gameboy/shaq-fu 
Side Pocket,4.99,19.99,59.99,013252002524,13631,https://www.pricecharting.com/game/gameboy/side-pocket 
Skate or Die 2 Tour de Thrash,12.99,139.99,329.99,014633070309,13633,https://www.pricecharting.com/game/gameboy/skate-or-die-2-tour-de-thrash 
Skate or Die Bad n Rad,3.99,24.99,359.99,083717140030,13634,https://www.pricecharting.com/game/gameboy/skate-or-die-bad-n-rad 
Small Soldiers,6.99,54.99,129.99,785138320274,3040,https://www.pricecharting.com/game/gameboy/small-soldiers 
Smurfs Nightmare,ND,ND,ND,,,https://www.pricecharting.com/game/gameboy/smurfs-nightmare 
Sneaky Snakes,12.99,39.99,94.99,031719199143,13635,https://www.pricecharting.com/game/gameboy/sneaky-snakes 
Snoopy Magic Show,3.99,39.99,89.99,045496730819,13636,https://www.pricecharting.com/game/gameboy/snoopy-magic-show 
Snow Brothers,84.99,399.99,919.99,013388120079,13637,https://www.pricecharting.com/game/gameboy/snow-brothers 
Soccer Mania,6.99,129.99,174.99,090451202016,20086,https://www.pricecharting.com/game/gameboy/soccer-mania 
Solar Striker,7.99,39.99,79.99,045496730055,13638,https://www.pricecharting.com/game/gameboy/solar-striker 
Solitaire Fun Pak,3.99,10.99,49.99,040421810130,13639,https://www.pricecharting.com/game/gameboy/solitaire-fun-pak 
Solomon's Club,10.99,39.99,89.99,018946080017,13640,https://www.pricecharting.com/game/gameboy/solomon's-club 
Space Invaders,9.99,24.99,99.99,045496730376,34639,https://www.pricecharting.com/game/gameboy/space-invaders 
Spanky's Quest,19.99,104.99,249.99,719593020035,13645,https://www.pricecharting.com/game/gameboy/spanky's-quest 
Spawn,ND,ND,ND,,,https://www.pricecharting.com/game/gameboy/spawn 
Speedball 2,11.99,49.99,114.99,050047110293,13646,https://www.pricecharting.com/game/gameboy/speedball-2 
Speedy Gonzales,10.99,59.99,144.99,020763110334,13647,https://www.pricecharting.com/game/gameboy/speedy-gonzales 
Spiderman 3,14.99,114.99,229.99,023582058139,13648,https://www.pricecharting.com/game/gameboy/spiderman-3 
Spiderman X-Men Arcade's Revenge,ND,ND,ND,,,https://www.pricecharting.com/game/gameboy/spiderman-x-men-arcade's-revenge 
Spiritual Warfare,29.99,94.99,219.99,061315110044,21125,https://www.pricecharting.com/game/gameboy/spiritual-warfare 
Sports Illustrated Championship Football & Baseball,3.99,12.99,54.99,758739220014,21124,https://www.pricecharting.com/game/gameboy/sports-illustrated-championship-football-%26-baseball 
Sports Illustrated for Kids the Ultimate Triple Dare,6.99,119.99,529.99,758739220045,13651,https://www.pricecharting.com/game/gameboy/sports-illustrated-for-kids-the-ultimate-triple-dare 
Sports Illustrated Golf Classic,3.99,19.99,94.99,758739220052,13650,https://www.pricecharting.com/game/gameboy/sports-illustrated-golf-classic 
Spot the Cool Adventure,8.99,164.99,404.99,052145810051,13652,https://www.pricecharting.com/game/gameboy/spot-the-cool-adventure 
Spot the Video Game,4.99,19.99,44.99,052145810013,13653,https://www.pricecharting.com/game/gameboy/spot-the-video-game 
Spud's Adventure,344.99,2029.99,4674.99,730865100019,13654,https://www.pricecharting.com/game/gameboy/spud's-adventure 
Spy vs. Spy (Original Gameboy),ND,ND,ND,,,https://www.pricecharting.com/game/gameboy/spy-vs-spy-(original-gameboy) 
Square Deal,5.99,24.99,64.99,739711830087,13656,https://www.pricecharting.com/game/gameboy/square-deal 
Stargate,8.99,34.99,84.99,021481510079,13659,https://www.pricecharting.com/game/gameboy/stargate 
Starhawk,ND,ND,ND,,,https://www.pricecharting.com/game/gameboy/starhawk 
Star Trek 25th Anniversary,10.99,24.99,64.99,083717145080,13657,https://www.pricecharting.com/game/gameboy/star-trek-25th-anniversary 
Star Trek Generations Beyond the Nexus,13.99,29.99,124.99,018706326942,10443,https://www.pricecharting.com/game/gameboy/star-trek-generations-beyond-the-nexus 
Star Trek the Next Generation,8.99,24.99,74.99,018706306937,13658,https://www.pricecharting.com/game/gameboy/star-trek-the-next-generation 
Star Wars,7.99,34.99,64.99,013388120130,3050,https://www.pricecharting.com/game/gameboy/star-wars 
Star Wars Empire Strikes Back,ND,ND,ND,,,https://www.pricecharting.com/game/gameboy/star-wars-empire-strikes-back 
Star Wars Episode I: Obi-Wan's Adventures,ND,ND,ND,,,https://www.pricecharting.com/game/gameboy/star-wars-episode-i-obi-wan's-adventures 
Star Wars Yoda Stories,ND,ND,ND,,,https://www.pricecharting.com/game/gameboy/star-wars-yoda-stories 
Stop that Roach,44.99,264.99,749.99,040198000734,13661,https://www.pricecharting.com/game/gameboy/stop-that-roach 
Street Fighter II,19.99,89.99,484.99,045496730444,3056,https://www.pricecharting.com/game/gameboy/street-fighter-ii 
Street Racer,6.99,64.99,144.99,008888120018,13662,https://www.pricecharting.com/game/gameboy/street-racer 
Sumo Fighter,154.99,1394.99,3209.99,739711830582,13663,https://www.pricecharting.com/game/gameboy/sumo-fighter 
Super Battletank,4.99,19.99,49.99,018706303943,13664,https://www.pricecharting.com/game/gameboy/super-battletank 
Super Black Bass,17.99,109.99,249.99,093455100180,13665,https://www.pricecharting.com/game/gameboy/super-black-bass 
Super Chase HQ,13.99,79.99,189.99,020588010765,13666,https://www.pricecharting.com/game/gameboy/super-chase-hq 
Super Hunchback,12.99,54.99,124.99,020295020057,13667,https://www.pricecharting.com/game/gameboy/super-hunchback 
Superman,8.99,74.99,174.99,091493443467,13669,https://www.pricecharting.com/game/gameboy/superman 
Super Mario Land,11.99,114.99,1594.99,045496730048,3059,https://www.pricecharting.com/game/gameboy/super-mario-land 
Super Mario Land 2,18.99,84.99,574.99,045496730253,3060,https://www.pricecharting.com/game/gameboy/super-mario-land-2 
Super Off Road,6.99,24.99,139.99,031719199167,13668,https://www.pricecharting.com/game/gameboy/super-off-road 
Super R.C. Pro-Am,3.99,18.99,109.99,045496730161,16470,https://www.pricecharting.com/game/gameboy/super-rc-pro-am 
Super Scrabble,4.99,15.99,39.99,032244040795,14393,https://www.pricecharting.com/game/gameboy/super-scrabble 
Super Star Wars Return of the Jedi,9.99,34.99,379.99,785138320083,10597,https://www.pricecharting.com/game/gameboy/super-star-wars-return-of-the-jedi 
Swamp Thing,39.99,164.99,444.99,719575020077,13179,https://www.pricecharting.com/game/gameboy/swamp-thing 
Sword of Hope,34.99,129.99,299.99,044499005030,13670,https://www.pricecharting.com/game/gameboy/sword-of-hope 
Sword of Hope II,109.99,254.99,594.99,741648003038,13671,https://www.pricecharting.com/game/gameboy/sword-of-hope-ii 
T2 The Arcade Game,9.99,44.99,99.99,023582058122,13672,https://www.pricecharting.com/game/gameboy/t2-the-arcade-game 
Tail Gator,59.99,419.99,969.99,719593020028,13674,https://www.pricecharting.com/game/gameboy/tail-gator 
TaleSpin,29.99,59.99,144.99,020763120036,13342,https://www.pricecharting.com/game/gameboy/talespin 
Tamagotchi,9.99,24.99,49.99,045557085605,3062,https://www.pricecharting.com/game/gameboy/tamagotchi 
Tarzan Lord of the Jungle,12.99,74.99,174.99,043948041032,13675,https://www.pricecharting.com/game/gameboy/tarzan-lord-of-the-jungle 
Tasmania Story,8.99,84.99,199.99,022909300029,13676,https://www.pricecharting.com/game/gameboy/tasmania-story 
Taz-Mania,4.99,24.99,89.99,785138320199,20125,https://www.pricecharting.com/game/gameboy/taz-mania 
Tazmania 2,3.99,39.99,79.99,020763110402,3065,https://www.pricecharting.com/game/gameboy/tazmania-2 
Teenage Mutant Ninja Turtles Fall of Foot Clan,10.99,109.99,249.99,083717145035,3068,https://www.pricecharting.com/game/gameboy/teenage-mutant-ninja-turtles-fall-of-foot-clan 
Teenage Mutant Ninja Turtles II Back from the Sewers,19.99,114.99,329.99,083717140061,13673,https://www.pricecharting.com/game/gameboy/teenage-mutant-ninja-turtles-ii-back-from-the-sewers 
Teenage Mutant Ninja Turtles III Radical Rescue,74.99,414.99,954.99,083717140160,13678,https://www.pricecharting.com/game/gameboy/teenage-mutant-ninja-turtles-iii-radical-rescue 
Tennis,6.99,24.99,154.99,045496730031,16083,https://www.pricecharting.com/game/gameboy/tennis 
Terminator 2 Judgement Day,ND,ND,ND,,,https://www.pricecharting.com/game/gameboy/terminator-2-judgement-day 
Tesserae,2.99,19.99,49.99,043948090030,13679,https://www.pricecharting.com/game/gameboy/tesserae 
Tetris,9.99,15.99,574.99,045496730277,3073,https://www.pricecharting.com/game/gameboy/tetris 
Tetris 2,6.99,14.99,119.99,045496730338,9965,https://www.pricecharting.com/game/gameboy/tetris-2 
Tetris Attack,6.99,24.99,104.99,045496730512,3074,https://www.pricecharting.com/game/gameboy/tetris-attack 
Tetris Blast,6.99,19.99,79.99,045496730499,13460,https://www.pricecharting.com/game/gameboy/tetris-blast 
Tetris Plus,9.99,24.99,54.99,045496730659,3076,https://www.pricecharting.com/game/gameboy/tetris-plus 
The Adventures of Rocky and Bullwinkle and Friends,7.99,49.99,134.99,719575020114,13463,https://www.pricecharting.com/game/gameboy/the-adventures-of-rocky-and-bullwinkle-and-friends 
The Fidgetts,8.99,54.99,124.99,032264800119,13467,https://www.pricecharting.com/game/gameboy/the-fidgetts 
The Flash,14.99,64.99,109.99,070989322226,13468,https://www.pricecharting.com/game/gameboy/the-flash 
The Humans,9.99,54.99,129.99,043948040035,3080,https://www.pricecharting.com/game/gameboy/the-humans 
The Jetsons Robot Panic,34.99,269.99,629.99,020588010550,3081,https://www.pricecharting.com/game/gameboy/the-jetsons-robot-panic 
The Jungle Book,2.99,24.99,229.99,785138320205,3082,https://www.pricecharting.com/game/gameboy/the-jungle-book 
The Lion King,7.99,19.99,129.99,785138320229,14392,https://www.pricecharting.com/game/gameboy/the-lion-king 
The Punisher,13.99,124.99,294.99,021481501046,13477,https://www.pricecharting.com/game/gameboy/the-punisher 
The Rugrats Movie (Original Gameboy),ND,ND,ND,,,https://www.pricecharting.com/game/gameboy/the-rugrats-movie-(original-gameboy) 
The Simpsons Bart and the Beanstalk,39.99,344.99,794.99,021481501145,13632,https://www.pricecharting.com/game/gameboy/the-simpsons-bart-and-the-beanstalk 
The Simpsons Bart vs the Juggernauts,11.99,59.99,139.99,021481501107,13285,https://www.pricecharting.com/game/gameboy/the-simpsons-bart-vs-the-juggernauts 
The Smurfs,7.99,24.99,74.99,045496730796,11971,https://www.pricecharting.com/game/gameboy/the-smurfs 
Tiny Toon Adventures Babs' Big Break,7.99,59.99,134.99,083717140085,13481,https://www.pricecharting.com/game/gameboy/tiny-toon-adventures-babs'-big-break 
Tiny Toon Adventures Montana's Movie Madness,ND,ND,ND,,,https://www.pricecharting.com/game/gameboy/tiny-toon-adventures-montana's-movie-madness 
Tiny Toon Adventures Wacky Sports,6.99,79.99,184.99,083717140177,13484,https://www.pricecharting.com/game/gameboy/tiny-toon-adventures-wacky-sports 
Titus the Fox,19.99,364.99,839.99,091493440442,34783,https://www.pricecharting.com/game/gameboy/titus-the-fox 
Tom and Jerry Frantic Antics,6.99,39.99,144.99,087855000676,13485,https://www.pricecharting.com/game/gameboy/tom-and-jerry-frantic-antics 
Tomb Raider,ND,ND,ND,,,https://www.pricecharting.com/game/gameboy/tomb-raider 
Top Gun Guts to Glory,9.99,29.99,99.99,083717140078,13180,https://www.pricecharting.com/game/gameboy/top-gun-guts-to-glory 
Top Rank Tennis,3.99,19.99,89.99,045496730284,13486,https://www.pricecharting.com/game/gameboy/top-rank-tennis 
Torpedo Range,6.99,69.99,144.99,095474170106,13487,https://www.pricecharting.com/game/gameboy/torpedo-range 
Total Carnage,15.99,94.99,219.99,758739220021,13488,https://www.pricecharting.com/game/gameboy/total-carnage 
Toxic Crusaders,339.99,1274.99,2934.99,045557085407,13491,https://www.pricecharting.com/game/gameboy/toxic-crusaders 
Toy Story,2.99,24.99,84.99,785138320113,3104,https://www.pricecharting.com/game/gameboy/toy-story 
Track & Field (Original Game Boy),ND,ND,ND,,,https://www.pricecharting.com/game/gameboy/track-%26-field-(original-game-boy) 
Track Meet,2.99,24.99,139.99,040421210077,13493,https://www.pricecharting.com/game/gameboy/track-meet 
Trax,34.99,89.99,209.99,040458422030,13494,https://www.pricecharting.com/game/gameboy/trax 
Trick Boarder,ND,ND,ND,,,https://www.pricecharting.com/game/gameboy/trick-boarder 
Triple Play 2001,ND,ND,ND,,,https://www.pricecharting.com/game/gameboy/triple-play-2001 
Trip World [PAL],189.99,704.99,1619.99,,46910,https://www.pricecharting.com/game/gameboy/trip-world-%5Bpal%5D 
True Lies,9.99,34.99,454.99,023582060088,13497,https://www.pricecharting.com/game/gameboy/true-lies 
Tumble Pop,59.99,114.99,269.99,013252002562,13498,https://www.pricecharting.com/game/gameboy/tumble-pop 
Turn And Burn The F-14 Dogfight Simulator,2.99,19.99,39.99,099451032524,15876,https://www.pricecharting.com/game/gameboy/turn-and-burn-the-f-14-dogfight-simulator 
Turok Battle of the Bionosaurs,9.99,44.99,149.99,021481510826,13086,https://www.pricecharting.com/game/gameboy/turok-battle-of-the-bionosaurs 
Turrican,19.99,119.99,314.99,015605021060,13500,https://www.pricecharting.com/game/gameboy/turrican 
Ultima Runes of Virtue,19.99,114.99,239.99,022909300043,13502,https://www.pricecharting.com/game/gameboy/ultima-runes-of-virtue 
Ultima Runes of Virtue II,49.99,129.99,279.99,022909300081,13503,https://www.pricecharting.com/game/gameboy/ultima-runes-of-virtue-ii 
Ultra Golf,2.99,19.99,49.99,083717145073,13506,https://www.pricecharting.com/game/gameboy/ultra-golf 
Universal Soldier,44.99,119.99,279.99,015605022067,13507,https://www.pricecharting.com/game/gameboy/universal-soldier 
Urban Strike,7.99,17.99,39.99,785138320021,3111,https://www.pricecharting.com/game/gameboy/urban-strike 
Vegas Stakes,2.99,14.99,24.99,045496730475,13509,https://www.pricecharting.com/game/gameboy/vegas-stakes 
Wario Blast,15.99,74.99,169.99,045496730390,3117,https://www.pricecharting.com/game/gameboy/wario-blast 
Wario Land II (Original Gameboy),ND,ND,ND,,,https://www.pricecharting.com/game/gameboy/wario-land-ii-(original-gameboy) 
Wario Land Super Mario Land 3,19.99,89.99,539.99,045496730321,3119,https://www.pricecharting.com/game/gameboy/wario-land-super-mario-land-3 
Wave Race,3.99,39.99,59.99,045496730222,7496,https://www.pricecharting.com/game/gameboy/wave-race 
Wayne's World,94.99,194.99,449.99,719575020145,13518,https://www.pricecharting.com/game/gameboy/wayne's-world 
WCW The Main Event,24.99,109.99,524.99,022909300098,13510,https://www.pricecharting.com/game/gameboy/wcw-the-main-event 
We're Back A Dinosaur Story,7.99,79.99,184.99,087855000652,13519,https://www.pricecharting.com/game/gameboy/we're-back-a-dinosaur-story 
Wheel of Fortune,2.99,13.99,24.99,043948010038,3124,https://www.pricecharting.com/game/gameboy/wheel-of-fortune 
Who Framed Roger Rabbit,12.99,29.99,74.99,013388120031,7498,https://www.pricecharting.com/game/gameboy/who-framed-roger-rabbit 
WildSnake,8.99,14.99,54.99,085004211317,13522,https://www.pricecharting.com/game/gameboy/wildsnake 
Wings of Fury,ND,ND,ND,,,https://www.pricecharting.com/game/gameboy/wings-of-fury 
Wordtris,6.99,24.99,59.99,085004108310,20079,https://www.pricecharting.com/game/gameboy/wordtris 
Wordzap,4.99,15.99,39.99,032264800072,3129,https://www.pricecharting.com/game/gameboy/wordzap 
World Bowling,4.99,14.99,59.99,095474120101,13523,https://www.pricecharting.com/game/gameboy/world-bowling 
World Circuit Series,6.99,64.99,149.99,083717145011,21127,https://www.pricecharting.com/game/gameboy/world-circuit-series 
World Cup 98,6.99,24.99,69.99,785138320281,13680,https://www.pricecharting.com/game/gameboy/world-cup-98 
World Cup Soccer,ND,ND,ND,,,https://www.pricecharting.com/game/gameboy/world-cup-soccer 
World Heroes 2 Jet,29.99,174.99,399.99,796298067329,13681,https://www.pricecharting.com/game/gameboy/world-heroes-2-jet 
WWF King of the Ring,2.99,29.99,114.99,023582058153,13512,https://www.pricecharting.com/game/gameboy/wwf-king-of-the-ring 
WWF Raw,6.99,19.99,64.99,023582060064,13513,https://www.pricecharting.com/game/gameboy/wwf-raw 
WWF Superstars,4.99,49.99,79.99,023582058030,13514,https://www.pricecharting.com/game/gameboy/wwf-superstars 
WWF Superstars 2,10.99,49.99,149.99,023582058092,13515,https://www.pricecharting.com/game/gameboy/wwf-superstars-2 
WWF Warzone,2.99,29.99,69.99,021481511588,13517,https://www.pricecharting.com/game/gameboy/wwf-warzone 
Xenon 2,24.99,49.99,114.99,050047110309,13682,https://www.pricecharting.com/game/gameboy/xenon-2 
XVII Olympic Winter Games Lillehammer 94,ND,ND,ND,,,https://www.pricecharting.com/game/gameboy/xvii-olympic-winter-games-lillehammer-94 
Yellow Game Boy Pocket,14.99,49.99,114.99,045496710323,16872,https://www.pricecharting.com/game/gameboy/yellow-game-boy-pocket 
Yoshi,6.99,34.99,159.99,045496730215,3138,https://www.pricecharting.com/game/gameboy/yoshi 
Yoshi's Cookie,7.99,39.99,209.99,045496730260,3139,https://www.pricecharting.com/game/gameboy/yoshi's-cookie 
Zelda Link's Awakening,29.99,184.99,929.99,045496730291045496730345,16123,https://www.pricecharting.com/game/gameboy/zelda-link's-awakening 
Zen Intergalactic Ninja,34.99,124.99,289.99,083717140115,13687,https://www.pricecharting.com/game/gameboy/zen-intergalactic-ninja 
Zool Ninja of the Nth Dimension,34.99,269.99,624.99,043948091037,13689,https://www.pricecharting.com/game/gameboy/zool-ninja-of-the-nth-dimension 
Zoop,3.99,15.99,34.99,040824238005,10907,https://www.pricecharting.com/game/gameboy/zoop 
