2006 FIFA World Cup,1,0,,http://videogames.pricecharting.com/game/gameboy-advance/2006-fifa-world-cup 
3D Pool,0,0,0,http://videogames.pricecharting.com/game/gameboy-advance/3d-pool 
3-in-1 Rec Room Challenge,0,0,,http://videogames.pricecharting.com/game/gameboy-advance/3-in-1-rec-room-challenge 
3-in-1 Sports Pack,0,0,,http://videogames.pricecharting.com/game/gameboy-advance/3-in-1-sports-pack 
A Boy and His Blob Jelly's Cosmic Adventure,,,,http://videogames.pricecharting.com/game/gameboy-advance/a-boy-and-his-blob-jelly's-cosmic-adventure 
Ace Combat Advance,2,0,1,http://videogames.pricecharting.com/game/gameboy-advance/ace-combat-advance 
Action Replay Advance,,,,http://videogames.pricecharting.com/game/gameboy-advance/action-replay-advance 
Activision Anthology,4,1,0,http://videogames.pricecharting.com/game/gameboy-advance/activision-anthology 
Advance Guardian Heroes,4,1,1,http://videogames.pricecharting.com/game/gameboy-advance/advance-guardian-heroes 
Advance Wars,60,8,1,http://videogames.pricecharting.com/game/gameboy-advance/advance-wars 
Advance Wars 2,30,8,1,http://videogames.pricecharting.com/game/gameboy-advance/advance-wars-2 
Aerial Aces,,,,http://videogames.pricecharting.com/game/gameboy-advance/aerial-aces 
Aero the Acro-Bat,1,0,0,http://videogames.pricecharting.com/game/gameboy-advance/aero-the-acro-bat 
Agassi Tennis Generation,0,0,,http://videogames.pricecharting.com/game/gameboy-advance/agassi-tennis-generation 
Aggravation/ Sorry/ Scrabble Jr,2,0,0,http://videogames.pricecharting.com/game/gameboy-advance/aggravation-sorry-scrabble-jr 
Aggressive Inline,0,0,,http://videogames.pricecharting.com/game/gameboy-advance/aggressive-inline 
Airforce Delta Storm,1,0,0,http://videogames.pricecharting.com/game/gameboy-advance/airforce-delta-storm 
Aladdin,2,0,0,http://videogames.pricecharting.com/game/gameboy-advance/aladdin 
Alex Rider Stormbreaker,1,0,0,http://videogames.pricecharting.com/game/gameboy-advance/alex-rider-stormbreaker 
Alienators Evolution Continues,0,0,0,http://videogames.pricecharting.com/game/gameboy-advance/alienators-evolution-continues 
All Grown Up Volume 1,1,0,,http://videogames.pricecharting.com/game/gameboy-advance/all-grown-up-volume-1 
All-Star Baseball 2003,1,,,http://videogames.pricecharting.com/game/gameboy-advance/all-star-baseball-2003 
All-Star Baseball 2004,1,0,0,http://videogames.pricecharting.com/game/gameboy-advance/all-star-baseball-2004 
Altered Beast Guardian of the Realms,4,0,0,http://videogames.pricecharting.com/game/gameboy-advance/altered-beast-guardian-of-the-realms 
Amazing Virtual Sea-Monkeys,0,0,,http://videogames.pricecharting.com/game/gameboy-advance/amazing-virtual-sea-monkeys 
American Bass Challenge,1,0,,http://videogames.pricecharting.com/game/gameboy-advance/american-bass-challenge 
American Dragon Jake Long Rise of the Huntsclan,0,0,0,http://videogames.pricecharting.com/game/gameboy-advance/american-dragon-jake-long-rise-of-the-huntsclan 
American Idol,1,0,0,http://videogames.pricecharting.com/game/gameboy-advance/american-idol 
An American Tail Fievel's Gold Rush,0,0,0,http://videogames.pricecharting.com/game/gameboy-advance/an-american-tail-fievel's-gold-rush 
Animal Crossing-e: Series 1,0,1,,http://videogames.pricecharting.com/game/gameboy-advance/animal-crossing-e-series-1 
Animal Snap,0,0,,http://videogames.pricecharting.com/game/gameboy-advance/animal-snap 
Animaniacs Lights Camera Action,0,0,0,http://videogames.pricecharting.com/game/gameboy-advance/animaniacs-lights-camera-action 
Ant Bully,1,0,0,http://videogames.pricecharting.com/game/gameboy-advance/ant-bully 
Antz Extreme Racing,1,0,,http://videogames.pricecharting.com/game/gameboy-advance/antz-extreme-racing 
Arctic Tale,0,0,,http://videogames.pricecharting.com/game/gameboy-advance/arctic-tale 
Army Men Advance,2,0,0,http://videogames.pricecharting.com/game/gameboy-advance/army-men-advance 
Army Men Operation Green,1,0,,http://videogames.pricecharting.com/game/gameboy-advance/army-men-operation-green 
Army Men Turf War,1,0,,http://videogames.pricecharting.com/game/gameboy-advance/army-men-turf-war 
Around the World in 80 Days,1,0,,http://videogames.pricecharting.com/game/gameboy-advance/around-the-world-in-80-days 
Arthur and the Invisibles,0,0,0,http://videogames.pricecharting.com/game/gameboy-advance/arthur-and-the-invisibles 
A Sound of Thunder,0,0,,http://videogames.pricecharting.com/game/gameboy-advance/a-sound-of-thunder 
Asteroids / Pong / Yar's Revenge,4,0,1,http://videogames.pricecharting.com/game/gameboy-advance/asteroids-pong-yar's-revenge 
Astro Boy Omega Factor,8,4,1,http://videogames.pricecharting.com/game/gameboy-advance/astro-boy-omega-factor 
Atari Anniversary Advance,4,0,0,http://videogames.pricecharting.com/game/gameboy-advance/atari-anniversary-advance 
Atomic Betty,0,0,0,http://videogames.pricecharting.com/game/gameboy-advance/atomic-betty 
ATV Quad Power Racing,1,0,0,http://videogames.pricecharting.com/game/gameboy-advance/atv-quad-power-racing 
ATV Thunder Ridge Riders,1,0,,http://videogames.pricecharting.com/game/gameboy-advance/atv-thunder-ridge-riders 
Avatar The Burning Earth,1,0,0,http://videogames.pricecharting.com/game/gameboy-advance/avatar-the-burning-earth 
Avatar the Last Airbender,4,0,1,http://videogames.pricecharting.com/game/gameboy-advance/avatar-the-last-airbender 
Babar: To the Rescue,0,0,,http://videogames.pricecharting.com/game/gameboy-advance/babar-to-the-rescue 
BackTrack,0,0,0,http://videogames.pricecharting.com/game/gameboy-advance/backtrack 
Backyard Baseball,2,0,0,http://videogames.pricecharting.com/game/gameboy-advance/backyard-baseball 
Backyard Baseball 2006,2,0,0,http://videogames.pricecharting.com/game/gameboy-advance/backyard-baseball-2006 
Backyard Baseball 2007,1,0,0,http://videogames.pricecharting.com/game/gameboy-advance/backyard-baseball-2007 
Backyard Basketball,1,0,0,http://videogames.pricecharting.com/game/gameboy-advance/backyard-basketball 
Backyard Basketball 2007,1,0,,http://videogames.pricecharting.com/game/gameboy-advance/backyard-basketball-2007 
Backyard Football,2,0,0,http://videogames.pricecharting.com/game/gameboy-advance/backyard-football 
Backyard Football 2006,1,0,0,http://videogames.pricecharting.com/game/gameboy-advance/backyard-football-2006 
Backyard Football 2007,1,0,,http://videogames.pricecharting.com/game/gameboy-advance/backyard-football-2007 
Backyard Hockey,1,0,0,http://videogames.pricecharting.com/game/gameboy-advance/backyard-hockey 
Backyard Skateboarding,1,0,0,http://videogames.pricecharting.com/game/gameboy-advance/backyard-skateboarding 
Baldur's Gate Dark Alliance,4,0,0,http://videogames.pricecharting.com/game/gameboy-advance/baldur's-gate-dark-alliance 
Ballistic Ecks vs Sever,1,0,0,http://videogames.pricecharting.com/game/gameboy-advance/ballistic-ecks-vs-sever 
Balloon Fight Ecard,0,0,,http://videogames.pricecharting.com/game/gameboy-advance/balloon-fight-ecard 
Banjo Kazooie Grunty's Revenge,12,1,0,http://videogames.pricecharting.com/game/gameboy-advance/banjo-kazooie-grunty's-revenge 
Banjo Pilot,4,0,0,http://videogames.pricecharting.com/game/gameboy-advance/banjo-pilot 
Barbarian,,,,http://videogames.pricecharting.com/game/gameboy-advance/barbarian 
Barbie and the Magic of Pegasus,1,0,0,http://videogames.pricecharting.com/game/gameboy-advance/barbie-and-the-magic-of-pegasus 
Barbie Compilation,,,,http://videogames.pricecharting.com/game/gameboy-advance/barbie-compilation 
Barbie Diaries High School Mystery,1,0,0,http://videogames.pricecharting.com/game/gameboy-advance/barbie-diaries-high-school-mystery 
Barbie Groovy Games,1,0,0,http://videogames.pricecharting.com/game/gameboy-advance/barbie-groovy-games 
Barbie Horse Adventures Blue Ribbon Race,1,0,0,http://videogames.pricecharting.com/game/gameboy-advance/barbie-horse-adventures-blue-ribbon-race 
Barbie In The 12 Dancing Princesses,,,,http://videogames.pricecharting.com/game/gameboy-advance/barbie-in-the-12-dancing-princesses 
Barbie Island Princess,1,0,0,http://videogames.pricecharting.com/game/gameboy-advance/barbie-island-princess 
Barbie Princess and the Pauper,1,0,,http://videogames.pricecharting.com/game/gameboy-advance/barbie-princess-and-the-pauper 
Barbie Secret Agent Barbie,4,0,0,http://videogames.pricecharting.com/game/gameboy-advance/barbie-secret-agent-barbie 
Barbie Superpack,1,0,0,http://videogames.pricecharting.com/game/gameboy-advance/barbie-superpack 
Barnyard,1,0,0,http://videogames.pricecharting.com/game/gameboy-advance/barnyard 
Baseball Advance,1,0,0,http://videogames.pricecharting.com/game/gameboy-advance/baseball-advance 
Batman Begins,4,0,0,http://videogames.pricecharting.com/game/gameboy-advance/batman-begins 
Batman Rise of Sin Tzu,2,0,0,http://videogames.pricecharting.com/game/gameboy-advance/batman-rise-of-sin-tzu 
Batman Vengeance,4,0,0,http://videogames.pricecharting.com/game/gameboy-advance/batman-vengeance 
Battle B-Daman,1,0,1,http://videogames.pricecharting.com/game/gameboy-advance/battle-b-daman 
Battle B-Daman: Fire Spirits,1,0,1,http://videogames.pricecharting.com/game/gameboy-advance/battle-b-daman-fire-spirits 
Battlebots Beyond the Battlebox,1,0,,http://videogames.pricecharting.com/game/gameboy-advance/battlebots-beyond-the-battlebox 
Battlebots Design and Destroy,4,0,0,http://videogames.pricecharting.com/game/gameboy-advance/battlebots-design-and-destroy 
Battle for Bikini Bottom & Freeze Frame Frenzy Double Pack,1,0,0,http://videogames.pricecharting.com/game/gameboy-advance/battle-for-bikini-bottom-%26-freeze-frame-frenzy-double-pack 
Bee Game,0,0,,http://videogames.pricecharting.com/game/gameboy-advance/bee-game 
Bejeweled,,,,http://videogames.pricecharting.com/game/gameboy-advance/bejeweled 
Berenstain Bears and the Spooky Old Tree,1,0,0,http://videogames.pricecharting.com/game/gameboy-advance/berenstain-bears-and-the-spooky-old-tree 
Beyblade Grevolution,2,0,0,http://videogames.pricecharting.com/game/gameboy-advance/beyblade-grevolution 
Beyblade V Force,4,0,0,http://videogames.pricecharting.com/game/gameboy-advance/beyblade-v-force 
Big Mutha Truckers,1,0,,http://videogames.pricecharting.com/game/gameboy-advance/big-mutha-truckers 
Bionicle Heroes,1,0,0,http://videogames.pricecharting.com/game/gameboy-advance/bionicle-heroes 
Bionicle Matoran Adventures,1,0,0,http://videogames.pricecharting.com/game/gameboy-advance/bionicle-matoran-adventures 
Bionicle Maze of Shadows,1,0,,http://videogames.pricecharting.com/game/gameboy-advance/bionicle-maze-of-shadows 
Bionicle The Game,1,0,0,http://videogames.pricecharting.com/game/gameboy-advance/bionicle-the-game 
Black and Silver Gameboy Advance SP,4,,,http://videogames.pricecharting.com/game/gameboy-advance/black-and-silver-gameboy-advance-sp 
Black Belt Challenge,,,,http://videogames.pricecharting.com/game/gameboy-advance/black-belt-challenge 
Black Gameboy Advanced System,12,1,1,http://videogames.pricecharting.com/game/gameboy-advance/black-gameboy-advanced-system 
Black Gameboy Advance SP,12,1,1,http://videogames.pricecharting.com/game/gameboy-advance/black-gameboy-advance-sp 
Blackthorne,1,0,0,http://videogames.pricecharting.com/game/gameboy-advance/blackthorne 
Blades of Thunder,1,0,,http://videogames.pricecharting.com/game/gameboy-advance/blades-of-thunder 
Blender Bros,0,0,,http://videogames.pricecharting.com/game/gameboy-advance/blender-bros 
BMX Trick Racer,0,0,0,http://videogames.pricecharting.com/game/gameboy-advance/bmx-trick-racer 
Board Game Classics,1,0,0,http://videogames.pricecharting.com/game/gameboy-advance/board-game-classics 
Boktai 2 Solar Boy Django,4,1,0,http://videogames.pricecharting.com/game/gameboy-advance/boktai-2-solar-boy-django 
Boktai Sun in Your Hands,8,2,1,http://videogames.pricecharting.com/game/gameboy-advance/boktai-sun-in-your-hands 
Bomberman Max 2 Blue,4,0,0,http://videogames.pricecharting.com/game/gameboy-advance/bomberman-max-2-blue 
Bomberman Max 2 Red,2,0,0,http://videogames.pricecharting.com/game/gameboy-advance/bomberman-max-2-red 
Bomberman NES Series,4,1,2,http://videogames.pricecharting.com/game/gameboy-advance/bomberman-nes-series 
Bomberman Tournament,4,1,0,http://videogames.pricecharting.com/game/gameboy-advance/bomberman-tournament 
Bonx Racers,,,,http://videogames.pricecharting.com/game/gameboy-advance/bonx-racers 
Bookworm,1,0,0,http://videogames.pricecharting.com/game/gameboy-advance/bookworm 
Boulder Dash EX,1,0,0,http://videogames.pricecharting.com/game/gameboy-advance/boulder-dash-ex 
Boxing Fever,1,0,0,http://videogames.pricecharting.com/game/gameboy-advance/boxing-fever 
Bratz,1,0,1,http://videogames.pricecharting.com/game/gameboy-advance/bratz 
Bratz Babyz,1,0,,http://videogames.pricecharting.com/game/gameboy-advance/bratz-babyz 
Bratz Forever Diamondz,1,1,,http://videogames.pricecharting.com/game/gameboy-advance/bratz-forever-diamondz 
Bratz Rock Angelz,2,0,0,http://videogames.pricecharting.com/game/gameboy-advance/bratz-rock-angelz 
Bratz: The Movie,1,2,,http://videogames.pricecharting.com/game/gameboy-advance/bratz-the-movie 
Breath of Fire,8,4,0,http://videogames.pricecharting.com/game/gameboy-advance/breath-of-fire 
Breath of Fire II,8,4,1,http://videogames.pricecharting.com/game/gameboy-advance/breath-of-fire-ii 
Britney's Dance Beat,1,0,0,http://videogames.pricecharting.com/game/gameboy-advance/britney's-dance-beat 
Broken Sword The Shadow of the Templars,1,0,0,http://videogames.pricecharting.com/game/gameboy-advance/broken-sword-the-shadow-of-the-templars 
Brother Bear,4,0,0,http://videogames.pricecharting.com/game/gameboy-advance/brother-bear 
Bruce Lee,1,0,0,http://videogames.pricecharting.com/game/gameboy-advance/bruce-lee 
Bubble Bobble Old and New,4,0,0,http://videogames.pricecharting.com/game/gameboy-advance/bubble-bobble-old-and-new 
Buffy the Vampire Slayer Wrath of the Darkhul King,1,0,0,http://videogames.pricecharting.com/game/gameboy-advance/buffy-the-vampire-slayer-wrath-of-the-darkhul-king 
Butt Ugly Martians BKM Battles,1,0,0,http://videogames.pricecharting.com/game/gameboy-advance/butt-ugly-martians-bkm-battles 
Cabbage Patch Kids Patch Puppy Rescue,1,0,,http://videogames.pricecharting.com/game/gameboy-advance/cabbage-patch-kids-patch-puppy-rescue 
Cabela's Big Game Hunter,1,0,0,http://videogames.pricecharting.com/game/gameboy-advance/cabela's-big-game-hunter 
Cabela's Big Game Hunter 2005 Adventures,0,0,,http://videogames.pricecharting.com/game/gameboy-advance/cabela's-big-game-hunter-2005-adventures 
Cabela's Sportsman's Pack,,,,http://videogames.pricecharting.com/game/gameboy-advance/cabela's-sportsman's-pack 
Caesar's Palace Advance,1,0,0,http://videogames.pricecharting.com/game/gameboy-advance/caesar's-palace-advance 
Camp Lazlo Leaky Lake Games,0,0,0,http://videogames.pricecharting.com/game/gameboy-advance/camp-lazlo-leaky-lake-games 
Candy Land/Chutes and Ladders/Memory,2,0,0,http://videogames.pricecharting.com/game/gameboy-advance/candy-landchutes-and-laddersmemory 
Capcom Classics Mini Mix,4,1,1,http://videogames.pricecharting.com/game/gameboy-advance/capcom-classics-mini-mix 
Car Battler Joe,1,0,0,http://videogames.pricecharting.com/game/gameboy-advance/car-battler-joe 
Care Bears Care Quest,1,0,0,http://videogames.pricecharting.com/game/gameboy-advance/care-bears-care-quest 
Cars,4,0,0,http://videogames.pricecharting.com/game/gameboy-advance/cars 
Cars Mater-National Championship,1,0,0,http://videogames.pricecharting.com/game/gameboy-advance/cars-mater-national-championship 
Cartoon Network Block Party,2,0,0,http://videogames.pricecharting.com/game/gameboy-advance/cartoon-network-block-party 
Cartoon Network Speedway,4,0,0,http://videogames.pricecharting.com/game/gameboy-advance/cartoon-network-speedway 
Cartoon Network Speedway: Special Edition,0,,,http://videogames.pricecharting.com/game/gameboy-advance/cartoon-network-speedway-special-edition 
Cartoon Network Superpack,0,0,0,http://videogames.pricecharting.com/game/gameboy-advance/cartoon-network-superpack 
Casper,0,0,,http://videogames.pricecharting.com/game/gameboy-advance/casper 
Castlevania Aria of Sorrow,30,8,1,http://videogames.pricecharting.com/game/gameboy-advance/castlevania-aria-of-sorrow 
Castlevania Circle of the Moon,60,8,1,http://videogames.pricecharting.com/game/gameboy-advance/castlevania-circle-of-the-moon 
Castlevania Double Pack,30,4,1,http://videogames.pricecharting.com/game/gameboy-advance/castlevania-double-pack 
Castlevania Harmony of Dissonance,30,4,1,http://videogames.pricecharting.com/game/gameboy-advance/castlevania-harmony-of-dissonance 
Castlevania NES Series,12,4,1,http://videogames.pricecharting.com/game/gameboy-advance/castlevania-nes-series 
Catwoman,1,0,0,http://videogames.pricecharting.com/game/gameboy-advance/catwoman 
Catz,2,0,0,http://videogames.pricecharting.com/game/gameboy-advance/catz 
Centipede Breakout and Warlords,1,0,1,http://videogames.pricecharting.com/game/gameboy-advance/centipede-breakout-and-warlords 
Charlie and the Chocolate Factory,2,0,0,http://videogames.pricecharting.com/game/gameboy-advance/charlie-and-the-chocolate-factory 
Charlotte's Web,1,0,1,http://videogames.pricecharting.com/game/gameboy-advance/charlotte's-web 
Chessmaster,1,0,0,http://videogames.pricecharting.com/game/gameboy-advance/chessmaster 
Chicken Little,4,0,0,http://videogames.pricecharting.com/game/gameboy-advance/chicken-little 
Chicken Shoot,1,0,0,http://videogames.pricecharting.com/game/gameboy-advance/chicken-shoot 
Chicken Shoot 2,1,0,0,http://videogames.pricecharting.com/game/gameboy-advance/chicken-shoot-2 
Chronicles of Narnia Lion Witch and the Wardrobe,4,0,1,http://videogames.pricecharting.com/game/gameboy-advance/chronicles-of-narnia-lion-witch-and-the-wardrobe 
Chu Chu Rocket,2,1,0,http://videogames.pricecharting.com/game/gameboy-advance/chu-chu-rocket 
Cima The Enemy,4,0,0,http://videogames.pricecharting.com/game/gameboy-advance/cima-the-enemy 
Cinderella Magical Dreams,2,0,0,http://videogames.pricecharting.com/game/gameboy-advance/cinderella-magical-dreams 
Clu Clu Land-e,0,0,,http://videogames.pricecharting.com/game/gameboy-advance/clu-clu-land-e 
Cobalt Gameboy Advance SP,0,0,0,http://videogames.pricecharting.com/game/gameboy-advance/cobalt-gameboy-advance-sp 
Codebreaker,,,,http://videogames.pricecharting.com/game/gameboy-advance/codebreaker 
Codename Kids Next Door Operation SODA,1,0,0,http://videogames.pricecharting.com/game/gameboy-advance/codename-kids-next-door-operation-soda 
Colin McRae Rally 2.0,0,,,http://videogames.pricecharting.com/game/gameboy-advance/colin-mcrae-rally-20 
Columns Crown,1,0,0,http://videogames.pricecharting.com/game/gameboy-advance/columns-crown 
Connect Four/Trouble/Perfection,2,0,1,http://videogames.pricecharting.com/game/gameboy-advance/connect-fourtroubleperfection 
Contra Advance Alien Wars,8,1,0,http://videogames.pricecharting.com/game/gameboy-advance/contra-advance-alien-wars 
Corvette,2,0,1,http://videogames.pricecharting.com/game/gameboy-advance/corvette 
Crash and Spyro Superpack,,,,http://videogames.pricecharting.com/game/gameboy-advance/crash-and-spyro-superpack 
Crash Bandicoot 2 N-tranced,30,1,0,http://videogames.pricecharting.com/game/gameboy-advance/crash-bandicoot-2-n-tranced 
Crash Bandicoot Purple,12,1,0,http://videogames.pricecharting.com/game/gameboy-advance/crash-bandicoot-purple 
Crash Bandicoot the Huge Adventure,30,2,1,http://videogames.pricecharting.com/game/gameboy-advance/crash-bandicoot-the-huge-adventure 
Crash Bandicoot XS,,,,http://videogames.pricecharting.com/game/gameboy-advance/crash-bandicoot-xs 
Crash Nitro Kart,8,0,0,http://videogames.pricecharting.com/game/gameboy-advance/crash-nitro-kart 
Crash of the Titans,2,0,0,http://videogames.pricecharting.com/game/gameboy-advance/crash-of-the-titans 
Crash Superpack,4,0,0,http://videogames.pricecharting.com/game/gameboy-advance/crash-superpack 
Crazy Chase,1,0,,http://videogames.pricecharting.com/game/gameboy-advance/crazy-chase 
Crazy Taxi Catch a Ride,4,0,0,http://videogames.pricecharting.com/game/gameboy-advance/crazy-taxi-catch-a-ride 
Creatures,,,,http://videogames.pricecharting.com/game/gameboy-advance/creatures 
Cross Town Heroes,1,0,0,http://videogames.pricecharting.com/game/gameboy-advance/cross-town-heroes 
Crouching Tiger Hidden Dragon,0,0,0,http://videogames.pricecharting.com/game/gameboy-advance/crouching-tiger-hidden-dragon 
Cruis'n Velocity,1,0,,http://videogames.pricecharting.com/game/gameboy-advance/cruis'n-velocity 
Crushed Baseball,0,0,,http://videogames.pricecharting.com/game/gameboy-advance/crushed-baseball 
CT Special Forces,1,0,0,http://videogames.pricecharting.com/game/gameboy-advance/ct-special-forces 
CT Special Forces 2,1,0,0,http://videogames.pricecharting.com/game/gameboy-advance/ct-special-forces-2 
CT Special Forces 3 Navy Ops,,,,http://videogames.pricecharting.com/game/gameboy-advance/ct-special-forces-3-navy-ops 
Cubix Robots for Everyone Clash N Bash,0,,,http://videogames.pricecharting.com/game/gameboy-advance/cubix-robots-for-everyone-clash-n-bash 
Cubix Robots For Everyone Showdown,,,,http://videogames.pricecharting.com/game/gameboy-advance/cubix-robots-for-everyone-showdown 
Curious George,1,0,0,http://videogames.pricecharting.com/game/gameboy-advance/curious-george 
Danny Phantom The Ultimate Enemy,4,0,0,http://videogames.pricecharting.com/game/gameboy-advance/danny-phantom-the-ultimate-enemy 
Danny Phantom The Urban Jungle,1,0,0,http://videogames.pricecharting.com/game/gameboy-advance/danny-phantom-the-urban-jungle 
Daredevil,1,0,0,http://videogames.pricecharting.com/game/gameboy-advance/daredevil 
Dark Arena,2,0,0,http://videogames.pricecharting.com/game/gameboy-advance/dark-arena 
Dark Light,,,,http://videogames.pricecharting.com/game/gameboy-advance/dark-light 
Dave Mirra Freestyle BMX 2,1,0,0,http://videogames.pricecharting.com/game/gameboy-advance/dave-mirra-freestyle-bmx-2 
Dave Mirra Freestyle BMX 3,0,0,,http://videogames.pricecharting.com/game/gameboy-advance/dave-mirra-freestyle-bmx-3 
David Beckham Soccer,0,0,,http://videogames.pricecharting.com/game/gameboy-advance/david-beckham-soccer 
Davis Cup Tennis,0,0,,http://videogames.pricecharting.com/game/gameboy-advance/davis-cup-tennis 
Dead to Rights,0,0,0,http://videogames.pricecharting.com/game/gameboy-advance/dead-to-rights 
Deal or No Deal,1,0,,http://videogames.pricecharting.com/game/gameboy-advance/deal-or-no-deal 
Decathalon Advance,,,,http://videogames.pricecharting.com/game/gameboy-advance/decathalon-advance 
Defender,1,0,0,http://videogames.pricecharting.com/game/gameboy-advance/defender 
Defender of the Crown,1,0,0,http://videogames.pricecharting.com/game/gameboy-advance/defender-of-the-crown 
Demikids Dark Version,2,1,0,http://videogames.pricecharting.com/game/gameboy-advance/demikids-dark-version 
Demikids Light Version,2,0,0,http://videogames.pricecharting.com/game/gameboy-advance/demikids-light-version 
Demon Driver,0,0,,http://videogames.pricecharting.com/game/gameboy-advance/demon-driver 
Denki Blocks,0,0,,http://videogames.pricecharting.com/game/gameboy-advance/denki-blocks 
Desert Strike Advance,2,0,0,http://videogames.pricecharting.com/game/gameboy-advance/desert-strike-advance 
Dexters Laboratory Chess Challenge,1,0,0,http://videogames.pricecharting.com/game/gameboy-advance/dexters-laboratory-chess-challenge 
Dexters Laboratory Disaster Strikes,1,0,0,http://videogames.pricecharting.com/game/gameboy-advance/dexters-laboratory-disaster-strikes 
Digimon Battlespirit,,,,http://videogames.pricecharting.com/game/gameboy-advance/digimon-battlespirit 
Digimon Battlespirit 2,1,0,0,http://videogames.pricecharting.com/game/gameboy-advance/digimon-battlespirit-2 
Digimon Racing,2,0,0,http://videogames.pricecharting.com/game/gameboy-advance/digimon-racing 
Dinotopia The Timestone Pirates,1,0,0,http://videogames.pricecharting.com/game/gameboy-advance/dinotopia-the-timestone-pirates 
Disney Channel 1,1,0,0,http://videogames.pricecharting.com/game/gameboy-advance/disney-channel-1 
Disney Channel Collection 2,0,,,http://videogames.pricecharting.com/game/gameboy-advance/disney-channel-collection-2 
Disney Party,1,0,0,http://videogames.pricecharting.com/game/gameboy-advance/disney-party 
Disney Princess,8,0,1,http://videogames.pricecharting.com/game/gameboy-advance/disney-princess 
Disney Princess Royal Adventure,1,0,0,http://videogames.pricecharting.com/game/gameboy-advance/disney-princess-royal-adventure 
Disney's Atlantis,1,0,0,http://videogames.pricecharting.com/game/gameboy-advance/disney's-atlantis 
Disney's Extreme Skate Adventure,1,0,0,http://videogames.pricecharting.com/game/gameboy-advance/disney's-extreme-skate-adventure 
Disney's Lizzie McGuire 2 Lizzie Diaries Game + TV Episode,0,0,,http://videogames.pricecharting.com/game/gameboy-advance/disney's-lizzie-mcguire-2-lizzie-diaries-game-%2B-tv-episode 
Disney Sports Basketball,0,0,,http://videogames.pricecharting.com/game/gameboy-advance/disney-sports-basketball 
Disney Sports Football,0,,,http://videogames.pricecharting.com/game/gameboy-advance/disney-sports-football 
Disney Sports Motocross,0,0,,http://videogames.pricecharting.com/game/gameboy-advance/disney-sports-motocross 
Disney Sports Skateboarding,0,0,,http://videogames.pricecharting.com/game/gameboy-advance/disney-sports-skateboarding 
Disney Sports Snowboarding,0,0,,http://videogames.pricecharting.com/game/gameboy-advance/disney-sports-snowboarding 
Disney Sports Soccer,0,0,0,http://videogames.pricecharting.com/game/gameboy-advance/disney-sports-soccer 
Dogz,4,1,0,http://videogames.pricecharting.com/game/gameboy-advance/dogz 
Dogz 2,1,,,http://videogames.pricecharting.com/game/gameboy-advance/dogz-2 
Dogz Fashion,1,0,1,http://videogames.pricecharting.com/game/gameboy-advance/dogz-fashion 
Dokapon Monster Hunter,2,0,0,http://videogames.pricecharting.com/game/gameboy-advance/dokapon-monster-hunter 
Donald Duck Advance,1,0,0,http://videogames.pricecharting.com/game/gameboy-advance/donald-duck-advance 
Donkey Kong Country,60,4,1,http://videogames.pricecharting.com/game/gameboy-advance/donkey-kong-country 
Donkey Kong Country 2,30,4,1,http://videogames.pricecharting.com/game/gameboy-advance/donkey-kong-country-2 
Donkey Kong Country 3,30,2,1,http://videogames.pricecharting.com/game/gameboy-advance/donkey-kong-country-3 
Donkey Kong King of Swing,,,,http://videogames.pricecharting.com/game/gameboy-advance/donkey-kong-king-of-swing 
Donkey Kong NES Series,30,2,1,http://videogames.pricecharting.com/game/gameboy-advance/donkey-kong-nes-series 
Doom,30,1,0,http://videogames.pricecharting.com/game/gameboy-advance/doom 
Doom II,4,0,0,http://videogames.pricecharting.com/game/gameboy-advance/doom-ii 
Dora The Explorer: Dora's World Adventure,1,0,,http://videogames.pricecharting.com/game/gameboy-advance/dora-the-explorer-dora's-world-adventure 
Dora the Explorer Super Spies,4,0,0,http://videogames.pricecharting.com/game/gameboy-advance/dora-the-explorer-super-spies 
Dora the Explorer Super Star Adventures,1,0,1,http://videogames.pricecharting.com/game/gameboy-advance/dora-the-explorer-super-star-adventures 
Dora the Explorer: The Hunt for Pirate Pig's Treasure,2,30,,http://videogames.pricecharting.com/game/gameboy-advance/dora-the-explorer-the-hunt-for-pirate-pig's-treasure 
Dora the Explorer Volume 1,1,0,,http://videogames.pricecharting.com/game/gameboy-advance/dora-the-explorer-volume-1 
Double Dragon Advance,4,2,1,http://videogames.pricecharting.com/game/gameboy-advance/double-dragon-advance 
Downforce,0,,,http://videogames.pricecharting.com/game/gameboy-advance/downforce 
Dragon Ball Advanced Adventure,8,0,0,http://videogames.pricecharting.com/game/gameboy-advance/dragon-ball-advanced-adventure 
Dragon Ball GT Transformation,4,0,0,http://videogames.pricecharting.com/game/gameboy-advance/dragon-ball-gt-transformation 
Dragon Ball Z Buu's Fury,30,4,0,http://videogames.pricecharting.com/game/gameboy-advance/dragon-ball-z-buu's-fury 
Dragon Ball Z Buu's Fury / GT Transformation,4,0,0,http://videogames.pricecharting.com/game/gameboy-advance/dragon-ball-z-buu's-fury-gt-transformation 
Dragon Ball Z Collectible Card Game,4,0,0,http://videogames.pricecharting.com/game/gameboy-advance/dragon-ball-z-collectible-card-game 
Dragon Ball Z Legacy of Goku,30,2,0,http://videogames.pricecharting.com/game/gameboy-advance/dragon-ball-z-legacy-of-goku 
Dragon Ball Z Legacy of Goku II,30,1,1,http://videogames.pricecharting.com/game/gameboy-advance/dragon-ball-z-legacy-of-goku-ii 
Dragon Ball Z Supersonic Warriors,8,0,0,http://videogames.pricecharting.com/game/gameboy-advance/dragon-ball-z-supersonic-warriors 
Dragon Ball Z Taiketsu,4,1,1,http://videogames.pricecharting.com/game/gameboy-advance/dragon-ball-z-taiketsu 
Dragon Ball Z The Legacy of Goku I & II,4,0,0,http://videogames.pricecharting.com/game/gameboy-advance/dragon-ball-z-the-legacy-of-goku-i-%26-ii 
Dragon Tales Dragon Adventures,1,1,0,http://videogames.pricecharting.com/game/gameboy-advance/dragon-tales-dragon-adventures 
Drake and Josh,1,0,1,http://videogames.pricecharting.com/game/gameboy-advance/drake-and-josh 
Drill Dozer,30,4,4,http://videogames.pricecharting.com/game/gameboy-advance/drill-dozer 
Driv3r Driver 3,1,0,0,http://videogames.pricecharting.com/game/gameboy-advance/driv3r-driver-3 
Driven,0,0,,http://videogames.pricecharting.com/game/gameboy-advance/driven 
Driver 2 Advance,1,0,0,http://videogames.pricecharting.com/game/gameboy-advance/driver-2-advance 
Dr. Mario,8,2,1,http://videogames.pricecharting.com/game/gameboy-advance/dr-mario 
Dr. Mario / Puzzle League,4,1,1,http://videogames.pricecharting.com/game/gameboy-advance/dr-mario-puzzle-league 
Dr Muto,,,,http://videogames.pricecharting.com/game/gameboy-advance/dr-muto 
Drome Racers,0,0,,http://videogames.pricecharting.com/game/gameboy-advance/drome-racers 
Droopy's Tennis,0,0,,http://videogames.pricecharting.com/game/gameboy-advance/droopy's-tennis 
Dr. Sudoku,0,0,,http://videogames.pricecharting.com/game/gameboy-advance/dr-sudoku 
Dual Blades,0,0,0,http://videogames.pricecharting.com/game/gameboy-advance/dual-blades 
Duel Masters Kaijudo Showdown,1,0,0,http://videogames.pricecharting.com/game/gameboy-advance/duel-masters-kaijudo-showdown 
Duel Masters Sempai Legends,1,0,0,http://videogames.pricecharting.com/game/gameboy-advance/duel-masters-sempai-legends 
Duel Masters Shadow of The Code,1,0,0,http://videogames.pricecharting.com/game/gameboy-advance/duel-masters-shadow-of-the-code 
Duke Nukem Advance,4,0,0,http://videogames.pricecharting.com/game/gameboy-advance/duke-nukem-advance 
Dungeons and Dragons Eye of the Beholder,,,,http://videogames.pricecharting.com/game/gameboy-advance/dungeons-and-dragons-eye-of-the-beholder 
Dynasty Warriors Advance,4,0,1,http://videogames.pricecharting.com/game/gameboy-advance/dynasty-warriors-advance 
Earthworm Jim,8,0,0,http://videogames.pricecharting.com/game/gameboy-advance/earthworm-jim 
Earthworm Jim 2,4,0,0,http://videogames.pricecharting.com/game/gameboy-advance/earthworm-jim-2 
Ecks vs. Sever,2,0,0,http://videogames.pricecharting.com/game/gameboy-advance/ecks-vs-sever 
Ed Edd N Eddy Jawbreakers,1,0,0,http://videogames.pricecharting.com/game/gameboy-advance/ed-edd-n-eddy-jawbreakers 
Ed Edd N Eddy Mis-Edventures,1,0,0,http://videogames.pricecharting.com/game/gameboy-advance/ed-edd-n-eddy-mis-edventures 
Egg Mania,1,0,0,http://videogames.pricecharting.com/game/gameboy-advance/egg-mania 
Elf Bowling 1 & 2,1,0,0,http://videogames.pricecharting.com/game/gameboy-advance/elf-bowling-1-%26-2 
Elf the Movie,1,0,0,http://videogames.pricecharting.com/game/gameboy-advance/elf-the-movie 
Enchanted Once Upon Andalasia,1,0,0,http://videogames.pricecharting.com/game/gameboy-advance/enchanted-once-upon-andalasia 
Eragon,1,0,0,http://videogames.pricecharting.com/game/gameboy-advance/eragon 
E-Reader,4,2,1,http://videogames.pricecharting.com/game/gameboy-advance/e-reader 
ESPN Great Outdoor Games,0,0,,http://videogames.pricecharting.com/game/gameboy-advance/espn-great-outdoor-games 
ESPN Winter Sports 2002,0,0,,http://videogames.pricecharting.com/game/gameboy-advance/espn-winter-sports-2002 
ESPN X Games Skateboarding,1,0,,http://videogames.pricecharting.com/game/gameboy-advance/espn-x-games-skateboarding 
ESPN X Games Snowboarding,0,0,,http://videogames.pricecharting.com/game/gameboy-advance/espn-x-games-snowboarding 
ET Extra-Terrestrial,1,0,0,http://videogames.pricecharting.com/game/gameboy-advance/et-extra-terrestrial 
ET The Salerian Project,,,,http://videogames.pricecharting.com/game/gameboy-advance/et-the-salerian-project 
EverGirl,1,0,0,http://videogames.pricecharting.com/game/gameboy-advance/evergirl 
Everything or Nothing,,,,http://videogames.pricecharting.com/game/gameboy-advance/everything-or-nothing 
Excitebike-e,0,0,0,http://videogames.pricecharting.com/game/gameboy-advance/excitebike-e 
Excitebike NES Series,4,1,0,http://videogames.pricecharting.com/game/gameboy-advance/excitebike-nes-series 
F1 2002,1,0,0,http://videogames.pricecharting.com/game/gameboy-advance/f1-2002 
F-14 Tomcat,2,0,0,http://videogames.pricecharting.com/game/gameboy-advance/f-14-tomcat 
F-24 Stealth Fighter,0,0,,http://videogames.pricecharting.com/game/gameboy-advance/f-24-stealth-fighter 
Fairly Odd Parents: Breakin' Da Rules,1,0,0,http://videogames.pricecharting.com/game/gameboy-advance/fairly-odd-parents-breakin'-da-rules 
Fairly Odd Parents Clash with the Anti-World,1,0,1,http://videogames.pricecharting.com/game/gameboy-advance/fairly-odd-parents-clash-with-the-anti-world 
Fairly Odd Parents Enter the Cleft,1,0,0,http://videogames.pricecharting.com/game/gameboy-advance/fairly-odd-parents-enter-the-cleft 
Fairly Odd Parents Shadow Showdown,1,0,0,http://videogames.pricecharting.com/game/gameboy-advance/fairly-odd-parents-shadow-showdown 
Fairly Odd Parents Volume 1,0,0,,http://videogames.pricecharting.com/game/gameboy-advance/fairly-odd-parents-volume-1 
Fairly Odd Parents Volume 2,2,0,0,http://videogames.pricecharting.com/game/gameboy-advance/fairly-odd-parents-volume-2 
Famicom Gameboy Advance SP,,,,http://videogames.pricecharting.com/game/gameboy-advance/famicom-gameboy-advance-sp 
Family Feud,1,0,0,http://videogames.pricecharting.com/game/gameboy-advance/family-feud 
Fantastic 4,2,0,0,http://videogames.pricecharting.com/game/gameboy-advance/fantastic-4 
Fantastic 4 Flame On,1,0,0,http://videogames.pricecharting.com/game/gameboy-advance/fantastic-4-flame-on 
Fear Factor Unleashed,1,1,,http://videogames.pricecharting.com/game/gameboy-advance/fear-factor-unleashed 
FIFA 2003,1,0,,http://videogames.pricecharting.com/game/gameboy-advance/fifa-2003 
FIFA 2004,1,0,,http://videogames.pricecharting.com/game/gameboy-advance/fifa-2004 
FIFA 2005,1,0,0,http://videogames.pricecharting.com/game/gameboy-advance/fifa-2005 
FIFA 2006,,,,http://videogames.pricecharting.com/game/gameboy-advance/fifa-2006 
FIFA 2007,,,,http://videogames.pricecharting.com/game/gameboy-advance/fifa-2007 
Final Fantasy I & II Dawn of Souls,30,8,4,http://videogames.pricecharting.com/game/gameboy-advance/final-fantasy-i-%26-ii-dawn-of-souls 
Final Fantasy IV Advance,30,8,4,http://videogames.pricecharting.com/game/gameboy-advance/final-fantasy-iv-advance 
Final Fantasy Tactics,60,12,2,http://videogames.pricecharting.com/game/gameboy-advance/final-fantasy-tactics 
Final Fantasy V Advance,30,4,4,http://videogames.pricecharting.com/game/gameboy-advance/final-fantasy-v-advance 
Final Fantasy VI Advance,30,8,4,http://videogames.pricecharting.com/game/gameboy-advance/final-fantasy-vi-advance 
Final Fight One,8,1,1,http://videogames.pricecharting.com/game/gameboy-advance/final-fight-one 
Final Round Golf 2002,1,0,0,http://videogames.pricecharting.com/game/gameboy-advance/final-round-golf-2002 
Finding Nemo,4,0,0,http://videogames.pricecharting.com/game/gameboy-advance/finding-nemo 
Finding Nemo and Monsters Inc Bundle,2,0,0,http://videogames.pricecharting.com/game/gameboy-advance/finding-nemo-and-monsters-inc-bundle 
Finding Nemo The Continuing Adventures,1,0,,http://videogames.pricecharting.com/game/gameboy-advance/finding-nemo-the-continuing-adventures 
Fire Emblem,60,12,2,http://videogames.pricecharting.com/game/gameboy-advance/fire-emblem 
Fire Emblem Sacred Stones,30,8,4,http://videogames.pricecharting.com/game/gameboy-advance/fire-emblem-sacred-stones 
Fire Pro Wrestling,4,0,0,http://videogames.pricecharting.com/game/gameboy-advance/fire-pro-wrestling 
Fire Pro Wrestling 2,4,0,0,http://videogames.pricecharting.com/game/gameboy-advance/fire-pro-wrestling-2 
Flintstones Big Trouble in Bedrock,1,0,0,http://videogames.pricecharting.com/game/gameboy-advance/flintstones-big-trouble-in-bedrock 
Flushed Away,1,0,0,http://videogames.pricecharting.com/game/gameboy-advance/flushed-away 
Ford Racing 3,1,0,,http://videogames.pricecharting.com/game/gameboy-advance/ford-racing-3 
Fortress,2,0,0,http://videogames.pricecharting.com/game/gameboy-advance/fortress 
Foster's Home for Imaginary Friends,1,0,0,http://videogames.pricecharting.com/game/gameboy-advance/foster's-home-for-imaginary-friends 
Franklin's Great Adventures,0,0,0,http://videogames.pricecharting.com/game/gameboy-advance/franklin's-great-adventures 
Franklin The Turtle,1,0,0,http://videogames.pricecharting.com/game/gameboy-advance/franklin-the-turtle 
Freekstyle,0,,,http://videogames.pricecharting.com/game/gameboy-advance/freekstyle 
Froggers Adventures 2 Lost Wand,1,0,0,http://videogames.pricecharting.com/game/gameboy-advance/froggers-adventures-2-lost-wand 
Froggers Adventures Temple of Frog,12,1,1,http://videogames.pricecharting.com/game/gameboy-advance/froggers-adventures-temple-of-frog 
Frogger's Journey The Forgotten Relic,1,0,0,http://videogames.pricecharting.com/game/gameboy-advance/frogger's-journey-the-forgotten-relic 
Frogger the Great Quest,1,0,0,http://videogames.pricecharting.com/game/gameboy-advance/frogger-the-great-quest 
Fushia Gameboy Advanced System,,,,http://videogames.pricecharting.com/game/gameboy-advance/fushia-gameboy-advanced-system 
F-Zero GP Legend,8,2,4,http://videogames.pricecharting.com/game/gameboy-advance/f-zero-gp-legend 
F-Zero Maximum Velocity,8,2,0,http://videogames.pricecharting.com/game/gameboy-advance/f-zero-maximum-velocity 
Gadget Racers,1,0,0,http://videogames.pricecharting.com/game/gameboy-advance/gadget-racers 
Galidor Defenders of the Outer Dimension,1,0,0,http://videogames.pricecharting.com/game/gameboy-advance/galidor-defenders-of-the-outer-dimension 
Game and Watch Gallery 4,12,1,0,http://videogames.pricecharting.com/game/gameboy-advance/game-and-watch-gallery-4 
Gameboy Advance Car Adaptor,,,,http://videogames.pricecharting.com/game/gameboy-advance/gameboy-advance-car-adaptor 
Gameboy Advance Game Link Cable,,,,http://videogames.pricecharting.com/game/gameboy-advance/gameboy-advance-game-link-cable 
Gameboy Advance SP AC Adaptor,,,,http://videogames.pricecharting.com/game/gameboy-advance/gameboy-advance-sp-ac-adaptor 
Gameboy Advance SP Headphones,,,,http://videogames.pricecharting.com/game/gameboy-advance/gameboy-advance-sp-headphones 
Games Explosion,1,0,0,http://videogames.pricecharting.com/game/gameboy-advance/games-explosion 
Gameshark SP,1,,,http://videogames.pricecharting.com/game/gameboy-advance/gameshark-sp 
Garfield And His Nine Lives,1,0,0,http://videogames.pricecharting.com/game/gameboy-advance/garfield-and-his-nine-lives 
Garfield The Search for Pooky,1,0,0,http://videogames.pricecharting.com/game/gameboy-advance/garfield-the-search-for-pooky 
Gauntlet and Rampart,4,0,1,http://videogames.pricecharting.com/game/gameboy-advance/gauntlet-and-rampart 
Gauntlet Dark Legacy,1,0,0,http://videogames.pricecharting.com/game/gameboy-advance/gauntlet-dark-legacy 
GBA Micro,4,1,1,http://videogames.pricecharting.com/game/gameboy-advance/gba-micro 
GBA Video Cartoon Network Collection Limited Edition,,,,http://videogames.pricecharting.com/game/gameboy-advance/gba-video-cartoon-network-collection-limited-edition 
GBA Video Cartoon Network Collection Platinum Edition,1,0,,http://videogames.pricecharting.com/game/gameboy-advance/gba-video-cartoon-network-collection-platinum-edition 
GBA Video Cartoon Network Collection Premium Edition,,,,http://videogames.pricecharting.com/game/gameboy-advance/gba-video-cartoon-network-collection-premium-edition 
GBA Video Cartoon Network Collection Special Edition,1,0,,http://videogames.pricecharting.com/game/gameboy-advance/gba-video-cartoon-network-collection-special-edition 
GBA Video Cartoon Network Collection Volume 1,1,0,,http://videogames.pricecharting.com/game/gameboy-advance/gba-video-cartoon-network-collection-volume-1 
GBA Video Cartoon Network Collection Volume 2,1,0,,http://videogames.pricecharting.com/game/gameboy-advance/gba-video-cartoon-network-collection-volume-2 
GBA Video Codename Kids Next Door Volume 1,1,0,,http://videogames.pricecharting.com/game/gameboy-advance/gba-video-codename-kids-next-door-volume-1 
GBA Video Dragon Ball GT Volume 1,1,0,1,http://videogames.pricecharting.com/game/gameboy-advance/gba-video-dragon-ball-gt-volume-1 
GBA Video Nicktoons Collection Volume 2,1,0,1,http://videogames.pricecharting.com/game/gameboy-advance/gba-video-nicktoons-collection-volume-2 
GBA Video Nicktoons Collection Volume 3,0,,,http://videogames.pricecharting.com/game/gameboy-advance/gba-video-nicktoons-collection-volume-3 
GBA Video Pokemon Beach Blank-out Blastoise and Go West Young Meowth,2,0,,http://videogames.pricecharting.com/game/gameboy-advance/gba-video-pokemon-beach-blank-out-blastoise-and-go-west-young-meowth 
GBA Video Pokemon For Ho-Oh The Bells Toll,2,0,1,http://videogames.pricecharting.com/game/gameboy-advance/gba-video-pokemon-for-ho-oh-the-bells-toll 
GBA Video Pokemon I Choose You and Here Comes the Squirtle Squad,1,0,0,http://videogames.pricecharting.com/game/gameboy-advance/gba-video-pokemon-i-choose-you-and-here-comes-the-squirtle-squad 
GBA Video Pokemon Johto Photo Finish and Playing with Fire,2,0,0,http://videogames.pricecharting.com/game/gameboy-advance/gba-video-pokemon-johto-photo-finish-and-playing-with-fire 
GBA Video Shark Tale,1,4,0,http://videogames.pricecharting.com/game/gameboy-advance/gba-video-shark-tale 
GBA Video Shrek,1,0,,http://videogames.pricecharting.com/game/gameboy-advance/gba-video-shrek 
GBA Video Shrek & Sharktale Double Pack,,,,http://videogames.pricecharting.com/game/gameboy-advance/gba-video-shrek-%26-sharktale-double-pack 
GBA Video Sonic X Volume 2,0,,,http://videogames.pricecharting.com/game/gameboy-advance/gba-video-sonic-x-volume-2 
GBA Video SpongeBob SquarePants Volume 1,2,0,0,http://videogames.pricecharting.com/game/gameboy-advance/gba-video-spongebob-squarepants-volume-1 
GBA Video SpongeBob SquarePants Volume 2,4,0,0,http://videogames.pricecharting.com/game/gameboy-advance/gba-video-spongebob-squarepants-volume-2 
GBA Video SpongeBob SquarePants Volume 3,1,0,,http://videogames.pricecharting.com/game/gameboy-advance/gba-video-spongebob-squarepants-volume-3 
GBA Video Super Robot Monkey Team Volume 1,0,0,,http://videogames.pricecharting.com/game/gameboy-advance/gba-video-super-robot-monkey-team-volume-1 
Gekido Advance Kintaro's Revenge,1,0,0,http://videogames.pricecharting.com/game/gameboy-advance/gekido-advance-kintaro's-revenge 
Gem Smashers,0,0,,http://videogames.pricecharting.com/game/gameboy-advance/gem-smashers 
Ghostbusters Extreme,2,0,0,http://videogames.pricecharting.com/game/gameboy-advance/ghostbusters-extreme 
Ghost Rider,2,0,0,http://videogames.pricecharting.com/game/gameboy-advance/ghost-rider 
Glacier Gameboy Advanced System,,,,http://videogames.pricecharting.com/game/gameboy-advance/glacier-gameboy-advanced-system 
Godzilla Domination,8,0,0,http://videogames.pricecharting.com/game/gameboy-advance/godzilla-domination 
Golden Nugget Casino,2,0,0,http://videogames.pricecharting.com/game/gameboy-advance/golden-nugget-casino 
Golden Sun,30,30,1,http://videogames.pricecharting.com/game/gameboy-advance/golden-sun 
Golden Sun The Lost Age,60,12,2,http://videogames.pricecharting.com/game/gameboy-advance/golden-sun-the-lost-age 
Gold Gameboy Advance SP,2,2,,http://videogames.pricecharting.com/game/gameboy-advance/gold-gameboy-advance-sp 
Gradius Galaxies,4,1,0,http://videogames.pricecharting.com/game/gameboy-advance/gradius-galaxies 
Grand Theft Auto Advance,8,1,0,http://videogames.pricecharting.com/game/gameboy-advance/grand-theft-auto-advance 
Grand Theft Auto III,,,,http://videogames.pricecharting.com/game/gameboy-advance/grand-theft-auto-iii 
Green Eggs and Ham,1,0,0,http://videogames.pricecharting.com/game/gameboy-advance/green-eggs-and-ham 
Greg Hastings Tournament Paintball Maxed,1,0,,http://videogames.pricecharting.com/game/gameboy-advance/greg-hastings-tournament-paintball-maxed 
Gremlins Stripe vs Gizmo,1,0,0,http://videogames.pricecharting.com/game/gameboy-advance/gremlins-stripe-vs-gizmo 
Grim Adventures of Billy & Mandy,1,0,0,http://videogames.pricecharting.com/game/gameboy-advance/grim-adventures-of-billy-%26-mandy 
GT Advance 2 Rally Racing,0,0,0,http://videogames.pricecharting.com/game/gameboy-advance/gt-advance-2-rally-racing 
GT Advance 3 Pro Concept Racing,1,0,0,http://videogames.pricecharting.com/game/gameboy-advance/gt-advance-3-pro-concept-racing 
GT Advance Championship Racing,2,0,0,http://videogames.pricecharting.com/game/gameboy-advance/gt-advance-championship-racing 
Guilty Gear X Advance Edition,2,0,0,http://videogames.pricecharting.com/game/gameboy-advance/guilty-gear-x-advance-edition 
Gumby vs. the Astrobots,2,0,0,http://videogames.pricecharting.com/game/gameboy-advance/gumby-vs-the-astrobots 
Gunstar Super Heroes,12,4,2,http://videogames.pricecharting.com/game/gameboy-advance/gunstar-super-heroes 
Hamtaro Ham-ham Games,4,0,0,http://videogames.pricecharting.com/game/gameboy-advance/hamtaro-ham-ham-games 
Hamtaro Ham Ham Heartbreak,12,1,0,http://videogames.pricecharting.com/game/gameboy-advance/hamtaro-ham-ham-heartbreak 
Hamtaro: Rainbow Rescue,4,0,0,http://videogames.pricecharting.com/game/gameboy-advance/hamtaro-rainbow-rescue 
Happy Feet,2,0,,http://videogames.pricecharting.com/game/gameboy-advance/happy-feet 
Hardcore Pinball,0,0,0,http://videogames.pricecharting.com/game/gameboy-advance/hardcore-pinball 
Harlem Globetrotters World Tour,1,0,1,http://videogames.pricecharting.com/game/gameboy-advance/harlem-globetrotters-world-tour 
Harry Potter and the Order of the Phoenix,2,0,1,http://videogames.pricecharting.com/game/gameboy-advance/harry-potter-and-the-order-of-the-phoenix 
Harry Potter Chamber of Secrets,8,0,0,http://videogames.pricecharting.com/game/gameboy-advance/harry-potter-chamber-of-secrets 
Harry Potter Goblet of Fire,4,0,0,http://videogames.pricecharting.com/game/gameboy-advance/harry-potter-goblet-of-fire 
Harry Potter Prisoner of Azkaban,8,0,0,http://videogames.pricecharting.com/game/gameboy-advance/harry-potter-prisoner-of-azkaban 
Harry Potter Quidditch World Cup,4,0,0,http://videogames.pricecharting.com/game/gameboy-advance/harry-potter-quidditch-world-cup 
Harry Potter Sorcerers Stone,8,0,0,http://videogames.pricecharting.com/game/gameboy-advance/harry-potter-sorcerers-stone 
Harvest Moon Friends Mineral Town,30,4,1,http://videogames.pricecharting.com/game/gameboy-advance/harvest-moon-friends-mineral-town 
Harvest Moon More Friends of Mineral Town,12,0,0,http://videogames.pricecharting.com/game/gameboy-advance/harvest-moon-more-friends-of-mineral-town 
Haunted Mansion,,,,http://videogames.pricecharting.com/game/gameboy-advance/haunted-mansion 
Hello Kitty Happy Party Pals,4,0,0,http://videogames.pricecharting.com/game/gameboy-advance/hello-kitty-happy-party-pals 
Herbie Fully Loaded,2,0,0,http://videogames.pricecharting.com/game/gameboy-advance/herbie-fully-loaded 
Hey Arnold! The Movie,2,0,0,http://videogames.pricecharting.com/game/gameboy-advance/hey-arnold-the-movie 
High Heat Baseball 2002,1,0,0,http://videogames.pricecharting.com/game/gameboy-advance/high-heat-baseball-2002 
High Heat Baseball 2003,1,1,0,http://videogames.pricecharting.com/game/gameboy-advance/high-heat-baseball-2003 
High Heat Major League Baseball 2004,,,,http://videogames.pricecharting.com/game/gameboy-advance/high-heat-major-league-baseball-2004 
High School Musical Living the Dream,1,0,,http://videogames.pricecharting.com/game/gameboy-advance/high-school-musical-living-the-dream 
Hi Hi Puffy AmiYumi Kaznapped,1,1,0,http://videogames.pricecharting.com/game/gameboy-advance/hi-hi-puffy-amiyumi-kaznapped 
Holy Bible,,,,http://videogames.pricecharting.com/game/gameboy-advance/holy-bible 
Home on the Range,1,0,0,http://videogames.pricecharting.com/game/gameboy-advance/home-on-the-range 
Horsez,1,0,0,http://videogames.pricecharting.com/game/gameboy-advance/horsez 
Hot Potato,1,0,0,http://videogames.pricecharting.com/game/gameboy-advance/hot-potato 
Hot Wheels All Out,1,0,1,http://videogames.pricecharting.com/game/gameboy-advance/hot-wheels-all-out 
Hot Wheels Burnin Rubber,1,0,,http://videogames.pricecharting.com/game/gameboy-advance/hot-wheels-burnin-rubber 
Hot Wheels Double Pack,1,0,0,http://videogames.pricecharting.com/game/gameboy-advance/hot-wheels-double-pack 
Hot Wheels Stunt Track Challenge,2,0,0,http://videogames.pricecharting.com/game/gameboy-advance/hot-wheels-stunt-track-challenge 
Hot Wheels: Stunt Track Challenge / World Race,1,1,,http://videogames.pricecharting.com/game/gameboy-advance/hot-wheels-stunt-track-challenge-world-race 
Hot Wheels Velocity X,2,1,0,http://videogames.pricecharting.com/game/gameboy-advance/hot-wheels-velocity-x 
Hot Wheels World Race,1,0,0,http://videogames.pricecharting.com/game/gameboy-advance/hot-wheels-world-race 
Hugo The Evil Mirror,0,0,,http://videogames.pricecharting.com/game/gameboy-advance/hugo-the-evil-mirror 
Hyperspace Delivery Boy,,,,http://videogames.pricecharting.com/game/gameboy-advance/hyperspace-delivery-boy 
Ice Age,2,0,0,http://videogames.pricecharting.com/game/gameboy-advance/ice-age 
Ice Age 2 The Meltdown,1,0,0,http://videogames.pricecharting.com/game/gameboy-advance/ice-age-2-the-meltdown 
Ice Climber NES Series,4,1,1,http://videogames.pricecharting.com/game/gameboy-advance/ice-climber-nes-series 
Ice Nine,1,0,0,http://videogames.pricecharting.com/game/gameboy-advance/ice-nine 
Indigo Gameboy Advanced System,,,,http://videogames.pricecharting.com/game/gameboy-advance/indigo-gameboy-advanced-system 
I-Ninja,,,,http://videogames.pricecharting.com/game/gameboy-advance/i-ninja 
Inspector Gadget,1,0,0,http://videogames.pricecharting.com/game/gameboy-advance/inspector-gadget 
International Karate Advanced,,,,http://videogames.pricecharting.com/game/gameboy-advance/international-karate-advanced 
Invader,0,0,,http://videogames.pricecharting.com/game/gameboy-advance/invader 
Iridion 3D,8,1,0,http://videogames.pricecharting.com/game/gameboy-advance/iridion-3d 
Iridion II,4,1,0,http://videogames.pricecharting.com/game/gameboy-advance/iridion-ii 
Iron Man,1,0,0,http://videogames.pricecharting.com/game/gameboy-advance/iron-man 
Island Xtreme Stunts,1,0,,http://videogames.pricecharting.com/game/gameboy-advance/island-xtreme-stunts 
I Spy Challenger,1,0,1,http://videogames.pricecharting.com/game/gameboy-advance/i-spy-challenger 
It's Mr Pants,0,0,0,http://videogames.pricecharting.com/game/gameboy-advance/it's-mr-pants 
Jackie Chan Adventures,2,0,0,http://videogames.pricecharting.com/game/gameboy-advance/jackie-chan-adventures 
James Pond Codename Robocod,1,0,0,http://videogames.pricecharting.com/game/gameboy-advance/james-pond-codename-robocod 
Jazz Jackrabbit,1,0,0,http://videogames.pricecharting.com/game/gameboy-advance/jazz-jackrabbit 
Jet Grind Radio,4,0,0,http://videogames.pricecharting.com/game/gameboy-advance/jet-grind-radio 
Jimmy Neutron Attack of the Twonkies,1,1,,http://videogames.pricecharting.com/game/gameboy-advance/jimmy-neutron-attack-of-the-twonkies 
Jimmy Neutron Boy Genius,4,0,0,http://videogames.pricecharting.com/game/gameboy-advance/jimmy-neutron-boy-genius 
Jimmy Neutron Jet Fusion,1,0,0,http://videogames.pricecharting.com/game/gameboy-advance/jimmy-neutron-jet-fusion 
Jimmy Neutron Volume 1,0,0,1,http://videogames.pricecharting.com/game/gameboy-advance/jimmy-neutron-volume-1 
Jimmy Neutron vs Jimmy Negatron,1,1,,http://videogames.pricecharting.com/game/gameboy-advance/jimmy-neutron-vs-jimmy-negatron 
Jonny Moseley Mad Trix,0,0,,http://videogames.pricecharting.com/game/gameboy-advance/jonny-moseley-mad-trix 
Juka and the Monophonic Menace,0,0,0,http://videogames.pricecharting.com/game/gameboy-advance/juka-and-the-monophonic-menace 
Jurassic Park III DNA Factor,2,0,0,http://videogames.pricecharting.com/game/gameboy-advance/jurassic-park-iii-dna-factor 
Jurassic Park III Island Attack,4,0,0,http://videogames.pricecharting.com/game/gameboy-advance/jurassic-park-iii-island-attack 
Jurassic Park III Park Builder,4,0,0,http://videogames.pricecharting.com/game/gameboy-advance/jurassic-park-iii-park-builder 
Justice League Chronicles,2,0,0,http://videogames.pricecharting.com/game/gameboy-advance/justice-league-chronicles 
Justice League Heroes Flash,2,0,1,http://videogames.pricecharting.com/game/gameboy-advance/justice-league-heroes-flash 
Justice League Injustice for All,2,0,0,http://videogames.pricecharting.com/game/gameboy-advance/justice-league-injustice-for-all 
Kao the Kangaroo,1,0,0,http://videogames.pricecharting.com/game/gameboy-advance/kao-the-kangaroo 
Karnaaj Rally,1,0,0,http://videogames.pricecharting.com/game/gameboy-advance/karnaaj-rally 
Kelly Slater's Pro Surfer,1,1,0,http://videogames.pricecharting.com/game/gameboy-advance/kelly-slater's-pro-surfer 
Kerplunk / Toss Across / Tip It,1,0,0,http://videogames.pricecharting.com/game/gameboy-advance/kerplunk-toss-across-tip-it 
Kid's Cards,1,0,0,http://videogames.pricecharting.com/game/gameboy-advance/kid's-cards 
Kien,0,0,,http://videogames.pricecharting.com/game/gameboy-advance/kien 
Killer 3D Pool,0,0,,http://videogames.pricecharting.com/game/gameboy-advance/killer-3d-pool 
Kill.Switch,1,0,0,http://videogames.pricecharting.com/game/gameboy-advance/killswitch 
Kim Possible 2,4,0,0,http://videogames.pricecharting.com/game/gameboy-advance/kim-possible-2 
Kim Possible 3,2,0,0,http://videogames.pricecharting.com/game/gameboy-advance/kim-possible-3 
Kim Possible: Revenge of Monkey Fist,1,0,0,http://videogames.pricecharting.com/game/gameboy-advance/kim-possible-revenge-of-monkey-fist 
Kingdom Hearts Chain of Memories,30,4,2,http://videogames.pricecharting.com/game/gameboy-advance/kingdom-hearts-chain-of-memories 
King of Fighters EX2 Howling Blood,1,0,0,http://videogames.pricecharting.com/game/gameboy-advance/king-of-fighters-ex2-howling-blood 
King of Fighters EX NeoBlood,4,0,0,http://videogames.pricecharting.com/game/gameboy-advance/king-of-fighters-ex-neoblood 
Kirby Nightmare in Dreamland,8,1,1,http://videogames.pricecharting.com/game/gameboy-advance/kirby-nightmare-in-dreamland 
Kirby The Amazing Mirror,30,4,0,http://videogames.pricecharting.com/game/gameboy-advance/kirby-the-amazing-mirror 
Klonoa 2 Dream Champ Tournament,4,1,1,http://videogames.pricecharting.com/game/gameboy-advance/klonoa-2-dream-champ-tournament 
Klonoa Empire of Dreams,4,1,1,http://videogames.pricecharting.com/game/gameboy-advance/klonoa-empire-of-dreams 
Koala Brothers Outback Adventures,0,0,0,http://videogames.pricecharting.com/game/gameboy-advance/koala-brothers-outback-adventures 
Konami Collector's Series Arcade Advanced,8,1,1,http://videogames.pricecharting.com/game/gameboy-advance/konami-collector's-series-arcade-advanced 
Kong 8th Wonder of the World,2,0,0,http://videogames.pricecharting.com/game/gameboy-advance/kong-8th-wonder-of-the-world 
Kong King of Atlantis,0,0,,http://videogames.pricecharting.com/game/gameboy-advance/kong-king-of-atlantis 
Kong The Animated Series,0,,,http://videogames.pricecharting.com/game/gameboy-advance/kong-the-animated-series 
Krazy Racers,4,0,0,http://videogames.pricecharting.com/game/gameboy-advance/krazy-racers 
Lady Sia,8,1,1,http://videogames.pricecharting.com/game/gameboy-advance/lady-sia 
Land Before Time Into the Mysterious Beyond,1,0,,http://videogames.pricecharting.com/game/gameboy-advance/land-before-time-into-the-mysterious-beyond 
LarryBoy and the Bad Apple,,,,http://videogames.pricecharting.com/game/gameboy-advance/larryboy-and-the-bad-apple 
Legend of Spyro A New Beginning,4,0,0,http://videogames.pricecharting.com/game/gameboy-advance/legend-of-spyro-a-new-beginning 
Legends of Wrestling II,1,0,0,http://videogames.pricecharting.com/game/gameboy-advance/legends-of-wrestling-ii 
LEGO Bionicle,4,0,0,http://videogames.pricecharting.com/game/gameboy-advance/lego-bionicle 
LEGO Island 2,2,1,0,http://videogames.pricecharting.com/game/gameboy-advance/lego-island-2 
LEGO Knights Kingdom,1,4,0,http://videogames.pricecharting.com/game/gameboy-advance/lego-knights-kingdom 
LEGO Racers 2,1,0,0,http://videogames.pricecharting.com/game/gameboy-advance/lego-racers-2 
LEGO Star Wars,12,0,0,http://videogames.pricecharting.com/game/gameboy-advance/lego-star-wars 
LEGO Star Wars II Original Trilogy,4,1,0,http://videogames.pricecharting.com/game/gameboy-advance/lego-star-wars-ii-original-trilogy 
Lemony Snicket's A Series of Unfortunate Events,4,0,0,http://videogames.pricecharting.com/game/gameboy-advance/lemony-snicket's-a-series-of-unfortunate-events 
Let's Ride! Dreamer,1,0,1,http://videogames.pricecharting.com/game/gameboy-advance/let's-ride-dreamer 
Let's Ride Sunshine Stables,1,0,0,http://videogames.pricecharting.com/game/gameboy-advance/let's-ride-sunshine-stables 
Life/Yahtzee/Payday,4,0,1,http://videogames.pricecharting.com/game/gameboy-advance/lifeyahtzeepayday 
Lilo and Stitch,4,0,0,http://videogames.pricecharting.com/game/gameboy-advance/lilo-and-stitch 
Lilo and Stitch 2 Hamsterviel Havoc,2,0,0,http://videogames.pricecharting.com/game/gameboy-advance/lilo-and-stitch-2-hamsterviel-havoc 
Lime and Orange Gameboy Advance SP,,,,http://videogames.pricecharting.com/game/gameboy-advance/lime-and-orange-gameboy-advance-sp 
Lime Green Gameboy Advance SP,,,,http://videogames.pricecharting.com/game/gameboy-advance/lime-green-gameboy-advance-sp 
Little Einsteins,2,0,0,http://videogames.pricecharting.com/game/gameboy-advance/little-einsteins 
Little League Baseball 2002,0,,,http://videogames.pricecharting.com/game/gameboy-advance/little-league-baseball-2002 
Little League Baseball 2003,,,,http://videogames.pricecharting.com/game/gameboy-advance/little-league-baseball-2003 
Little Mermaid Magic in Two Kingdoms,2,0,0,http://videogames.pricecharting.com/game/gameboy-advance/little-mermaid-magic-in-two-kingdoms 
Lizzie McGuire 2,2,0,0,http://videogames.pricecharting.com/game/gameboy-advance/lizzie-mcguire-2 
Lizzie McGuire 3,1,0,1,http://videogames.pricecharting.com/game/gameboy-advance/lizzie-mcguire-3 
Lizzie McGuire on the Go,4,0,0,http://videogames.pricecharting.com/game/gameboy-advance/lizzie-mcguire-on-the-go 
Looney Tunes Back in Action,1,0,0,http://videogames.pricecharting.com/game/gameboy-advance/looney-tunes-back-in-action 
Looney Tunes Double Pack,0,0,0,http://videogames.pricecharting.com/game/gameboy-advance/looney-tunes-double-pack 
Lord of the Rings Fellowship,4,0,0,http://videogames.pricecharting.com/game/gameboy-advance/lord-of-the-rings-fellowship 
Lord of the Rings Return of King,,,,http://videogames.pricecharting.com/game/gameboy-advance/lord-of-the-rings-return-of-king 
Lord of the Rings Third Age,4,0,0,http://videogames.pricecharting.com/game/gameboy-advance/lord-of-the-rings-third-age 
Lord of the Rings Two Towers,4,1,1,http://videogames.pricecharting.com/game/gameboy-advance/lord-of-the-rings-two-towers 
Lost Vikings,4,0,0,http://videogames.pricecharting.com/game/gameboy-advance/lost-vikings 
Lufia Ruins of Lore,4,1,0,http://videogames.pricecharting.com/game/gameboy-advance/lufia-ruins-of-lore 
Lunar Legend,8,4,1,http://videogames.pricecharting.com/game/gameboy-advance/lunar-legend 
Madagascar,4,0,0,http://videogames.pricecharting.com/game/gameboy-advance/madagascar 
Madagascar Operation Penguin,2,0,0,http://videogames.pricecharting.com/game/gameboy-advance/madagascar-operation-penguin 
Madagascar Operation Penguin and Shrek 2,1,1,,http://videogames.pricecharting.com/game/gameboy-advance/madagascar-operation-penguin-and-shrek-2 
Madden 2002,1,0,0,http://videogames.pricecharting.com/game/gameboy-advance/madden-2002 
Madden 2003,2,0,0,http://videogames.pricecharting.com/game/gameboy-advance/madden-2003 
Madden 2004,1,0,0,http://videogames.pricecharting.com/game/gameboy-advance/madden-2004 
Madden 2005,1,0,0,http://videogames.pricecharting.com/game/gameboy-advance/madden-2005 
Madden 2006,2,0,0,http://videogames.pricecharting.com/game/gameboy-advance/madden-2006 
Madden 2007,2,0,0,http://videogames.pricecharting.com/game/gameboy-advance/madden-2007 
Magical Quest 2 starring Mickey and Minnie,4,0,0,http://videogames.pricecharting.com/game/gameboy-advance/magical-quest-2-starring-mickey-and-minnie 
Magical Quest 3 starring Mickey and Donald,4,0,0,http://videogames.pricecharting.com/game/gameboy-advance/magical-quest-3-starring-mickey-and-donald 
Magical Quest Starring Mickey and Minnie,4,0,0,http://videogames.pricecharting.com/game/gameboy-advance/magical-quest-starring-mickey-and-minnie 
Major League Baseball 2K7,0,0,0,http://videogames.pricecharting.com/game/gameboy-advance/major-league-baseball-2k7 
Marble Madness / Klax,2,0,0,http://videogames.pricecharting.com/game/gameboy-advance/marble-madness-klax 
March of the Penguins,1,0,1,http://videogames.pricecharting.com/game/gameboy-advance/march-of-the-penguins 
Mario and Luigi Superstar Saga,150,12,2,http://videogames.pricecharting.com/game/gameboy-advance/mario-and-luigi-superstar-saga 
Mario Golf Advance Tour,30,4,1,http://videogames.pricecharting.com/game/gameboy-advance/mario-golf-advance-tour 
Mario Kart Super Circuit,150,12,2,http://videogames.pricecharting.com/game/gameboy-advance/mario-kart-super-circuit 
Mario Party Advance,30,1,1,http://videogames.pricecharting.com/game/gameboy-advance/mario-party-advance 
Mario Pinball Land,30,2,1,http://videogames.pricecharting.com/game/gameboy-advance/mario-pinball-land 
Mario Tennis Power Tour,30,2,1,http://videogames.pricecharting.com/game/gameboy-advance/mario-tennis-power-tour 
Mario vs. Donkey Kong,30,4,1,http://videogames.pricecharting.com/game/gameboy-advance/mario-vs-donkey-kong 
Marvel Ultimate Alliance,4,0,0,http://videogames.pricecharting.com/game/gameboy-advance/marvel-ultimate-alliance 
Mary-Kate and Ashley Girls Night Out,1,0,,http://videogames.pricecharting.com/game/gameboy-advance/mary-kate-and-ashley-girls-night-out 
Mary Kate and Ashley Sweet 16,2,1,0,http://videogames.pricecharting.com/game/gameboy-advance/mary-kate-and-ashley-sweet-16 
Masters of the Universe,4,0,0,http://videogames.pricecharting.com/game/gameboy-advance/masters-of-the-universe 
Matchbox Missions Air Land & Sea Rescue/Emergency Response,1,0,,http://videogames.pricecharting.com/game/gameboy-advance/matchbox-missions-air-land-%26-sea-rescueemergency-response 
Mat Hoffman's Pro BMX,1,0,,http://videogames.pricecharting.com/game/gameboy-advance/mat-hoffman's-pro-bmx 
Mat Hoffman's Pro BMX 2,1,0,,http://videogames.pricecharting.com/game/gameboy-advance/mat-hoffman's-pro-bmx-2 
Math Patrol: The Kleptoid Threat,0,0,,http://videogames.pricecharting.com/game/gameboy-advance/math-patrol-the-kleptoid-threat 
Max Payne,4,0,0,http://videogames.pricecharting.com/game/gameboy-advance/max-payne 
Mazes of Fate,1,0,0,http://videogames.pricecharting.com/game/gameboy-advance/mazes-of-fate 
Mech Platoon,1,0,0,http://videogames.pricecharting.com/game/gameboy-advance/mech-platoon 
