187 Ride or Die,1,1,1,http://videogames.pricecharting.com/game/xbox/187-ride-or-die 
25 to Life,2,2,0,http://videogames.pricecharting.com/game/xbox/25-to-life 
4x4 EVO 2,4,4,0,http://videogames.pricecharting.com/game/xbox/4x4-evo-2 
50 Cent Bulletproof,4,4,1,http://videogames.pricecharting.com/game/xbox/50-cent-bulletproof 
Action Replay,1,,,http://videogames.pricecharting.com/game/xbox/action-replay 
Advent Rising,4,4,1,http://videogames.pricecharting.com/game/xbox/advent-rising 
Aeon Flux,1,1,1,http://videogames.pricecharting.com/game/xbox/aeon-flux 
Agent Under Fire,,,,http://videogames.pricecharting.com/game/xbox/agent-under-fire 
Aggressive Inline,1,2,0,http://videogames.pricecharting.com/game/xbox/aggressive-inline 
Airforce Delta Storm,2,4,0,http://videogames.pricecharting.com/game/xbox/airforce-delta-storm 
Alias,1,1,1,http://videogames.pricecharting.com/game/xbox/alias 
Aliens vs. Predator Extinction,4,8,0,http://videogames.pricecharting.com/game/xbox/aliens-vs-predator-extinction 
All-Star Baseball 2003,1,0,0,http://videogames.pricecharting.com/game/xbox/all-star-baseball-2003 
All-Star Baseball 2004,1,0,0,http://videogames.pricecharting.com/game/xbox/all-star-baseball-2004 
All-Star Baseball 2005,2,1,0,http://videogames.pricecharting.com/game/xbox/all-star-baseball-2005 
Alter Echo,1,1,0,http://videogames.pricecharting.com/game/xbox/alter-echo 
American Chopper,1,1,0,http://videogames.pricecharting.com/game/xbox/american-chopper 
American Chopper 2 Full Throttle,1,0,0,http://videogames.pricecharting.com/game/xbox/american-chopper-2-full-throttle 
American McGee Presents Scrapland,2,1,0,http://videogames.pricecharting.com/game/xbox/american-mcgee-presents-scrapland 
Americas Army Rise of a Soldier,1,1,1,http://videogames.pricecharting.com/game/xbox/americas-army-rise-of-a-soldier 
AMF Bowling 2004,1,1,0,http://videogames.pricecharting.com/game/xbox/amf-bowling-2004 
AMF Xtreme Bowling,1,0,0,http://videogames.pricecharting.com/game/xbox/amf-xtreme-bowling 
Amped Snowboarding,4,4,1,http://videogames.pricecharting.com/game/xbox/amped-snowboarding 
Amped Snowboarding 2,,,,http://videogames.pricecharting.com/game/xbox/amped-snowboarding-2 
And 1 Streetball,1,1,0,http://videogames.pricecharting.com/game/xbox/and-1-streetball 
Antz Extreme Racing,0,0,0,http://videogames.pricecharting.com/game/xbox/antz-extreme-racing 
Apex,1,1,0,http://videogames.pricecharting.com/game/xbox/apex 
Aquaman Battle for Atlantis,1,1,1,http://videogames.pricecharting.com/game/xbox/aquaman-battle-for-atlantis 
Arctic Thunder,2,2,0,http://videogames.pricecharting.com/game/xbox/arctic-thunder 
Area 51,4,8,0,http://videogames.pricecharting.com/game/xbox/area-51 
Arena Football,2,2,1,http://videogames.pricecharting.com/game/xbox/arena-football 
Armed and Dangerous,4,4,1,http://videogames.pricecharting.com/game/xbox/armed-and-dangerous 
Army Men Major Malfunction,1,1,0,http://videogames.pricecharting.com/game/xbox/army-men-major-malfunction 
Army Men Sarge's War,2,4,1,http://videogames.pricecharting.com/game/xbox/army-men-sarge's-war 
Arx Fatalis,4,8,0,http://videogames.pricecharting.com/game/xbox/arx-fatalis 
Atari Anthology,4,4,1,http://videogames.pricecharting.com/game/xbox/atari-anthology 
ATV Quad Power Racing 2,4,4,0,http://videogames.pricecharting.com/game/xbox/atv-quad-power-racing-2 
Auto Modellista,1,1,0,http://videogames.pricecharting.com/game/xbox/auto-modellista 
Avatar the Last Airbender,2,2,0,http://videogames.pricecharting.com/game/xbox/avatar-the-last-airbender 
Azurik Rise of Perathia,4,4,1,http://videogames.pricecharting.com/game/xbox/azurik-rise-of-perathia 
Backyard Wrestling,1,1,0,http://videogames.pricecharting.com/game/xbox/backyard-wrestling 
Backyard Wrestling 2,1,1,1,http://videogames.pricecharting.com/game/xbox/backyard-wrestling-2 
Bad Boys Miami Takedown,1,1,0,http://videogames.pricecharting.com/game/xbox/bad-boys-miami-takedown 
Baldur's Gate Dark Alliance,4,30,1,http://videogames.pricecharting.com/game/xbox/baldur's-gate-dark-alliance 
Baldur's Gate Dark Alliance 2,4,30,0,http://videogames.pricecharting.com/game/xbox/baldur's-gate-dark-alliance-2 
Barbie Horse Adventures Wild Horse Rescue,4,4,0,http://videogames.pricecharting.com/game/xbox/barbie-horse-adventures-wild-horse-rescue 
Bard's Tale,4,4,1,http://videogames.pricecharting.com/game/xbox/bard's-tale 
Bass Pro Shops Trophy Bass 2007,0,0,0,http://videogames.pricecharting.com/game/xbox/bass-pro-shops-trophy-bass-2007 
Bass Pro Shops Trophy Hunter 2007,4,4,,http://videogames.pricecharting.com/game/xbox/bass-pro-shops-trophy-hunter-2007 
Batman Begins,4,12,1,http://videogames.pricecharting.com/game/xbox/batman-begins 
Batman Dark Tomorrow,2,2,0,http://videogames.pricecharting.com/game/xbox/batman-dark-tomorrow 
Batman Rise of Sin Tzu,1,1,0,http://videogames.pricecharting.com/game/xbox/batman-rise-of-sin-tzu 
Batman Vengeance,2,4,0,http://videogames.pricecharting.com/game/xbox/batman-vengeance 
Battle Engine Aquila,1,1,0,http://videogames.pricecharting.com/game/xbox/battle-engine-aquila 
Battlefield 2 Modern Combat,2,4,1,http://videogames.pricecharting.com/game/xbox/battlefield-2-modern-combat 
Battlestar Galactica,4,4,0,http://videogames.pricecharting.com/game/xbox/battlestar-galactica 
Beat Down Fists of Vengeance,1,1,1,http://videogames.pricecharting.com/game/xbox/beat-down-fists-of-vengeance 
Beyond Good and Evil,1,12,1,http://videogames.pricecharting.com/game/xbox/beyond-good-and-evil 
Bicycle Casino,1,1,0,http://videogames.pricecharting.com/game/xbox/bicycle-casino 
Big Mutha Truckers,1,4,0,http://videogames.pricecharting.com/game/xbox/big-mutha-truckers 
Big Mutha Truckers 2,1,2,1,http://videogames.pricecharting.com/game/xbox/big-mutha-truckers-2 
Bionicle,1,1,0,http://videogames.pricecharting.com/game/xbox/bionicle 
Black,4,12,1,http://videogames.pricecharting.com/game/xbox/black 
Black Controller,,,,http://videogames.pricecharting.com/game/xbox/black-controller 
Blackstone Magic and Steel,2,2,0,http://videogames.pricecharting.com/game/xbox/blackstone-magic-and-steel 
Black S Type Controller,,,,http://videogames.pricecharting.com/game/xbox/black-s-type-controller 
Blade 2 II,2,2,0,http://videogames.pricecharting.com/game/xbox/blade-2-ii 
Blazing Angels Squadrons of WWII,1,1,0,http://videogames.pricecharting.com/game/xbox/blazing-angels-squadrons-of-wwii 
Blinx 2,4,8,4,http://videogames.pricecharting.com/game/xbox/blinx-2 
Blinx Time Sweeper,4,30,1,http://videogames.pricecharting.com/game/xbox/blinx-time-sweeper 
Blitz the League,2,4,0,http://videogames.pricecharting.com/game/xbox/blitz-the-league 
Blood Omen 2,4,8,1,http://videogames.pricecharting.com/game/xbox/blood-omen-2 
Bloodrayne,2,8,0,http://videogames.pricecharting.com/game/xbox/bloodrayne 
Bloodrayne 2,1,8,1,http://videogames.pricecharting.com/game/xbox/bloodrayne-2 
Blood Wake,4,8,1,http://videogames.pricecharting.com/game/xbox/blood-wake 
Bloody Roar Extreme,2,4,0,http://videogames.pricecharting.com/game/xbox/bloody-roar-extreme 
Blowout,1,1,0,http://videogames.pricecharting.com/game/xbox/blowout 
Blue S Type Controller,,,,http://videogames.pricecharting.com/game/xbox/blue-s-type-controller 
BMX XXX,1,4,1,http://videogames.pricecharting.com/game/xbox/bmx-xxx 
Breakdown,4,12,1,http://videogames.pricecharting.com/game/xbox/breakdown 
Breeders' Cup World Thoroughbred Championships,1,1,1,http://videogames.pricecharting.com/game/xbox/breeders'-cup-world-thoroughbred-championships 
Broken Sword The Sleeping Dragon,1,1,1,http://videogames.pricecharting.com/game/xbox/broken-sword-the-sleeping-dragon 
Brothers in Arms Earned in Blood,4,4,1,http://videogames.pricecharting.com/game/xbox/brothers-in-arms-earned-in-blood 
Brothers in Arms Road to Hill 30,4,8,1,http://videogames.pricecharting.com/game/xbox/brothers-in-arms-road-to-hill-30 
Bruce Lee Quest of the Dragon,1,8,0,http://videogames.pricecharting.com/game/xbox/bruce-lee-quest-of-the-dragon 
Brute Force,4,12,2,http://videogames.pricecharting.com/game/xbox/brute-force 
Buffy the Vampire Slayer,4,30,1,http://videogames.pricecharting.com/game/xbox/buffy-the-vampire-slayer 
Buffy the Vampire Slayer Chaos Bleeds,4,12,0,http://videogames.pricecharting.com/game/xbox/buffy-the-vampire-slayer-chaos-bleeds 
Burnout,4,8,0,http://videogames.pricecharting.com/game/xbox/burnout 
Burnout 2 Point of Impact,4,4,0,http://videogames.pricecharting.com/game/xbox/burnout-2-point-of-impact 
Burnout 3 Take Down,,,,http://videogames.pricecharting.com/game/xbox/burnout-3-take-down 
Burnout Revenge,4,8,0,http://videogames.pricecharting.com/game/xbox/burnout-revenge 
Cabela's Big Game Hunter 2005 Adventures,2,2,0,http://videogames.pricecharting.com/game/xbox/cabela's-big-game-hunter-2005-adventures 
Cabela's Dangerous Hunts,2,4,0,http://videogames.pricecharting.com/game/xbox/cabela's-dangerous-hunts 
Cabela's Dangerous Hunts 2,2,1,1,http://videogames.pricecharting.com/game/xbox/cabela's-dangerous-hunts-2 
Cabela's Deer Hunt 2004,1,1,0,http://videogames.pricecharting.com/game/xbox/cabela's-deer-hunt-2004 
Cabela's Deer Hunt 2005,1,1,0,http://videogames.pricecharting.com/game/xbox/cabela's-deer-hunt-2005 
Cabela's Outdoor Adventures,2,1,0,http://videogames.pricecharting.com/game/xbox/cabela's-outdoor-adventures 
Call of Cthulhu Dark Corners of the Earth,4,30,1,http://videogames.pricecharting.com/game/xbox/call-of-cthulhu-dark-corners-of-the-earth 
Call of Duty 2 Big Red One,4,30,1,http://videogames.pricecharting.com/game/xbox/call-of-duty-2-big-red-one 
Call of Duty 2 Big Red One Collector's Edition,1,0,0,http://videogames.pricecharting.com/game/xbox/call-of-duty-2-big-red-one-collector's-edition 
Call of Duty 3,4,8,1,http://videogames.pricecharting.com/game/xbox/call-of-duty-3 
Call of Duty Finest Hour,4,12,1,http://videogames.pricecharting.com/game/xbox/call-of-duty-finest-hour 
Capcom Classic Collection,,,,http://videogames.pricecharting.com/game/xbox/capcom-classic-collection 
Capcom Classics Collection Vol 2,,,,http://videogames.pricecharting.com/game/xbox/capcom-classics-collection-vol-2 
Capcom Fighting Evolution,1,4,1,http://videogames.pricecharting.com/game/xbox/capcom-fighting-evolution 
Capcom vs SNK 2,4,8,0,http://videogames.pricecharting.com/game/xbox/capcom-vs-snk-2 
Carmen Sandiego The Secret of the Stolen Drums,0,0,0,http://videogames.pricecharting.com/game/xbox/carmen-sandiego-the-secret-of-the-stolen-drums 
Cars,4,8,0,http://videogames.pricecharting.com/game/xbox/cars 
Carve,1,1,0,http://videogames.pricecharting.com/game/xbox/carve 
Castlevania Curse of Darkness,4,30,2,http://videogames.pricecharting.com/game/xbox/castlevania-curse-of-darkness 
Catwoman,1,1,0,http://videogames.pricecharting.com/game/xbox/catwoman 
Cel Damage,4,4,0,http://videogames.pricecharting.com/game/xbox/cel-damage 
Championship Bowling,1,1,0,http://videogames.pricecharting.com/game/xbox/championship-bowling 
Charlie and the Chocolate Factory,1,1,0,http://videogames.pricecharting.com/game/xbox/charlie-and-the-chocolate-factory 
Chase,1,1,0,http://videogames.pricecharting.com/game/xbox/chase 
Chessmaster,2,2,0,http://videogames.pricecharting.com/game/xbox/chessmaster 
Chicago Enforcer,1,1,0,http://videogames.pricecharting.com/game/xbox/chicago-enforcer 
Chicken Little,1,1,0,http://videogames.pricecharting.com/game/xbox/chicken-little 
Chronicles of Narnia Lion Witch and the Wardrobe,2,1,0,http://videogames.pricecharting.com/game/xbox/chronicles-of-narnia-lion-witch-and-the-wardrobe 
Chronicles of Riddick,4,12,1,http://videogames.pricecharting.com/game/xbox/chronicles-of-riddick 
Circus Maximus Chariot Wars,2,2,0,http://videogames.pricecharting.com/game/xbox/circus-maximus-chariot-wars 
Classified The Sentinel Crisis,0,1,0,http://videogames.pricecharting.com/game/xbox/classified-the-sentinel-crisis 
Clone Wars Tetris Worlds Combo Pack,4,8,1,http://videogames.pricecharting.com/game/xbox/clone-wars-tetris-worlds-combo-pack 
Close Combat First to Fight,1,1,0,http://videogames.pricecharting.com/game/xbox/close-combat-first-to-fight 
Codename Kids Next Door Operation VIDEOGAME,1,1,0,http://videogames.pricecharting.com/game/xbox/codename-kids-next-door-operation-videogame 
Cold Fear,4,8,1,http://videogames.pricecharting.com/game/xbox/cold-fear 
Cold War,1,0,0,http://videogames.pricecharting.com/game/xbox/cold-war 
Colin McRae Rally 04,1,1,0,http://videogames.pricecharting.com/game/xbox/colin-mcrae-rally-04 
Colin McRae Rally 2005,1,1,0,http://videogames.pricecharting.com/game/xbox/colin-mcrae-rally-2005 
Colin McRae Rally 3,1,1,0,http://videogames.pricecharting.com/game/xbox/colin-mcrae-rally-3 
College Hoops 2K7,1,1,0,http://videogames.pricecharting.com/game/xbox/college-hoops-2k7 
Combat Elite WWII Paratroopers,1,1,0,http://videogames.pricecharting.com/game/xbox/combat-elite-wwii-paratroopers 
Combat Task Force 121,1,1,0,http://videogames.pricecharting.com/game/xbox/combat-task-force-121 
Commandos 2 Men of Courage,1,1,0,http://videogames.pricecharting.com/game/xbox/commandos-2-men-of-courage 
Commandos Strike Force,0,0,0,http://videogames.pricecharting.com/game/xbox/commandos-strike-force 
Conflict Desert Storm,4,4,1,http://videogames.pricecharting.com/game/xbox/conflict-desert-storm 
Conflict Desert Storm 2,4,4,0,http://videogames.pricecharting.com/game/xbox/conflict-desert-storm-2 
Conflict Global Terror,2,2,0,http://videogames.pricecharting.com/game/xbox/conflict-global-terror 
Conflict Vietnam,4,4,0,http://videogames.pricecharting.com/game/xbox/conflict-vietnam 
Conker Live and Reloaded,30,60,4,http://videogames.pricecharting.com/game/xbox/conker-live-and-reloaded 
Constantine,1,2,1,http://videogames.pricecharting.com/game/xbox/constantine 
Corvette,1,1,0,http://videogames.pricecharting.com/game/xbox/corvette 
Counter Strike,4,8,0,http://videogames.pricecharting.com/game/xbox/counter-strike 
Crash Bandicoot Super Pack,1,0,0,http://videogames.pricecharting.com/game/xbox/crash-bandicoot-super-pack 
Crash Bandicoot Wrath Cortex,,,,http://videogames.pricecharting.com/game/xbox/crash-bandicoot-wrath-cortex 
Crash N Burn,1,1,0,http://videogames.pricecharting.com/game/xbox/crash-n-burn 
Crash Nitro Kart,4,12,0,http://videogames.pricecharting.com/game/xbox/crash-nitro-kart 
Crash Tag Team Racing,4,4,0,http://videogames.pricecharting.com/game/xbox/crash-tag-team-racing 
Crash Twinsanity,4,8,0,http://videogames.pricecharting.com/game/xbox/crash-twinsanity 
Crazy Taxi 3,4,12,0,http://videogames.pricecharting.com/game/xbox/crazy-taxi-3 
Crime Life Gang Wars,1,1,0,http://videogames.pricecharting.com/game/xbox/crime-life-gang-wars 
Crimson Sea,1,4,0,http://videogames.pricecharting.com/game/xbox/crimson-sea 
Crimson Skies,4,30,4,http://videogames.pricecharting.com/game/xbox/crimson-skies 
Crouching Tiger Hidden Dragon,0,0,0,http://videogames.pricecharting.com/game/xbox/crouching-tiger-hidden-dragon 
Crusty Demons,1,0,0,http://videogames.pricecharting.com/game/xbox/crusty-demons 
CSI Crime Scene Investigation,1,1,0,http://videogames.pricecharting.com/game/xbox/csi-crime-scene-investigation 
Curious George,1,1,0,http://videogames.pricecharting.com/game/xbox/curious-george 
Curse The Eye of Isis,1,4,0,http://videogames.pricecharting.com/game/xbox/curse-the-eye-of-isis 
Dai Senryaku VII Modern Military Tactics,1,1,0,http://videogames.pricecharting.com/game/xbox/dai-senryaku-vii-modern-military-tactics 
Dakar 2 Rally,1,0,0,http://videogames.pricecharting.com/game/xbox/dakar-2-rally 
Dance Dance Revolution Ultramix,2,4,0,http://videogames.pricecharting.com/game/xbox/dance-dance-revolution-ultramix 
Dance Dance Revolution Ultramix 2,2,2,1,http://videogames.pricecharting.com/game/xbox/dance-dance-revolution-ultramix-2 
Dance Dance Revolution Ultramix 2 w/ Dance Pad,0,0,,http://videogames.pricecharting.com/game/xbox/dance-dance-revolution-ultramix-2-w-dance-pad 
Dance Dance Revolution Ultramix 3,1,2,0,http://videogames.pricecharting.com/game/xbox/dance-dance-revolution-ultramix-3 
Dance Dance Revolution Ultramix 3 Bundle,0,0,0,http://videogames.pricecharting.com/game/xbox/dance-dance-revolution-ultramix-3-bundle 
Dance Dance Revolution ULTRAMIX 4,4,2,1,http://videogames.pricecharting.com/game/xbox/dance-dance-revolution-ultramix-4 
Dance Dance Revolution ULTRAMIX 4 Bundle,0,0,1,http://videogames.pricecharting.com/game/xbox/dance-dance-revolution-ultramix-4-bundle 
Dance Dance Revolution Ultramix w/ Pad,0,0,0,http://videogames.pricecharting.com/game/xbox/dance-dance-revolution-ultramix-w-pad 
Dark Angel,1,1,0,http://videogames.pricecharting.com/game/xbox/dark-angel 
Dark Summit,1,1,0,http://videogames.pricecharting.com/game/xbox/dark-summit 
Darkwatch,4,12,0,http://videogames.pricecharting.com/game/xbox/darkwatch 
Dave Mirra Freestyle BMX 2,4,4,0,http://videogames.pricecharting.com/game/xbox/dave-mirra-freestyle-bmx-2 
Da Vinci Code,1,1,1,http://videogames.pricecharting.com/game/xbox/da-vinci-code 
Dead Mans Hand,1,1,0,http://videogames.pricecharting.com/game/xbox/dead-mans-hand 
Dead or Alive 3,4,12,1,http://videogames.pricecharting.com/game/xbox/dead-or-alive-3 
Dead or Alive Beach Volleyball,4,30,1,http://videogames.pricecharting.com/game/xbox/dead-or-alive-beach-volleyball 
Dead or Alive Ultimate,4,8,4,http://videogames.pricecharting.com/game/xbox/dead-or-alive-ultimate 
Dead to Rights,2,4,1,http://videogames.pricecharting.com/game/xbox/dead-to-rights 
Dead to Rights 2,1,1,1,http://videogames.pricecharting.com/game/xbox/dead-to-rights-2 
Deathrow,2,4,0,http://videogames.pricecharting.com/game/xbox/deathrow 
Defender,1,1,0,http://videogames.pricecharting.com/game/xbox/defender 
Def Jam Fight for New York,8,30,1,http://videogames.pricecharting.com/game/xbox/def-jam-fight-for-new-york 
Delta Force Black Hawk Down,2,2,0,http://videogames.pricecharting.com/game/xbox/delta-force-black-hawk-down 
Demon Stone,2,4,2,http://videogames.pricecharting.com/game/xbox/demon-stone 
Destroy All Humans,4,30,4,http://videogames.pricecharting.com/game/xbox/destroy-all-humans 
Destroy All Humans 2,4,12,2,http://videogames.pricecharting.com/game/xbox/destroy-all-humans-2 
Deus Ex Invisible War,4,4,1,http://videogames.pricecharting.com/game/xbox/deus-ex-invisible-war 
Digimon Rumble Arena 2,2,2,0,http://videogames.pricecharting.com/game/xbox/digimon-rumble-arena-2 
Digimon World 4,2,2,0,http://videogames.pricecharting.com/game/xbox/digimon-world-4 
Dino Crisis 3,4,8,0,http://videogames.pricecharting.com/game/xbox/dino-crisis-3 
Dinotopia Sunstone Odyssey,1,1,0,http://videogames.pricecharting.com/game/xbox/dinotopia-sunstone-odyssey 
Disney's Extreme Skate Adventure,4,4,0,http://videogames.pricecharting.com/game/xbox/disney's-extreme-skate-adventure 
Doom 3,4,30,1,http://videogames.pricecharting.com/game/xbox/doom-3 
Doom 3 Collectors Edition,4,30,1,http://videogames.pricecharting.com/game/xbox/doom-3-collectors-edition 
Doom 3 Resurrection of Evil,4,4,0,http://videogames.pricecharting.com/game/xbox/doom-3-resurrection-of-evil 
Dragon Ball Z Sagas,4,4,1,http://videogames.pricecharting.com/game/xbox/dragon-ball-z-sagas 
Dragon's Lair 2 Time Warp,,,,http://videogames.pricecharting.com/game/xbox/dragon's-lair-2-time-warp 
Dragon's Lair 3D,1,8,0,http://videogames.pricecharting.com/game/xbox/dragon's-lair-3d 
Drake of the 99 Dragons,1,1,0,http://videogames.pricecharting.com/game/xbox/drake-of-the-99-dragons 
Dreamfall The Longest Journey,4,8,0,http://videogames.pricecharting.com/game/xbox/dreamfall-the-longest-journey 
Driv3r Driver 3,2,8,1,http://videogames.pricecharting.com/game/xbox/driv3r-driver-3 
Driver Parallel Lines,2,2,0,http://videogames.pricecharting.com/game/xbox/driver-parallel-lines 
Driver Parallel Lines Limited Edition,0,0,0,http://videogames.pricecharting.com/game/xbox/driver-parallel-lines-limited-edition 
Dr. Muto,2,4,1,http://videogames.pricecharting.com/game/xbox/dr-muto 
Dukes of Hazzard Return of the General Lee,4,8,0,http://videogames.pricecharting.com/game/xbox/dukes-of-hazzard-return-of-the-general-lee 
Dungeons and Dragons Heroes,,,,http://videogames.pricecharting.com/game/xbox/dungeons-and-dragons-heroes 
DVD Movie Playback Kit,,,,http://videogames.pricecharting.com/game/xbox/dvd-movie-playback-kit 
Dynasty Warriors 3,1,1,0,http://videogames.pricecharting.com/game/xbox/dynasty-warriors-3 
Dynasty Warriors 4,4,2,0,http://videogames.pricecharting.com/game/xbox/dynasty-warriors-4 
Dynasty Warriors 5,1,1,0,http://videogames.pricecharting.com/game/xbox/dynasty-warriors-5 
Ed Edd N Eddy Mis-Edventures,1,1,0,http://videogames.pricecharting.com/game/xbox/ed-edd-n-eddy-mis-edventures 
Egg Mania,1,1,0,http://videogames.pricecharting.com/game/xbox/egg-mania 
Elder Scrolls 3 III Morrowind,,,,http://videogames.pricecharting.com/game/xbox/elder-scrolls-3-iii-morrowind 
Enclave,4,8,1,http://videogames.pricecharting.com/game/xbox/enclave 
Enter the Matrix,4,8,1,http://videogames.pricecharting.com/game/xbox/enter-the-matrix 
Eragon,1,1,0,http://videogames.pricecharting.com/game/xbox/eragon 
ESPN Baseball 2004,1,0,0,http://videogames.pricecharting.com/game/xbox/espn-baseball-2004 
ESPN Basketball 2004,1,0,0,http://videogames.pricecharting.com/game/xbox/espn-basketball-2004 
ESPN Basketball 2005,,,,http://videogames.pricecharting.com/game/xbox/espn-basketball-2005 
ESPN College Hoops 2004,0,0,0,http://videogames.pricecharting.com/game/xbox/espn-college-hoops-2004 
ESPN College Hoops 2005,,,,http://videogames.pricecharting.com/game/xbox/espn-college-hoops-2005 
ESPN College Hoops 2006,1,0,0,http://videogames.pricecharting.com/game/xbox/espn-college-hoops-2006 
ESPN Football 2004,1,1,0,http://videogames.pricecharting.com/game/xbox/espn-football-2004 
ESPN Football 2005,,,,http://videogames.pricecharting.com/game/xbox/espn-football-2005 
ESPN Hockey 2004,0,0,0,http://videogames.pricecharting.com/game/xbox/espn-hockey-2004 
ESPN Major League Baseball 2K5,1,1,1,http://videogames.pricecharting.com/game/xbox/espn-major-league-baseball-2k5 
ESPN NBA 2Night 2002,0,0,0,http://videogames.pricecharting.com/game/xbox/espn-nba-2night-2002 
ESPN NFL Prime Time 2002,0,0,0,http://videogames.pricecharting.com/game/xbox/espn-nfl-prime-time-2002 
ESPN NHL 2K5,1,1,1,http://videogames.pricecharting.com/game/xbox/espn-nhl-2k5 
ESPN Winter Sports 2002,0,0,0,http://videogames.pricecharting.com/game/xbox/espn-winter-sports-2002 
ESPN X Games Snowboarding 2002,0,0,0,http://videogames.pricecharting.com/game/xbox/espn-x-games-snowboarding-2002 
Everything or Nothing,,,,http://videogames.pricecharting.com/game/xbox/everything-or-nothing 
Evil Dead Fistful of Boomstick,4,8,0,http://videogames.pricecharting.com/game/xbox/evil-dead-fistful-of-boomstick 
Evil Dead Regeneration,4,8,1,http://videogames.pricecharting.com/game/xbox/evil-dead-regeneration 
F1 2001,1,1,0,http://videogames.pricecharting.com/game/xbox/f1-2001 
Fable,4,30,1,http://videogames.pricecharting.com/game/xbox/fable 
Fable Bonus DVD,,,,http://videogames.pricecharting.com/game/xbox/fable-bonus-dvd 
Fable the Lost Chapters,4,30,4,http://videogames.pricecharting.com/game/xbox/fable-the-lost-chapters 
Fairly Odd Parents: Breakin' Da Rules,1,1,0,http://videogames.pricecharting.com/game/xbox/fairly-odd-parents-breakin'-da-rules 
Fallout Brotherhood of Steel,4,4,1,http://videogames.pricecharting.com/game/xbox/fallout-brotherhood-of-steel 
Family Guy,4,4,1,http://videogames.pricecharting.com/game/xbox/family-guy 
Fantastic 4,2,2,0,http://videogames.pricecharting.com/game/xbox/fantastic-4 
Far Cry Instincts,4,8,1,http://videogames.pricecharting.com/game/xbox/far-cry-instincts 
Far Cry Instincts Evolution,2,4,0,http://videogames.pricecharting.com/game/xbox/far-cry-instincts-evolution 
Fatal Frame,4,12,0,http://videogames.pricecharting.com/game/xbox/fatal-frame 
Fatal Frame 2,4,12,1,http://videogames.pricecharting.com/game/xbox/fatal-frame-2 
FIFA 2002 World Cup,1,1,0,http://videogames.pricecharting.com/game/xbox/fifa-2002-world-cup 
FIFA 2003,1,1,0,http://videogames.pricecharting.com/game/xbox/fifa-2003 
FIFA 2004,1,1,0,http://videogames.pricecharting.com/game/xbox/fifa-2004 
FIFA 2005,2,1,0,http://videogames.pricecharting.com/game/xbox/fifa-2005 
FIFA 2006,,,,http://videogames.pricecharting.com/game/xbox/fifa-2006 
FIFA 2007,,,,http://videogames.pricecharting.com/game/xbox/fifa-2007 
FIFA Street,1,1,0,http://videogames.pricecharting.com/game/xbox/fifa-street 
FIFA Street 2,2,1,1,http://videogames.pricecharting.com/game/xbox/fifa-street-2 
FIFA World Cup 2006 Germany,1,1,0,http://videogames.pricecharting.com/game/xbox/fifa-world-cup-2006-germany 
Fight Club,1,1,1,http://videogames.pricecharting.com/game/xbox/fight-club 
Fight Night 2004,2,2,0,http://videogames.pricecharting.com/game/xbox/fight-night-2004 
Fight Night Round 2,2,4,0,http://videogames.pricecharting.com/game/xbox/fight-night-round-2 
Fight Night Round 3,1,2,0,http://videogames.pricecharting.com/game/xbox/fight-night-round-3 
Final Fight Streetwise,1,1,0,http://videogames.pricecharting.com/game/xbox/final-fight-streetwise 
Finding Nemo,4,4,0,http://videogames.pricecharting.com/game/xbox/finding-nemo 
Fire Blade,1,1,0,http://videogames.pricecharting.com/game/xbox/fire-blade 
Flatout,4,8,0,http://videogames.pricecharting.com/game/xbox/flatout 
Flatout 2,4,4,0,http://videogames.pricecharting.com/game/xbox/flatout-2 
Ford Bold Moves Street Racing,0,1,0,http://videogames.pricecharting.com/game/xbox/ford-bold-moves-street-racing 
Ford Mustang The Legend Lives,1,1,0,http://videogames.pricecharting.com/game/xbox/ford-mustang-the-legend-lives 
Ford Racing 2,1,1,0,http://videogames.pricecharting.com/game/xbox/ford-racing-2 
Ford Racing 3,1,1,0,http://videogames.pricecharting.com/game/xbox/ford-racing-3 
Ford vs Chevy,1,1,0,http://videogames.pricecharting.com/game/xbox/ford-vs-chevy 
Forza Motorsport,4,30,4,http://videogames.pricecharting.com/game/xbox/forza-motorsport 
Freaky Flyers,1,1,0,http://videogames.pricecharting.com/game/xbox/freaky-flyers 
Freedom Fighters,4,8,0,http://videogames.pricecharting.com/game/xbox/freedom-fighters 
Freestyle Metal X,0,0,0,http://videogames.pricecharting.com/game/xbox/freestyle-metal-x 
Freestyle Street Soccer,1,0,0,http://videogames.pricecharting.com/game/xbox/freestyle-street-soccer 
Frogger Ancient Shadow,1,1,0,http://videogames.pricecharting.com/game/xbox/frogger-ancient-shadow 
Frogger Beyond,2,2,0,http://videogames.pricecharting.com/game/xbox/frogger-beyond 
From Russia With Love,,,,http://videogames.pricecharting.com/game/xbox/from-russia-with-love 
Full Spectrum Warrior,1,4,1,http://videogames.pricecharting.com/game/xbox/full-spectrum-warrior 
Full Spectrum Warrior Ten Hammers,1,1,0,http://videogames.pricecharting.com/game/xbox/full-spectrum-warrior-ten-hammers 
Furious Karting,1,0,0,http://videogames.pricecharting.com/game/xbox/furious-karting 
Futurama,4,8,0,http://videogames.pricecharting.com/game/xbox/futurama 
Future Tactics The Uprising,0,0,0,http://videogames.pricecharting.com/game/xbox/future-tactics-the-uprising 
Fuzion Frenzy,8,60,4,http://videogames.pricecharting.com/game/xbox/fuzion-frenzy 
Galleon,1,2,1,http://videogames.pricecharting.com/game/xbox/galleon 
Gander Mountain's Trophy Hunter 2006,0,0,0,http://videogames.pricecharting.com/game/xbox/gander-mountain's-trophy-hunter-2006 
Gauntlet Dark Legacy,4,30,0,http://videogames.pricecharting.com/game/xbox/gauntlet-dark-legacy 
Gauntlet Seven Sorrows,4,4,0,http://videogames.pricecharting.com/game/xbox/gauntlet-seven-sorrows 
Genma Onimusha,4,8,1,http://videogames.pricecharting.com/game/xbox/genma-onimusha 
Ghost Recon,4,8,1,http://videogames.pricecharting.com/game/xbox/ghost-recon 
Ghost Recon 2,4,4,1,http://videogames.pricecharting.com/game/xbox/ghost-recon-2 
Ghost Recon 2 Summit Strike,4,4,0,http://videogames.pricecharting.com/game/xbox/ghost-recon-2-summit-strike 
Ghost Recon Advanced Warfighter,2,1,0,http://videogames.pricecharting.com/game/xbox/ghost-recon-advanced-warfighter 
Ghost Recon Advanced Warfighter Limited Edition,1,0,0,http://videogames.pricecharting.com/game/xbox/ghost-recon-advanced-warfighter-limited-edition 
Ghost Recon Island Thunder,4,4,1,http://videogames.pricecharting.com/game/xbox/ghost-recon-island-thunder 
Gladiator Sword of Vengeance,1,1,0,http://videogames.pricecharting.com/game/xbox/gladiator-sword-of-vengeance 
Gladius,4,8,1,http://videogames.pricecharting.com/game/xbox/gladius 
Goblin Commander,4,1,0,http://videogames.pricecharting.com/game/xbox/goblin-commander 
Godzilla Destroy All Monsters Melee,4,12,0,http://videogames.pricecharting.com/game/xbox/godzilla-destroy-all-monsters-melee 
Godzilla Save the Earth,4,12,0,http://videogames.pricecharting.com/game/xbox/godzilla-save-the-earth 
Goldeneye Rogue Agent,,,,http://videogames.pricecharting.com/game/xbox/goldeneye-rogue-agent 
Grabbed by the Ghoulies,4,12,2,http://videogames.pricecharting.com/game/xbox/grabbed-by-the-ghoulies 
Grand Theft Auto Double Pack,4,30,4,http://videogames.pricecharting.com/game/xbox/grand-theft-auto-double-pack 
Grand Theft Auto III,4,12,1,http://videogames.pricecharting.com/game/xbox/grand-theft-auto-iii 
Grand Theft Auto San Andreas,4,30,4,http://videogames.pricecharting.com/game/xbox/grand-theft-auto-san-andreas 
Grand Theft Auto San Andreas: Second Edition,4,1,0,http://videogames.pricecharting.com/game/xbox/grand-theft-auto-san-andreas-second-edition 
Grand Theft Auto Trilogy,4,8,1,http://videogames.pricecharting.com/game/xbox/grand-theft-auto-trilogy 
Grand Theft Auto Vice City,4,30,1,http://videogames.pricecharting.com/game/xbox/grand-theft-auto-vice-city 
Gravity Games Bike Street Vert Dirt,1,0,0,http://videogames.pricecharting.com/game/xbox/gravity-games-bike-street-vert-dirt 
Great Escape,1,1,0,http://videogames.pricecharting.com/game/xbox/great-escape 
Green S Type Controller,,,,http://videogames.pricecharting.com/game/xbox/green-s-type-controller 
Greg Hastings Tournament Paintball,2,2,0,http://videogames.pricecharting.com/game/xbox/greg-hastings-tournament-paintball 
Greg Hastings Tournament Paintball Maxed,1,1,0,http://videogames.pricecharting.com/game/xbox/greg-hastings-tournament-paintball-maxed 
Grooverider Slot Car Thunder,1,1,0,http://videogames.pricecharting.com/game/xbox/grooverider-slot-car-thunder 
Group S Challenge,0,1,0,http://videogames.pricecharting.com/game/xbox/group-s-challenge 
Guilty Gear X2 Reload,4,4,1,http://videogames.pricecharting.com/game/xbox/guilty-gear-x2-reload 
Gun,4,8,1,http://videogames.pricecharting.com/game/xbox/gun 
Gungriffon Allied Strike,1,1,0,http://videogames.pricecharting.com/game/xbox/gungriffon-allied-strike 
Gun Metal GunMetal,1,1,0,http://videogames.pricecharting.com/game/xbox/gun-metal-gunmetal 
Gunvalkyrie,4,12,1,http://videogames.pricecharting.com/game/xbox/gunvalkyrie 
Half-Life 2,4,30,2,http://videogames.pricecharting.com/game/xbox/half-life-2 
Halo 2,30,150,8,http://videogames.pricecharting.com/game/xbox/halo-2 
Halo 2 Collectors Edition,4,60,8,http://videogames.pricecharting.com/game/xbox/halo-2-collectors-edition 
Halo 2 Map Pak,4,12,4,http://videogames.pricecharting.com/game/xbox/halo-2-map-pak 
Halo: Combat Evolved,12,120,12,http://videogames.pricecharting.com/game/xbox/halo-combat-evolved 
Halo Limited Edition Xbox System,1,,,http://videogames.pricecharting.com/game/xbox/halo-limited-edition-xbox-system 
Halo Triple Pack,1,0,1,http://videogames.pricecharting.com/game/xbox/halo-triple-pack 
Harry Potter Chamber of Secrets,4,12,1,http://videogames.pricecharting.com/game/xbox/harry-potter-chamber-of-secrets 
Harry Potter Goblet of Fire,4,4,1,http://videogames.pricecharting.com/game/xbox/harry-potter-goblet-of-fire 
Harry Potter Prisoner of Azkaban,4,12,0,http://videogames.pricecharting.com/game/xbox/harry-potter-prisoner-of-azkaban 
Harry Potter Quidditch World Cup,4,4,0,http://videogames.pricecharting.com/game/xbox/harry-potter-quidditch-world-cup 
Harry Potter Sorcerers Stone,4,12,0,http://videogames.pricecharting.com/game/xbox/harry-potter-sorcerers-stone 
Haunted Mansion,4,4,1,http://videogames.pricecharting.com/game/xbox/haunted-mansion 
Headhunter Redemption,0,0,0,http://videogames.pricecharting.com/game/xbox/headhunter-redemption 
Heroes of the Pacific,1,1,0,http://videogames.pricecharting.com/game/xbox/heroes-of-the-pacific 
High Heat Baseball 2004,1,0,0,http://videogames.pricecharting.com/game/xbox/high-heat-baseball-2004 
High Rollers Casino,2,1,4,http://videogames.pricecharting.com/game/xbox/high-rollers-casino 
Hitman 2,2,4,1,http://videogames.pricecharting.com/game/xbox/hitman-2 
Hitman Blood Money,1,1,0,http://videogames.pricecharting.com/game/xbox/hitman-blood-money 
Hitman Contracts,1,2,1,http://videogames.pricecharting.com/game/xbox/hitman-contracts 
Hot Wheels Stunt Track Challenge,1,1,0,http://videogames.pricecharting.com/game/xbox/hot-wheels-stunt-track-challenge 
House of the Dead 3,4,30,0,http://videogames.pricecharting.com/game/xbox/house-of-the-dead-3 
Hummer Badlands,1,0,0,http://videogames.pricecharting.com/game/xbox/hummer-badlands 
Hunter the Reckoning,4,8,0,http://videogames.pricecharting.com/game/xbox/hunter-the-reckoning 
Hunter the Reckoning Redeemer,4,8,1,http://videogames.pricecharting.com/game/xbox/hunter-the-reckoning-redeemer 
Ice Age 2 The Meltdown,1,1,0,http://videogames.pricecharting.com/game/xbox/ice-age-2-the-meltdown 
IHRA Drag Racing 2004,1,1,0,http://videogames.pricecharting.com/game/xbox/ihra-drag-racing-2004 
IHRA Drag Racing Sportsman Edition,1,1,0,http://videogames.pricecharting.com/game/xbox/ihra-drag-racing-sportsman-edition 
IHRA Professional Drag Racing 2005,1,1,1,http://videogames.pricecharting.com/game/xbox/ihra-professional-drag-racing-2005 
Indiana Jones and the Emperor's Tomb,4,8,1,http://videogames.pricecharting.com/game/xbox/indiana-jones-and-the-emperor's-tomb 
Indigo Prophecy,4,4,1,http://videogames.pricecharting.com/game/xbox/indigo-prophecy 
IndyCar Series,0,1,4,http://videogames.pricecharting.com/game/xbox/indycar-series 
IndyCar Series 2005,1,2,0,http://videogames.pricecharting.com/game/xbox/indycar-series-2005 
I-Ninja,1,4,0,http://videogames.pricecharting.com/game/xbox/i-ninja 
Inside Pitch 2003,1,0,0,http://videogames.pricecharting.com/game/xbox/inside-pitch-2003 
Intellivision Lives,2,2,0,http://videogames.pricecharting.com/game/xbox/intellivision-lives 
Iron Phoenix,1,1,0,http://videogames.pricecharting.com/game/xbox/iron-phoenix 
Italian Job,1,1,0,http://videogames.pricecharting.com/game/xbox/italian-job 
Jacked,,,,http://videogames.pricecharting.com/game/xbox/jacked 
Jade Empire,4,12,2,http://videogames.pricecharting.com/game/xbox/jade-empire 
Jade Empire Limited Edition,4,30,2,http://videogames.pricecharting.com/game/xbox/jade-empire-limited-edition 
Jaws,,,,http://videogames.pricecharting.com/game/xbox/jaws 
JSRF Jet Set Radio Future,4,30,1,http://videogames.pricecharting.com/game/xbox/jsrf-jet-set-radio-future 
Judge Dredd Dredd vs Death,1,1,0,http://videogames.pricecharting.com/game/xbox/judge-dredd-dredd-vs-death 
Juiced,4,4,0,http://videogames.pricecharting.com/game/xbox/juiced 
Jurassic Park Operation Genesis,8,8,0,http://videogames.pricecharting.com/game/xbox/jurassic-park-operation-genesis 
Just Cause,1,2,0,http://videogames.pricecharting.com/game/xbox/just-cause 
Justice League Heroes,4,8,1,http://videogames.pricecharting.com/game/xbox/justice-league-heroes 
Kabuki Warriors,1,1,1,http://videogames.pricecharting.com/game/xbox/kabuki-warriors 
Kakuto Chojin,2,4,1,http://videogames.pricecharting.com/game/xbox/kakuto-chojin 
Karaoke Revolution,1,1,1,http://videogames.pricecharting.com/game/xbox/karaoke-revolution 
Karaoke Revolution Party,1,1,1,http://videogames.pricecharting.com/game/xbox/karaoke-revolution-party 
Karaoke Revolution Party w/ Microphone,0,0,0,http://videogames.pricecharting.com/game/xbox/karaoke-revolution-party-w-microphone 
Karaoke Revolution w/ Microphone,0,0,0,http://videogames.pricecharting.com/game/xbox/karaoke-revolution-w-microphone 
Kelly Slater's Pro Surfer,4,4,0,http://videogames.pricecharting.com/game/xbox/kelly-slater's-pro-surfer 
Kill.Switch,1,4,0,http://videogames.pricecharting.com/game/xbox/killswitch 
King Arthur,1,1,0,http://videogames.pricecharting.com/game/xbox/king-arthur 
Kingdom Under Fire Crusades,4,8,1,http://videogames.pricecharting.com/game/xbox/kingdom-under-fire-crusades 
Kingdom Under Fire Heroes,4,8,4,http://videogames.pricecharting.com/game/xbox/kingdom-under-fire-heroes 
King Kong the Movie,4,2,1,http://videogames.pricecharting.com/game/xbox/king-kong-the-movie 
King of Fighters 2002/2003,1,4,1,http://videogames.pricecharting.com/game/xbox/king-of-fighters-20022003 
King of Fighters Maximum Impact Maniax,2,1,1,http://videogames.pricecharting.com/game/xbox/king-of-fighters-maximum-impact-maniax 
King of Fighters Neowave,1,1,0,http://videogames.pricecharting.com/game/xbox/king-of-fighters-neowave 
Knight's Apprentice Memorick's Adventures,1,0,0,http://videogames.pricecharting.com/game/xbox/knight's-apprentice-memorick's-adventures 
Knockout Kings 2002,1,1,0,http://videogames.pricecharting.com/game/xbox/knockout-kings-2002 
Kung Fu Chaos,4,8,1,http://videogames.pricecharting.com/game/xbox/kung-fu-chaos 
Land of the Dead Road to Fiddler's Green,4,4,0,http://videogames.pricecharting.com/game/xbox/land-of-the-dead-road-to-fiddler's-green 
LA Rush,2,1,0,http://videogames.pricecharting.com/game/xbox/la-rush 
Legacy of Kain Defiance,2,4,1,http://videogames.pricecharting.com/game/xbox/legacy-of-kain-defiance 
Legend of Spyro A New Beginning,2,8,0,http://videogames.pricecharting.com/game/xbox/legend-of-spyro-a-new-beginning 
Legends of Wrestling,1,1,0,http://videogames.pricecharting.com/game/xbox/legends-of-wrestling 
Legends of Wrestling II,2,1,0,http://videogames.pricecharting.com/game/xbox/legends-of-wrestling-ii 
LEGO Star Wars,4,8,1,http://videogames.pricecharting.com/game/xbox/lego-star-wars 
LEGO Star Wars II Original Trilogy,4,8,1,http://videogames.pricecharting.com/game/xbox/lego-star-wars-ii-original-trilogy 
Leisure Suit Larry Magna Cum Laude,4,12,0,http://videogames.pricecharting.com/game/xbox/leisure-suit-larry-magna-cum-laude 
Lemony Snicket's A Series of Unfortunate Events,2,1,0,http://videogames.pricecharting.com/game/xbox/lemony-snicket's-a-series-of-unfortunate-events 
Limited Edition Mountain Dew Xbox,30,8,,http://videogames.pricecharting.com/game/xbox/limited-edition-mountain-dew-xbox 
Links 2004,1,1,1,http://videogames.pricecharting.com/game/xbox/links-2004 
Live Starter Set,0,1,,http://videogames.pricecharting.com/game/xbox/live-starter-set 
Logitech Wireless Attack Controller,,,,http://videogames.pricecharting.com/game/xbox/logitech-wireless-attack-controller 
Logitech Wireless Black Controller,,,,http://videogames.pricecharting.com/game/xbox/logitech-wireless-black-controller 
Loons Fight for Fame,1,2,0,http://videogames.pricecharting.com/game/xbox/loons-fight-for-fame 
Lord of the Rings Fellowship,4,4,1,http://videogames.pricecharting.com/game/xbox/lord-of-the-rings-fellowship 
Lord of the Rings Return of King,,,,http://videogames.pricecharting.com/game/xbox/lord-of-the-rings-return-of-king 
Lord of the Rings Third Age,4,12,2,http://videogames.pricecharting.com/game/xbox/lord-of-the-rings-third-age 
Lord of the Rings Two Towers,4,8,1,http://videogames.pricecharting.com/game/xbox/lord-of-the-rings-two-towers 
Mace Griffin Bounty Hunter,1,2,1,http://videogames.pricecharting.com/game/xbox/mace-griffin-bounty-hunter 
Madagascar,4,4,0,http://videogames.pricecharting.com/game/xbox/madagascar 
Mad Dash Racing,2,4,0,http://videogames.pricecharting.com/game/xbox/mad-dash-racing 
Madden 2002,1,1,0,http://videogames.pricecharting.com/game/xbox/madden-2002 
Madden 2003 Football,,,,http://videogames.pricecharting.com/game/xbox/madden-2003-football 
Madden 2004,1,1,0,http://videogames.pricecharting.com/game/xbox/madden-2004 
Madden 2005,2,2,1,http://videogames.pricecharting.com/game/xbox/madden-2005 
Madden 2006,2,4,1,http://videogames.pricecharting.com/game/xbox/madden-2006 
Madden 2007,4,4,1,http://videogames.pricecharting.com/game/xbox/madden-2007 
Madden 2008,4,1,1,http://videogames.pricecharting.com/game/xbox/madden-2008 
Madden 2009,2,4,0,http://videogames.pricecharting.com/game/xbox/madden-2009 
Mad Dog McCree,0,0,,http://videogames.pricecharting.com/game/xbox/mad-dog-mccree 
Mafia,4,12,1,http://videogames.pricecharting.com/game/xbox/mafia 
Magic the Gathering Battlegrounds,4,4,1,http://videogames.pricecharting.com/game/xbox/magic-the-gathering-battlegrounds 
Major League Baseball 2K5 World Series Edition,0,0,0,http://videogames.pricecharting.com/game/xbox/major-league-baseball-2k5-world-series-edition 
Major League Baseball 2K6,1,1,0,http://videogames.pricecharting.com/game/xbox/major-league-baseball-2k6 
Major League Baseball 2K7,1,1,0,http://videogames.pricecharting.com/game/xbox/major-league-baseball-2k7 
Malice,1,1,1,http://videogames.pricecharting.com/game/xbox/malice 
Manhunt,4,12,1,http://videogames.pricecharting.com/game/xbox/manhunt 
Marc Ecko's Getting Up Contents Under Pressure,1,4,1,http://videogames.pricecharting.com/game/xbox/marc-ecko's-getting-up-contents-under-pressure 
Marc Ecko's Getting Up: Contents Under Pressure: Limited Edition,0,0,0,http://videogames.pricecharting.com/game/xbox/marc-ecko's-getting-up-contents-under-pressure-limited-edition 
Marvel Nemesis Rise of the Imperfects,4,8,0,http://videogames.pricecharting.com/game/xbox/marvel-nemesis-rise-of-the-imperfects 
Marvel Ultimate Alliance,4,4,1,http://videogames.pricecharting.com/game/xbox/marvel-ultimate-alliance 
Marvel vs Capcom 2,4,30,0,http://videogames.pricecharting.com/game/xbox/marvel-vs-capcom-2 
Mat Hoffman's Pro BMX 2,2,1,0,http://videogames.pricecharting.com/game/xbox/mat-hoffman's-pro-bmx-2 
Maximum Chase,1,1,0,http://videogames.pricecharting.com/game/xbox/maximum-chase 
Max Payne,4,12,1,http://videogames.pricecharting.com/game/xbox/max-payne 
Max Payne 2 Fall of Max Payne,4,30,2,http://videogames.pricecharting.com/game/xbox/max-payne-2-fall-of-max-payne 
MechAssault,4,30,2,http://videogames.pricecharting.com/game/xbox/mechassault 
MechAssault 2 Lone Wolf,4,12,4,http://videogames.pricecharting.com/game/xbox/mechassault-2-lone-wolf 
MechAssault 2 Lone Wolf Limited Edition,1,1,1,http://videogames.pricecharting.com/game/xbox/mechassault-2-lone-wolf-limited-edition 
Medal of Honor European Assault,4,12,1,http://videogames.pricecharting.com/game/xbox/medal-of-honor-european-assault 
Medal of Honor Frontline,4,8,1,http://videogames.pricecharting.com/game/xbox/medal-of-honor-frontline 
Medal of Honor Rising Sun,4,12,1,http://videogames.pricecharting.com/game/xbox/medal-of-honor-rising-sun 
Mega Man Anniversary Collection,4,12,1,http://videogames.pricecharting.com/game/xbox/mega-man-anniversary-collection 
Men of Valor,1,4,1,http://videogames.pricecharting.com/game/xbox/men-of-valor 
Mercenaries,4,30,1,http://videogames.pricecharting.com/game/xbox/mercenaries 
Metal Arms Glitch in the System,4,8,1,http://videogames.pricecharting.com/game/xbox/metal-arms-glitch-in-the-system 
Metal Dungeon,1,1,0,http://videogames.pricecharting.com/game/xbox/metal-dungeon 
Metal Gear Solid 2,4,8,1,http://videogames.pricecharting.com/game/xbox/metal-gear-solid-2 
Metal Slug 3,4,8,0,http://videogames.pricecharting.com/game/xbox/metal-slug-3 
Metal Slug 4 & 5,4,4,1,http://videogames.pricecharting.com/game/xbox/metal-slug-4-%26-5 
Metal Wolf Chaos [Japan],0,,,http://videogames.pricecharting.com/game/xbox/metal-wolf-chaos-%5Bjapan%5D 
Midnight Club 2,4,4,0,http://videogames.pricecharting.com/game/xbox/midnight-club-2 
Midnight Club 3 Dub Edition,4,8,0,http://videogames.pricecharting.com/game/xbox/midnight-club-3-dub-edition 
Midnight Club 3 Dub Edition Remix,4,12,0,http://videogames.pricecharting.com/game/xbox/midnight-club-3-dub-edition-remix 
Midtown Madness 3,4,8,1,http://videogames.pricecharting.com/game/xbox/midtown-madness-3 
Midway Arcade Treasures,4,12,2,http://videogames.pricecharting.com/game/xbox/midway-arcade-treasures 
Midway Arcade Treasures 2,4,8,1,http://videogames.pricecharting.com/game/xbox/midway-arcade-treasures-2 
Midway Arcade Treasures 3,4,8,2,http://videogames.pricecharting.com/game/xbox/midway-arcade-treasures-3 
Mike Tyson Boxing,1,0,0,http://videogames.pricecharting.com/game/xbox/mike-tyson-boxing 
Minority Report,1,1,0,http://videogames.pricecharting.com/game/xbox/minority-report 
Mission Impossible Operation Surma,1,1,0,http://videogames.pricecharting.com/game/xbox/mission-impossible-operation-surma 
MLB Slugfest 2003,1,1,0,http://videogames.pricecharting.com/game/xbox/mlb-slugfest-2003 
MLB Slugfest 2004,1,1,0,http://videogames.pricecharting.com/game/xbox/mlb-slugfest-2004 
MLB Slugfest 2006,2,1,0,http://videogames.pricecharting.com/game/xbox/mlb-slugfest-2006 
MLB SlugFest Loaded,2,1,0,http://videogames.pricecharting.com/game/xbox/mlb-slugfest-loaded 
MLS ExtraTime 2002,,,,http://videogames.pricecharting.com/game/xbox/mls-extratime-2002 
Mojo,1,1,0,http://videogames.pricecharting.com/game/xbox/mojo 
Monopoly Party,1,2,0,http://videogames.pricecharting.com/game/xbox/monopoly-party 
Monster 4X4 World Circuit,1,1,0,http://videogames.pricecharting.com/game/xbox/monster-4x4-world-circuit 
Monster Garage,1,1,0,http://videogames.pricecharting.com/game/xbox/monster-garage 
Morrowind Gold: Game Of The Year,,,,http://videogames.pricecharting.com/game/xbox/morrowind-gold-game-of-the-year 
Mortal Kombat Armageddon,4,30,1,http://videogames.pricecharting.com/game/xbox/mortal-kombat-armageddon 
Mortal Kombat Deadly Alliance,4,12,1,http://videogames.pricecharting.com/game/xbox/mortal-kombat-deadly-alliance 
Mortal Kombat Deception,4,12,1,http://videogames.pricecharting.com/game/xbox/mortal-kombat-deception 
Mortal Kombat: Deception Kollector's Edition: Mileena Version,4,4,1,http://videogames.pricecharting.com/game/xbox/mortal-kombat-deception-kollector's-edition-mileena-version 
Mortal Kombat Deception Premium Pack,1,1,0,http://videogames.pricecharting.com/game/xbox/mortal-kombat-deception-premium-pack 
Mortal Kombat Shaolin Monks,4,8,1,http://videogames.pricecharting.com/game/xbox/mortal-kombat-shaolin-monks 
Motocross Mania 3,0,0,0,http://videogames.pricecharting.com/game/xbox/motocross-mania-3 
Moto GP,1,1,0,http://videogames.pricecharting.com/game/xbox/moto-gp 
Moto GP 2,1,1,0,http://videogames.pricecharting.com/game/xbox/moto-gp-2 
Moto GP 3,1,1,0,http://videogames.pricecharting.com/game/xbox/moto-gp-3 
Motor Trend Presents Lotus Challenge,0,0,0,http://videogames.pricecharting.com/game/xbox/motor-trend-presents-lotus-challenge 
MTV Celebrity Deathmatch,1,2,1,http://videogames.pricecharting.com/game/xbox/mtv-celebrity-deathmatch 
MTV Music Generator 3 This is the Remix,4,1,1,http://videogames.pricecharting.com/game/xbox/mtv-music-generator-3-this-is-the-remix 
MTX Mototrax,1,1,0,http://videogames.pricecharting.com/game/xbox/mtx-mototrax 
Murakumo Renegade Mech Pursuit,1,2,0,http://videogames.pricecharting.com/game/xbox/murakumo-renegade-mech-pursuit 
MVP Baseball 2003,1,1,0,http://videogames.pricecharting.com/game/xbox/mvp-baseball-2003 
MVP Baseball 2004,1,2,0,http://videogames.pricecharting.com/game/xbox/mvp-baseball-2004 
MVP Baseball 2005,4,8,1,http://videogames.pricecharting.com/game/xbox/mvp-baseball-2005 
MVP NCAA Baseball 2006,4,4,1,http://videogames.pricecharting.com/game/xbox/mvp-ncaa-baseball-2006 
MX 2002,1,1,0,http://videogames.pricecharting.com/game/xbox/mx-2002 
MX Superfly,1,0,0,http://videogames.pricecharting.com/game/xbox/mx-superfly 
MX Unleashed,4,4,0,http://videogames.pricecharting.com/game/xbox/mx-unleashed 
MX vs. ATV Unleashed,4,4,0,http://videogames.pricecharting.com/game/xbox/mx-vs-atv-unleashed 
MX World Tour,1,0,0,http://videogames.pricecharting.com/game/xbox/mx-world-tour 
Myst 3 Exile,2,4,0,http://videogames.pricecharting.com/game/xbox/myst-3-exile 
Myst IV Revelation,2,4,1,http://videogames.pricecharting.com/game/xbox/myst-iv-revelation 
Namco Museum,4,12,2,http://videogames.pricecharting.com/game/xbox/namco-museum 
Namco Museum 50th Anniversary,4,4,0,http://videogames.pricecharting.com/game/xbox/namco-museum-50th-anniversary 
Narc,2,2,1,http://videogames.pricecharting.com/game/xbox/narc 
NASCAR 2006 Total Team Control,,,,http://videogames.pricecharting.com/game/xbox/nascar-2006-total-team-control 
NASCAR 2007,,,,http://videogames.pricecharting.com/game/xbox/nascar-2007 
NASCAR Chase for the Cup 2005,4,2,1,http://videogames.pricecharting.com/game/xbox/nascar-chase-for-the-cup-2005 
NASCAR Heat 2002,1,1,0,http://videogames.pricecharting.com/game/xbox/nascar-heat-2002 
NASCAR Thunder 2002,2,1,0,http://videogames.pricecharting.com/game/xbox/nascar-thunder-2002 
NASCAR Thunder 2003,2,2,0,http://videogames.pricecharting.com/game/xbox/nascar-thunder-2003 
NASCAR Thunder 2004,4,2,0,http://videogames.pricecharting.com/game/xbox/nascar-thunder-2004 
NBA 2K2,1,0,0,http://videogames.pricecharting.com/game/xbox/nba-2k2 
NBA 2K3,1,1,0,http://videogames.pricecharting.com/game/xbox/nba-2k3 
NBA 2K6,1,1,0,http://videogames.pricecharting.com/game/xbox/nba-2k6 
NBA 2K7,1,1,0,http://videogames.pricecharting.com/game/xbox/nba-2k7 
NBA Ballers,2,2,0,http://videogames.pricecharting.com/game/xbox/nba-ballers 
NBA Ballers Phenom,1,1,1,http://videogames.pricecharting.com/game/xbox/nba-ballers-phenom 
NBA Inside Drive 2002,1,1,0,http://videogames.pricecharting.com/game/xbox/nba-inside-drive-2002 
NBA Inside Drive 2003,1,1,0,http://videogames.pricecharting.com/game/xbox/nba-inside-drive-2003 
NBA Inside Drive 2004,1,1,1,http://videogames.pricecharting.com/game/xbox/nba-inside-drive-2004 
NBA Jam,1,4,0,http://videogames.pricecharting.com/game/xbox/nba-jam 
NBA Live 2002,0,0,0,http://videogames.pricecharting.com/game/xbox/nba-live-2002 
NBA Live 2003,1,1,0,http://videogames.pricecharting.com/game/xbox/nba-live-2003 
NBA Live 2004,1,1,0,http://videogames.pricecharting.com/game/xbox/nba-live-2004 
NBA Live 2005,2,1,1,http://videogames.pricecharting.com/game/xbox/nba-live-2005 
NBA Live 2006,1,1,0,http://videogames.pricecharting.com/game/xbox/nba-live-2006 
NBA Live 2007,1,1,1,http://videogames.pricecharting.com/game/xbox/nba-live-2007 
NBA Starting Five,0,0,0,http://videogames.pricecharting.com/game/xbox/nba-starting-five 
NBA Street Vol 2,4,30,1,http://videogames.pricecharting.com/game/xbox/nba-street-vol-2 
NBA Street Vol 3,4,8,1,http://videogames.pricecharting.com/game/xbox/nba-street-vol-3 
NCAA College Basketball 2K3,1,0,0,http://videogames.pricecharting.com/game/xbox/ncaa-college-basketball-2k3 
NCAA Football 08,2,2,0,http://videogames.pricecharting.com/game/xbox/ncaa-football-08 
NCAA Football 2003,1,1,0,http://videogames.pricecharting.com/game/xbox/ncaa-football-2003 
NCAA Football 2004,1,1,0,http://videogames.pricecharting.com/game/xbox/ncaa-football-2004 
NCAA Football 2005,1,1,1,http://videogames.pricecharting.com/game/xbox/ncaa-football-2005 
NCAA Football 2005 Top Spin Combo,1,1,0,http://videogames.pricecharting.com/game/xbox/ncaa-football-2005-top-spin-combo 
NCAA Football 2006,4,4,1,http://videogames.pricecharting.com/game/xbox/ncaa-football-2006 
NCAA Football 2007,4,2,0,http://videogames.pricecharting.com/game/xbox/ncaa-football-2007 
NCAA Football 2K3,1,0,0,http://videogames.pricecharting.com/game/xbox/ncaa-football-2k3 
NCAA March Madness 2004,1,1,0,http://videogames.pricecharting.com/game/xbox/ncaa-march-madness-2004 
NCAA March Madness 2005,1,0,1,http://videogames.pricecharting.com/game/xbox/ncaa-march-madness-2005 
NCAA March Madness 2006,1,1,1,http://videogames.pricecharting.com/game/xbox/ncaa-march-madness-2006 
Need for Speed 2 Hot Pursuit,4,4,1,http://videogames.pricecharting.com/game/xbox/need-for-speed-2-hot-pursuit 
Need for Speed Carbon,4,8,1,http://videogames.pricecharting.com/game/xbox/need-for-speed-carbon 
Need for Speed Most Wanted,4,30,1,http://videogames.pricecharting.com/game/xbox/need-for-speed-most-wanted 
Need for Speed Most Wanted Black,4,4,0,http://videogames.pricecharting.com/game/xbox/need-for-speed-most-wanted-black 
Need for Speed Underground,4,30,1,http://videogames.pricecharting.com/game/xbox/need-for-speed-underground 
Need for Speed Underground 2,8,30,1,http://videogames.pricecharting.com/game/xbox/need-for-speed-underground-2 
New Legends,1,1,0,http://videogames.pricecharting.com/game/xbox/new-legends 
NFL 2K2,1,0,0,http://videogames.pricecharting.com/game/xbox/nfl-2k2 
NFL 2K3,1,1,1,http://videogames.pricecharting.com/game/xbox/nfl-2k3 
NFL Blitz 2002,1,1,0,http://videogames.pricecharting.com/game/xbox/nfl-blitz-2002 
NFL Blitz 2003,4,1,0,http://videogames.pricecharting.com/game/xbox/nfl-blitz-2003 
NFL Blitz Pro,1,1,0,http://videogames.pricecharting.com/game/xbox/nfl-blitz-pro 
NFL Fever 2002,1,1,1,http://videogames.pricecharting.com/game/xbox/nfl-fever-2002 
NFL Fever 2003,1,1,1,http://videogames.pricecharting.com/game/xbox/nfl-fever-2003 
NFL Fever 2004,2,1,1,http://videogames.pricecharting.com/game/xbox/nfl-fever-2004 
NFL Head Coach,1,0,1,http://videogames.pricecharting.com/game/xbox/nfl-head-coach 
NFL Street,4,12,1,http://videogames.pricecharting.com/game/xbox/nfl-street 
NFL Street 2,4,8,1,http://videogames.pricecharting.com/game/xbox/nfl-street-2 
NHL 2002,1,1,0,http://videogames.pricecharting.com/game/xbox/nhl-2002 
NHL 2003,1,1,0,http://videogames.pricecharting.com/game/xbox/nhl-2003 
NHL 2004,1,1,0,http://videogames.pricecharting.com/game/xbox/nhl-2004 
NHL 2005,1,1,0,http://videogames.pricecharting.com/game/xbox/nhl-2005 
NHL 2006,,,,http://videogames.pricecharting.com/game/xbox/nhl-2006 
NHL 2007,,,,http://videogames.pricecharting.com/game/xbox/nhl-2007 
NHL 2K3,1,0,0,http://videogames.pricecharting.com/game/xbox/nhl-2k3 
NHL 2K6,1,1,1,http://videogames.pricecharting.com/game/xbox/nhl-2k6 
NHL 2K7,1,0,0,http://videogames.pricecharting.com/game/xbox/nhl-2k7 
NHL Hitz 2002,1,4,0,http://videogames.pricecharting.com/game/xbox/nhl-hitz-2002 
NHL Hitz 2003,1,2,1,http://videogames.pricecharting.com/game/xbox/nhl-hitz-2003 
NHL Hitz Pro,1,4,0,http://videogames.pricecharting.com/game/xbox/nhl-hitz-pro 
NHL Rivals,1,1,1,http://videogames.pricecharting.com/game/xbox/nhl-rivals 
Nickelodeon Party Blast,2,2,0,http://videogames.pricecharting.com/game/xbox/nickelodeon-party-blast 
Nightcaster,,,,http://videogames.pricecharting.com/game/xbox/nightcaster 
Nightcaster II Equinox,1,2,0,http://videogames.pricecharting.com/game/xbox/nightcaster-ii-equinox 
Nightfire,,,,http://videogames.pricecharting.com/game/xbox/nightfire 
Nightmare Before Christmas Oogies Revenge,4,30,1,http://videogames.pricecharting.com/game/xbox/nightmare-before-christmas-oogies-revenge 
Ninja Gaiden,4,30,1,http://videogames.pricecharting.com/game/xbox/ninja-gaiden 
Ninja Gaiden Black,8,30,2,http://videogames.pricecharting.com/game/xbox/ninja-gaiden-black 
Obscure,4,4,0,http://videogames.pricecharting.com/game/xbox/obscure 
Oddworld Munch's Oddysee,4,30,4,http://videogames.pricecharting.com/game/xbox/oddworld-munch's-oddysee 
Oddworld Strangers Wrath,,,,http://videogames.pricecharting.com/game/xbox/oddworld-strangers-wrath 
Open Season,1,1,0,http://videogames.pricecharting.com/game/xbox/open-season 
Operation Flashpoint Elite,1,1,0,http://videogames.pricecharting.com/game/xbox/operation-flashpoint-elite 
Otogi 2,4,8,1,http://videogames.pricecharting.com/game/xbox/otogi-2 
Otogi Myth of Demons,4,12,1,http://videogames.pricecharting.com/game/xbox/otogi-myth-of-demons 
Outlaw Golf,2,4,0,http://videogames.pricecharting.com/game/xbox/outlaw-golf 
Outlaw Golf 2,1,1,0,http://videogames.pricecharting.com/game/xbox/outlaw-golf-2 
Outlaw Golf: 9 Holes of Christmas,1,0,0,http://videogames.pricecharting.com/game/xbox/outlaw-golf-9-holes-of-christmas 
Outlaw Golf: 9 More Holes of X-Mas,1,1,1,http://videogames.pricecharting.com/game/xbox/outlaw-golf-9-more-holes-of-x-mas 
Outlaw Golf and SeaBlade,0,0,0,http://videogames.pricecharting.com/game/xbox/outlaw-golf-and-seablade 
Outlaw Golf: Holiday Golf,1,1,0,http://videogames.pricecharting.com/game/xbox/outlaw-golf-holiday-golf 
Outlaw Tennis,1,1,1,http://videogames.pricecharting.com/game/xbox/outlaw-tennis 
Outlaw Volleyball,2,2,1,http://videogames.pricecharting.com/game/xbox/outlaw-volleyball 
Outlaw Volleyball Red Hot,1,4,0,http://videogames.pricecharting.com/game/xbox/outlaw-volleyball-red-hot 
OutRun 2,4,30,4,http://videogames.pricecharting.com/game/xbox/outrun-2 
OutRun 2006 Coast 2 Coast,1,4,0,http://videogames.pricecharting.com/game/xbox/outrun-2006-coast-2-coast 
Over the Hedge,0,0,0,http://videogames.pricecharting.com/game/xbox/over-the-hedge 
Pac-Man World 2,4,30,1,http://videogames.pricecharting.com/game/xbox/pac-man-world-2 
Pac-Man World 3,4,2,0,http://videogames.pricecharting.com/game/xbox/pac-man-world-3 
Painkiller Hell Wars,2,2,0,http://videogames.pricecharting.com/game/xbox/painkiller-hell-wars 
Panzer Dragoon Orta,8,30,4,http://videogames.pricecharting.com/game/xbox/panzer-dragoon-orta 
Pariah,2,4,1,http://videogames.pricecharting.com/game/xbox/pariah 
Phantasy Star Online,2,4,1,http://videogames.pricecharting.com/game/xbox/phantasy-star-online 
Phantom Crash,4,4,0,http://videogames.pricecharting.com/game/xbox/phantom-crash 
Phantom Dust,4,8,1,http://videogames.pricecharting.com/game/xbox/phantom-dust 
Pinball Hall of Fame The Gottlieb Collection,4,2,0,http://videogames.pricecharting.com/game/xbox/pinball-hall-of-fame-the-gottlieb-collection 
Pirates Legend of Black Kat,1,1,0,http://videogames.pricecharting.com/game/xbox/pirates-legend-of-black-kat 
Pirates of the Caribbean,4,4,0,http://videogames.pricecharting.com/game/xbox/pirates-of-the-caribbean 
Pitfall The Lost Expedition,2,4,0,http://videogames.pricecharting.com/game/xbox/pitfall-the-lost-expedition 
Playboy the Mansion,4,30,1,http://videogames.pricecharting.com/game/xbox/playboy-the-mansion 
Powerdrome,0,0,1,http://videogames.pricecharting.com/game/xbox/powerdrome 
Predator Concrete Jungle,4,8,0,http://videogames.pricecharting.com/game/xbox/predator-concrete-jungle 
Prince of Persia Sands of Time,4,8,1,http://videogames.pricecharting.com/game/xbox/prince-of-persia-sands-of-time 
Prince of Persia Two Thrones,1,4,0,http://videogames.pricecharting.com/game/xbox/prince-of-persia-two-thrones 
Prince of Persia Warrior Within,2,4,1,http://videogames.pricecharting.com/game/xbox/prince-of-persia-warrior-within 
Prisoner of War,1,1,0,http://videogames.pricecharting.com/game/xbox/prisoner-of-war 
Pro Cast Sports Fishing,1,1,0,http://videogames.pricecharting.com/game/xbox/pro-cast-sports-fishing 
Pro Fishing Challenge,1,1,0,http://videogames.pricecharting.com/game/xbox/pro-fishing-challenge 
Project Gotham Racing,4,8,1,http://videogames.pricecharting.com/game/xbox/project-gotham-racing 
Project Gotham Racing 2,4,8,2,http://videogames.pricecharting.com/game/xbox/project-gotham-racing-2 
Project Snowblind,1,4,1,http://videogames.pricecharting.com/game/xbox/project-snowblind 
Pro Race Driver,1,0,0,http://videogames.pricecharting.com/game/xbox/pro-race-driver 
ProStroke Golf World Tour 2007,0,0,0,http://videogames.pricecharting.com/game/xbox/prostroke-golf-world-tour-2007 
Psi-Ops Mindgate Conspiracy,4,4,1,http://videogames.pricecharting.com/game/xbox/psi-ops-mindgate-conspiracy 
Psychonauts,4,30,1,http://videogames.pricecharting.com/game/xbox/psychonauts 
Pulse Racer,0,0,0,http://videogames.pricecharting.com/game/xbox/pulse-racer 
Pump It Up Exceed Bundle,1,0,1,http://videogames.pricecharting.com/game/xbox/pump-it-up-exceed-bundle 
Pure Pinball,1,1,0,http://videogames.pricecharting.com/game/xbox/pure-pinball 
Quantum Redshift,4,4,1,http://videogames.pricecharting.com/game/xbox/quantum-redshift 
Rainbow Six 3,4,4,1,http://videogames.pricecharting.com/game/xbox/rainbow-six-3 
Rainbow Six 3 Black Arrow,0,0,0,http://videogames.pricecharting.com/game/xbox/rainbow-six-3-black-arrow 
Rainbow Six 3 Lockdown,1,1,1,http://videogames.pricecharting.com/game/xbox/rainbow-six-3-lockdown 
Rainbow Six Critical Hour,1,1,1,http://videogames.pricecharting.com/game/xbox/rainbow-six-critical-hour 
Ralli Sport Challenge,1,1,0,http://videogames.pricecharting.com/game/xbox/ralli-sport-challenge 
Ralli Sport Challenge 2,4,4,1,http://videogames.pricecharting.com/game/xbox/ralli-sport-challenge-2 
Rally Fusion,1,0,0,http://videogames.pricecharting.com/game/xbox/rally-fusion 
Rapala Pro Fishing,2,1,0,http://videogames.pricecharting.com/game/xbox/rapala-pro-fishing 
Ratatouille,1,1,0,http://videogames.pricecharting.com/game/xbox/ratatouille 
Rayman 3 Hoodlum Havoc,1,1,0,http://videogames.pricecharting.com/game/xbox/rayman-3-hoodlum-havoc 
Rayman Arena,1,1,0,http://videogames.pricecharting.com/game/xbox/rayman-arena 
Raze's Hell,2,4,0,http://videogames.pricecharting.com/game/xbox/raze's-hell 
Real World Golf,0,0,0,http://videogames.pricecharting.com/game/xbox/real-world-golf 
Red Card Soccer 2003,1,0,0,http://videogames.pricecharting.com/game/xbox/red-card-soccer-2003 
Red Dead Revolver,4,30,1,http://videogames.pricecharting.com/game/xbox/red-dead-revolver 
Red Faction II,1,1,0,http://videogames.pricecharting.com/game/xbox/red-faction-ii 
Red Ninja End of Honor,4,4,0,http://videogames.pricecharting.com/game/xbox/red-ninja-end-of-honor 
Reign of Fire,1,1,0,http://videogames.pricecharting.com/game/xbox/reign-of-fire 
Rent A Hero No 1,,,,http://videogames.pricecharting.com/game/xbox/rent-a-hero-no-1 
Reservoir Dogs,1,2,0,http://videogames.pricecharting.com/game/xbox/reservoir-dogs 
Return to Castle Wolfenstein,4,30,1,http://videogames.pricecharting.com/game/xbox/return-to-castle-wolfenstein 
Roadkill,1,4,0,http://videogames.pricecharting.com/game/xbox/roadkill 
Robin Hood Defender of the Crown,1,1,0,http://videogames.pricecharting.com/game/xbox/robin-hood-defender-of-the-crown 
RoboCop,1,1,1,http://videogames.pricecharting.com/game/xbox/robocop 
Robotech Battlecry,4,4,1,http://videogames.pricecharting.com/game/xbox/robotech-battlecry 
Robotech Invasion,1,1,0,http://videogames.pricecharting.com/game/xbox/robotech-invasion 
Robots,1,1,0,http://videogames.pricecharting.com/game/xbox/robots 
Rocky,1,2,0,http://videogames.pricecharting.com/game/xbox/rocky 
Rocky Legends,2,4,0,http://videogames.pricecharting.com/game/xbox/rocky-legends 
Rogue Ops,1,1,1,http://videogames.pricecharting.com/game/xbox/rogue-ops 
Rogue Trooper,1,1,0,http://videogames.pricecharting.com/game/xbox/rogue-trooper 
Roller Coaster Tycoon,1,1,0,http://videogames.pricecharting.com/game/xbox/roller-coaster-tycoon 
Room Zoom,1,0,0,http://videogames.pricecharting.com/game/xbox/room-zoom 
R: Racing Evolution,1,1,1,http://videogames.pricecharting.com/game/xbox/r-racing-evolution 
Rugby 2005,1,0,0,http://videogames.pricecharting.com/game/xbox/rugby-2005 
Rugby 2006,1,0,0,http://videogames.pricecharting.com/game/xbox/rugby-2006 
Run Like Hell,1,2,0,http://videogames.pricecharting.com/game/xbox/run-like-hell 
Samurai Shodown V,1,4,0,http://videogames.pricecharting.com/game/xbox/samurai-shodown-v 
Samurai Warriors,1,1,0,http://videogames.pricecharting.com/game/xbox/samurai-warriors 
Scaler,1,1,0,http://videogames.pricecharting.com/game/xbox/scaler 
Scarface the World is Yours,8,30,1,http://videogames.pricecharting.com/game/xbox/scarface-the-world-is-yours 
Scooby Doo Mystery Mayhem,4,8,0,http://videogames.pricecharting.com/game/xbox/scooby-doo-mystery-mayhem 
Scooby Doo Night of 100 Frights,4,12,0,http://videogames.pricecharting.com/game/xbox/scooby-doo-night-of-100-frights 
Scooby Doo Unmasked,4,8,0,http://videogames.pricecharting.com/game/xbox/scooby-doo-unmasked 
SeaBlade,1,0,0,http://videogames.pricecharting.com/game/xbox/seablade 
Second Sight,4,4,1,http://videogames.pricecharting.com/game/xbox/second-sight 
Secret Weapons Over Normandy,1,4,0,http://videogames.pricecharting.com/game/xbox/secret-weapons-over-normandy 
Sega GT 2002,4,12,0,http://videogames.pricecharting.com/game/xbox/sega-gt-2002 
Sega GT 2002 JSRF Combo,4,30,1,http://videogames.pricecharting.com/game/xbox/sega-gt-2002-jsrf-combo 
Sega GT Online,1,1,0,http://videogames.pricecharting.com/game/xbox/sega-gt-online 
Sega Soccer Slam,1,1,0,http://videogames.pricecharting.com/game/xbox/sega-soccer-slam 
Serious Sam,4,4,0,http://videogames.pricecharting.com/game/xbox/serious-sam 
Serious Sam II,1,4,0,http://videogames.pricecharting.com/game/xbox/serious-sam-ii 
Shadow Ops Red Mercury,1,1,0,http://videogames.pricecharting.com/game/xbox/shadow-ops-red-mercury 
Shadow the Hedgehog,4,8,1,http://videogames.pricecharting.com/game/xbox/shadow-the-hedgehog 
Shamu's Deep Sea Adventure,1,0,0,http://videogames.pricecharting.com/game/xbox/shamu's-deep-sea-adventure 
Shark Tale,1,1,0,http://videogames.pricecharting.com/game/xbox/shark-tale 
Shattered Union,1,1,0,http://videogames.pricecharting.com/game/xbox/shattered-union 
Shell Shock Nam '67,1,1,0,http://videogames.pricecharting.com/game/xbox/shell-shock-nam-'67 
Shenmue II,8,60,4,http://videogames.pricecharting.com/game/xbox/shenmue-ii 
Showdown Legends of Wrestling,2,2,0,http://videogames.pricecharting.com/game/xbox/showdown-legends-of-wrestling 
Shrek,2,4,0,http://videogames.pricecharting.com/game/xbox/shrek 
Shrek 2,4,8,1,http://videogames.pricecharting.com/game/xbox/shrek-2 
Shrek 2 and Shark Tale 2 in 1,1,0,0,http://videogames.pricecharting.com/game/xbox/shrek-2-and-shark-tale-2-in-1 
Shrek Super Party,4,4,0,http://videogames.pricecharting.com/game/xbox/shrek-super-party 
Shrek Superslam,2,1,0,http://videogames.pricecharting.com/game/xbox/shrek-superslam 
Sid Meiers Pirates Live the Life,1,4,1,http://videogames.pricecharting.com/game/xbox/sid-meiers-pirates-live-the-life 
Silent Hill 2,4,30,1,http://videogames.pricecharting.com/game/xbox/silent-hill-2 
Silent Hill 4,,,,http://videogames.pricecharting.com/game/xbox/silent-hill-4 
Silent Scope Complete,0,8,0,http://videogames.pricecharting.com/game/xbox/silent-scope-complete 
Smashing Drive,1,1,0,http://videogames.pricecharting.com/game/xbox/smashing-drive 
Sneakers,1,2,0,http://videogames.pricecharting.com/game/xbox/sneakers 
Sniper Elite,4,8,0,http://videogames.pricecharting.com/game/xbox/sniper-elite 
SNK vs Capcom SVC Chaos,4,8,1,http://videogames.pricecharting.com/game/xbox/snk-vs-capcom-svc-chaos 
Soldier of Fortune 2,1,2,0,http://videogames.pricecharting.com/game/xbox/soldier-of-fortune-2 
Sonic Heroes,4,30,1,http://videogames.pricecharting.com/game/xbox/sonic-heroes 
Sonic Heroes and Super Monkey Ball Deluxe,1,1,0,http://videogames.pricecharting.com/game/xbox/sonic-heroes-and-super-monkey-ball-deluxe 
Sonic Mega Collection Plus,4,30,0,http://videogames.pricecharting.com/game/xbox/sonic-mega-collection-plus 
Sonic Mega Collection Plus and Super Monkey Ball Deluxe,1,1,,http://videogames.pricecharting.com/game/xbox/sonic-mega-collection-plus-and-super-monkey-ball-deluxe 
Sonic Riders,4,4,0,http://videogames.pricecharting.com/game/xbox/sonic-riders 
Soul Calibur II,4,12,1,http://videogames.pricecharting.com/game/xbox/soul-calibur-ii 
Spartan Total Warrior,2,4,0,http://videogames.pricecharting.com/game/xbox/spartan-total-warrior 
Spawn Armageddon,4,4,1,http://videogames.pricecharting.com/game/xbox/spawn-armageddon 
Special Forces Nemesis Strike,1,0,0,http://videogames.pricecharting.com/game/xbox/special-forces-nemesis-strike 
Speed Kings,1,0,0,http://videogames.pricecharting.com/game/xbox/speed-kings 
Sphinx and the Cursed Mummy,4,4,1,http://videogames.pricecharting.com/game/xbox/sphinx-and-the-cursed-mummy 
Spiderman,4,12,1,http://videogames.pricecharting.com/game/xbox/spiderman 
Spiderman 2,8,30,2,http://videogames.pricecharting.com/game/xbox/spiderman-2 
Spikeout Battle Street,0,1,1,http://videogames.pricecharting.com/game/xbox/spikeout-battle-street 
Splashdown,1,2,0,http://videogames.pricecharting.com/game/xbox/splashdown 
Splat Magazine Renegade Paintball,1,0,0,http://videogames.pricecharting.com/game/xbox/splat-magazine-renegade-paintball 
Splinter Cell,8,90,4,http://videogames.pricecharting.com/game/xbox/splinter-cell 
Splinter Cell Chaos Theory,0,0,0,http://videogames.pricecharting.com/game/xbox/splinter-cell-chaos-theory 
Splinter Cell Chaos Theory Collector's Edition,4,8,0,http://videogames.pricecharting.com/game/xbox/splinter-cell-chaos-theory-collector's-edition 
Splinter Cell Double Agent,4,8,0,http://videogames.pricecharting.com/game/xbox/splinter-cell-double-agent 
Splinter Cell Pandora Tomorrow,4,12,1,http://videogames.pricecharting.com/game/xbox/splinter-cell-pandora-tomorrow 
SpongeBob SquarePants Battle for Bikini Bottom,8,30,0,http://videogames.pricecharting.com/game/xbox/spongebob-squarepants-battle-for-bikini-bottom 
SpongeBob SquarePants Lights Camera Pants,4,8,0,http://videogames.pricecharting.com/game/xbox/spongebob-squarepants-lights-camera-pants 
SpongeBob SquarePants The Movie,4,12,0,http://videogames.pricecharting.com/game/xbox/spongebob-squarepants-the-movie 
Spy Hunter,1,4,0,http://videogames.pricecharting.com/game/xbox/spy-hunter 
Spy Hunter 2,0,0,0,http://videogames.pricecharting.com/game/xbox/spy-hunter-2 
Spy Hunter Nowhere to Run,1,1,0,http://videogames.pricecharting.com/game/xbox/spy-hunter-nowhere-to-run 
Spyro A Heros Tail,4,8,1,http://videogames.pricecharting.com/game/xbox/spyro-a-heros-tail 
Spy vs. Spy,4,12,0,http://videogames.pricecharting.com/game/xbox/spy-vs-spy 
SSX 3,4,8,0,http://videogames.pricecharting.com/game/xbox/ssx-3 
SSX On Tour,2,2,0,http://videogames.pricecharting.com/game/xbox/ssx-on-tour 
SSX Tricky,4,12,1,http://videogames.pricecharting.com/game/xbox/ssx-tricky 
Stacked With Daniel Negreanu,0,0,1,http://videogames.pricecharting.com/game/xbox/stacked-with-daniel-negreanu 
Stake,1,1,0,http://videogames.pricecharting.com/game/xbox/stake 
Starsky and Hutch,2,1,0,http://videogames.pricecharting.com/game/xbox/starsky-and-hutch 
Star Trek Shattered Universe,2,1,0,http://videogames.pricecharting.com/game/xbox/star-trek-shattered-universe 
Star Wars Battlefront,12,60,4,http://videogames.pricecharting.com/game/xbox/star-wars-battlefront 
Star Wars Battlefront 2,30,120,4,http://videogames.pricecharting.com/game/xbox/star-wars-battlefront-2 
Star Wars Clone Wars,4,8,0,http://videogames.pricecharting.com/game/xbox/star-wars-clone-wars 
Star Wars Jedi Knight Academy,8,30,1,http://videogames.pricecharting.com/game/xbox/star-wars-jedi-knight-academy 
Star Wars Jedi Outcast,4,30,1,http://videogames.pricecharting.com/game/xbox/star-wars-jedi-outcast 
Star Wars Jedi Starfighter,4,8,1,http://videogames.pricecharting.com/game/xbox/star-wars-jedi-starfighter 
Star Wars Knights of Old Republic,,,,http://videogames.pricecharting.com/game/xbox/star-wars-knights-of-old-republic 
Star Wars Knights of Old Republic 2,30,60,4,http://videogames.pricecharting.com/game/xbox/star-wars-knights-of-old-republic-2 
Star Wars Obi-Wan,4,12,1,http://videogames.pricecharting.com/game/xbox/star-wars-obi-wan 
Star Wars Republic Commando,8,30,1,http://videogames.pricecharting.com/game/xbox/star-wars-republic-commando 
Star Wars Revenge of the Sith,,,,http://videogames.pricecharting.com/game/xbox/star-wars-revenge-of-the-sith 
Star Wars Starfighter Special Edition,4,8,1,http://videogames.pricecharting.com/game/xbox/star-wars-starfighter-special-edition 
State of Emergency,4,1,0,http://videogames.pricecharting.com/game/xbox/state-of-emergency 
Steel Battalion,4,12,1,http://videogames.pricecharting.com/game/xbox/steel-battalion 
Steel Battalion (Game only),1,0,,http://videogames.pricecharting.com/game/xbox/steel-battalion-(game-only) 
Steel Battalion Line of Contact,1,1,1,http://videogames.pricecharting.com/game/xbox/steel-battalion-line-of-contact 
Still Life,2,4,0,http://videogames.pricecharting.com/game/xbox/still-life 
Stolen,1,1,1,http://videogames.pricecharting.com/game/xbox/stolen 
Street Fighter Anniversary,4,12,1,http://videogames.pricecharting.com/game/xbox/street-fighter-anniversary 
Street Hoops,1,1,0,http://videogames.pricecharting.com/game/xbox/street-hoops 
Street Racing Syndicate,2,1,0,http://videogames.pricecharting.com/game/xbox/street-racing-syndicate 
Strike Force Bowling,1,1,0,http://videogames.pricecharting.com/game/xbox/strike-force-bowling 
Stubbs the Zombie,4,30,1,http://videogames.pricecharting.com/game/xbox/stubbs-the-zombie 
Sudeki,4,12,1,http://videogames.pricecharting.com/game/xbox/sudeki 
Super Bubble Pop,1,0,0,http://videogames.pricecharting.com/game/xbox/super-bubble-pop 
Superman Man of Steel,4,4,1,http://videogames.pricecharting.com/game/xbox/superman-man-of-steel 
Superman Returns,2,2,1,http://videogames.pricecharting.com/game/xbox/superman-returns 
Super Monkey Ball Deluxe,4,8,0,http://videogames.pricecharting.com/game/xbox/super-monkey-ball-deluxe 
SWAT Global Strike Team,1,1,0,http://videogames.pricecharting.com/game/xbox/swat-global-strike-team 
SX Superstar,0,0,0,http://videogames.pricecharting.com/game/xbox/sx-superstar 
Syberia,2,4,1,http://videogames.pricecharting.com/game/xbox/syberia 
Syberia II,1,4,0,http://videogames.pricecharting.com/game/xbox/syberia-ii 
Taito Legends,4,8,1,http://videogames.pricecharting.com/game/xbox/taito-legends 
Tak 2 The Staff of Dreams,2,1,0,http://videogames.pricecharting.com/game/xbox/tak-2-the-staff-of-dreams 
Tak Great Juju Challenge,1,1,0,http://videogames.pricecharting.com/game/xbox/tak-great-juju-challenge 
Tao Feng Fist of the Lotus,4,4,1,http://videogames.pricecharting.com/game/xbox/tao-feng-fist-of-the-lotus 
Taz Wanted,1,2,0,http://videogames.pricecharting.com/game/xbox/taz-wanted 
Tecmo Classic Arcade,4,8,1,http://videogames.pricecharting.com/game/xbox/tecmo-classic-arcade 
Teenage Mutant Ninja Turtles,4,8,0,http://videogames.pricecharting.com/game/xbox/teenage-mutant-ninja-turtles 
Teenage Mutant Ninja Turtles 2,4,4,1,http://videogames.pricecharting.com/game/xbox/teenage-mutant-ninja-turtles-2 
Teenage Mutant Ninja Turtles 3 Mutant Nightmare,1,1,0,http://videogames.pricecharting.com/game/xbox/teenage-mutant-ninja-turtles-3-mutant-nightmare 
Teen Titans,1,4,,http://videogames.pricecharting.com/game/xbox/teen-titans 
Tenchu Return from Darkness,4,4,1,http://videogames.pricecharting.com/game/xbox/tenchu-return-from-darkness 
Tennis Masters Series 2003,0,0,0,http://videogames.pricecharting.com/game/xbox/tennis-masters-series-2003 
Terminator 3 Redemption,2,4,0,http://videogames.pricecharting.com/game/xbox/terminator-3-redemption 
Terminator 3 Rise of the Machines,2,4,0,http://videogames.pricecharting.com/game/xbox/terminator-3-rise-of-the-machines 
Terminator Dawn of Fate,2,4,1,http://videogames.pricecharting.com/game/xbox/terminator-dawn-of-fate 
Test Drive,4,4,0,http://videogames.pricecharting.com/game/xbox/test-drive 
Test Drive Eve of Destruction,4,8,0,http://videogames.pricecharting.com/game/xbox/test-drive-eve-of-destruction 
Test Drive Off Road,2,2,0,http://videogames.pricecharting.com/game/xbox/test-drive-off-road 
Tetris World Online,1,1,0,http://videogames.pricecharting.com/game/xbox/tetris-world-online 
Tetris Worlds,1,1,0,http://videogames.pricecharting.com/game/xbox/tetris-worlds 
The Bible Game,2,4,0,http://videogames.pricecharting.com/game/xbox/the-bible-game 
The Cat in the Hat,2,1,0,http://videogames.pricecharting.com/game/xbox/the-cat-in-the-hat 
The Elder Scrolls III: Morrowind: Platinum Hits,4,8,1,http://videogames.pricecharting.com/game/xbox/the-elder-scrolls-iii-morrowind-platinum-hits 
The Godfather,4,4,1,http://videogames.pricecharting.com/game/xbox/the-godfather 
The Godfather Limited Edition,1,1,0,http://videogames.pricecharting.com/game/xbox/the-godfather-limited-edition 
The Guy Game,4,8,1,http://videogames.pricecharting.com/game/xbox/the-guy-game 
The Hobbit,4,4,1,http://videogames.pricecharting.com/game/xbox/the-hobbit 
The Hulk,4,4,4,http://videogames.pricecharting.com/game/xbox/the-hulk 
The Hustle Detroit Streets,0,0,0,http://videogames.pricecharting.com/game/xbox/the-hustle-detroit-streets 
The Incredible Hulk Ultimate Destruction,4,12,1,http://videogames.pricecharting.com/game/xbox/the-incredible-hulk-ultimate-destruction 
The Incredibles,4,4,0,http://videogames.pricecharting.com/game/xbox/the-incredibles 
The Incredibles Rise of the Underminer,4,2,0,http://videogames.pricecharting.com/game/xbox/the-incredibles-rise-of-the-underminer 
The Matrix Path of Neo,4,8,1,http://videogames.pricecharting.com/game/xbox/the-matrix-path-of-neo 
The Punisher,4,30,1,http://videogames.pricecharting.com/game/xbox/the-punisher 
The Simpsons Hit and Run,8,60,1,http://videogames.pricecharting.com/game/xbox/the-simpsons-hit-and-run 
The Simpsons Road Rage,4,30,1,http://videogames.pricecharting.com/game/xbox/the-simpsons-road-rage 
The Sims,4,8,0,http://videogames.pricecharting.com/game/xbox/the-sims 
The Sims 2,4,30,0,http://videogames.pricecharting.com/game/xbox/the-sims-2 
The Sims Bustin Out,4,8,1,http://videogames.pricecharting.com/game/xbox/the-sims-bustin-out 
The Suffering,4,12,1,http://videogames.pricecharting.com/game/xbox/the-suffering 
The Suffering Ties That Bind,4,8,1,http://videogames.pricecharting.com/game/xbox/the-suffering-ties-that-bind 
The Thing,4,12,1,http://videogames.pricecharting.com/game/xbox/the-thing 
The Ultimate Halo Companion DVD Set,1,0,1,http://videogames.pricecharting.com/game/xbox/the-ultimate-halo-companion-dvd-set 
The Urbz Sims in the City,4,8,1,http://videogames.pricecharting.com/game/xbox/the-urbz-sims-in-the-city 
The Warriors,4,30,1,http://videogames.pricecharting.com/game/xbox/the-warriors 
Thief Deadly Shadows,2,8,1,http://videogames.pricecharting.com/game/xbox/thief-deadly-shadows 
Thrillville,2,4,1,http://videogames.pricecharting.com/game/xbox/thrillville 
Tiger Woods 2003,1,1,0,http://videogames.pricecharting.com/game/xbox/tiger-woods-2003 
Tiger Woods 2004,2,1,0,http://videogames.pricecharting.com/game/xbox/tiger-woods-2004 
Tiger Woods 2005,1,1,0,http://videogames.pricecharting.com/game/xbox/tiger-woods-2005 
Tiger Woods 2006,1,1,0,http://videogames.pricecharting.com/game/xbox/tiger-woods-2006 
Tiger Woods 2007,1,1,1,http://videogames.pricecharting.com/game/xbox/tiger-woods-2007 
TimeShift,,,,http://videogames.pricecharting.com/game/xbox/timeshift 
Time Splitters 2,8,12,1,http://videogames.pricecharting.com/game/xbox/time-splitters-2 
Time Splitters Future Perfect,4,30,1,http://videogames.pricecharting.com/game/xbox/time-splitters-future-perfect 
TMNT Mutant Melee,2,4,0,http://videogames.pricecharting.com/game/xbox/tmnt-mutant-melee 
Toca Race Driver 2,1,1,0,http://videogames.pricecharting.com/game/xbox/toca-race-driver-2 
TOCA Race Driver 2/Colin McRae Rally 04 Bundle,0,0,0,http://videogames.pricecharting.com/game/xbox/toca-race-driver-2colin-mcrae-rally-04-bundle 
Toca Race Driver 3,1,1,0,http://videogames.pricecharting.com/game/xbox/toca-race-driver-3 
ToeJam and Earl 3,4,12,0,http://videogames.pricecharting.com/game/xbox/toejam-and-earl-3 
Tom and Jerry War of Whiskers,1,2,0,http://videogames.pricecharting.com/game/xbox/tom-and-jerry-war-of-whiskers 
Tomb Raider Legend,4,4,1,http://videogames.pricecharting.com/game/xbox/tomb-raider-legend 
Tom Clancys Classic Trilogy,,,,http://videogames.pricecharting.com/game/xbox/tom-clancys-classic-trilogy 
Tony Hawk 2x,4,12,1,http://videogames.pricecharting.com/game/xbox/tony-hawk-2x 
Tony Hawk 3,4,8,1,http://videogames.pricecharting.com/game/xbox/tony-hawk-3 
Tony Hawk 4,4,12,1,http://videogames.pricecharting.com/game/xbox/tony-hawk-4 
Tony Hawk American Wasteland,4,8,0,http://videogames.pricecharting.com/game/xbox/tony-hawk-american-wasteland 
Tony Hawk Project 8,2,4,1,http://videogames.pricecharting.com/game/xbox/tony-hawk-project-8 
Tony Hawk Underground,4,12,1,http://videogames.pricecharting.com/game/xbox/tony-hawk-underground 
Tony Hawk Underground 2,1,1,1,http://videogames.pricecharting.com/game/xbox/tony-hawk-underground-2 
Top Angler Real Bass Fishing,1,1,,http://videogames.pricecharting.com/game/xbox/top-angler-real-bass-fishing 
Top Gear RPM Tuning,1,0,0,http://videogames.pricecharting.com/game/xbox/top-gear-rpm-tuning 
Top Spin,1,1,1,http://videogames.pricecharting.com/game/xbox/top-spin 
Torino 2006,1,1,0,http://videogames.pricecharting.com/game/xbox/torino-2006 
Tork Prehistoric Punk,2,4,0,http://videogames.pricecharting.com/game/xbox/tork-prehistoric-punk 
Totaled,2,1,0,http://videogames.pricecharting.com/game/xbox/totaled 
Total Immersion Racing,0,0,0,http://videogames.pricecharting.com/game/xbox/total-immersion-racing 
Total Overdose A Gunslinger's Tale in Mexico,1,1,1,http://videogames.pricecharting.com/game/xbox/total-overdose-a-gunslinger's-tale-in-mexico 
Toxic Grind,0,1,0,http://videogames.pricecharting.com/game/xbox/toxic-grind 
TransWorld Snowboarding,1,1,0,http://videogames.pricecharting.com/game/xbox/transworld-snowboarding 
Transworld Surf,4,2,0,http://videogames.pricecharting.com/game/xbox/transworld-surf 
Trigger Man,1,0,0,http://videogames.pricecharting.com/game/xbox/trigger-man 
Triple Play 2002,1,0,0,http://videogames.pricecharting.com/game/xbox/triple-play-2002 
Trivial Pursuit Unhinged,1,1,0,http://videogames.pricecharting.com/game/xbox/trivial-pursuit-unhinged 
TRON 20 Killer App,2,4,0,http://videogames.pricecharting.com/game/xbox/tron-20-killer-app 
True Crimes New York City,,,,http://videogames.pricecharting.com/game/xbox/true-crimes-new-york-city 
True Crimes New York City Collector's Edition,,,,http://videogames.pricecharting.com/game/xbox/true-crimes-new-york-city-collector's-edition 
True Crimes Streets of LA,,,,http://videogames.pricecharting.com/game/xbox/true-crimes-streets-of-la 
Turok Evolution,4,8,1,http://videogames.pricecharting.com/game/xbox/turok-evolution 
Ty the Tasmanian Tiger,4,4,0,http://videogames.pricecharting.com/game/xbox/ty-the-tasmanian-tiger 
Ty the Tasmanian Tiger 2 Bush Rescue,1,4,0,http://videogames.pricecharting.com/game/xbox/ty-the-tasmanian-tiger-2-bush-rescue 
Ty the Tasmanian Tiger 3,0,4,0,http://videogames.pricecharting.com/game/xbox/ty-the-tasmanian-tiger-3 
UEFA Euro 2004,0,0,0,http://videogames.pricecharting.com/game/xbox/uefa-euro-2004 
UFC Tapout,1,1,0,http://videogames.pricecharting.com/game/xbox/ufc-tapout 
UFC Tapout 2,1,1,0,http://videogames.pricecharting.com/game/xbox/ufc-tapout-2 
Ultimate Beach Soccer,0,0,0,http://videogames.pricecharting.com/game/xbox/ultimate-beach-soccer 
Ultimate Spiderman,8,12,1,http://videogames.pricecharting.com/game/xbox/ultimate-spiderman 
Ultra Bust-A-Move X,1,2,0,http://videogames.pricecharting.com/game/xbox/ultra-bust-a-move-x 
Unreal Championship,2,4,1,http://videogames.pricecharting.com/game/xbox/unreal-championship 
Unreal Championship 2,4,8,1,http://videogames.pricecharting.com/game/xbox/unreal-championship-2 
Unreal II The Awakening,1,1,1,http://videogames.pricecharting.com/game/xbox/unreal-ii-the-awakening 
Urban Chaos Riot Response,2,4,0,http://videogames.pricecharting.com/game/xbox/urban-chaos-riot-response 
Van Helsing,1,4,0,http://videogames.pricecharting.com/game/xbox/van-helsing 
Vexx,1,1,0,http://videogames.pricecharting.com/game/xbox/vexx 
Vietcong Purple Haze,1,1,0,http://videogames.pricecharting.com/game/xbox/vietcong-purple-haze 
Virtual Pool Tournament Edition,1,1,0,http://videogames.pricecharting.com/game/xbox/virtual-pool-tournament-edition 
Volvo Drive for Life,0,0,1,http://videogames.pricecharting.com/game/xbox/volvo-drive-for-life 
Voodoo Vince,4,30,2,http://videogames.pricecharting.com/game/xbox/voodoo-vince 
V-Rally 3,1,0,0,http://videogames.pricecharting.com/game/xbox/v-rally-3 
Wakeboarding Unleashed,1,1,0,http://videogames.pricecharting.com/game/xbox/wakeboarding-unleashed 
Wallace and Gromit Curse of the Were Rabbit,1,1,0,http://videogames.pricecharting.com/game/xbox/wallace-and-gromit-curse-of-the-were-rabbit 
Wallace and Gromit Project Zoo,1,1,0,http://videogames.pricecharting.com/game/xbox/wallace-and-gromit-project-zoo 
WarPath,0,1,0,http://videogames.pricecharting.com/game/xbox/warpath 
Whacked,4,8,1,http://videogames.pricecharting.com/game/xbox/whacked 
Whiplash,2,2,1,http://videogames.pricecharting.com/game/xbox/whiplash 
Whiteout,1,0,0,http://videogames.pricecharting.com/game/xbox/whiteout 
Winback 2 Project Poseidon,1,0,0,http://videogames.pricecharting.com/game/xbox/winback-2-project-poseidon 
Wings of War,2,2,0,http://videogames.pricecharting.com/game/xbox/wings-of-war 
Winning Eleven 8,0,1,0,http://videogames.pricecharting.com/game/xbox/winning-eleven-8 
Winning Eleven 9,1,1,0,http://videogames.pricecharting.com/game/xbox/winning-eleven-9 
Without Warning,1,1,0,http://videogames.pricecharting.com/game/xbox/without-warning 
World Championship Poker,1,1,0,http://videogames.pricecharting.com/game/xbox/world-championship-poker 
World Championship Poker 2,1,0,0,http://videogames.pricecharting.com/game/xbox/world-championship-poker-2 
World Championship Pool 2004,1,1,0,http://videogames.pricecharting.com/game/xbox/world-championship-pool-2004 
World Poker Tour,1,0,0,http://videogames.pricecharting.com/game/xbox/world-poker-tour 
World Racing,1,0,0,http://videogames.pricecharting.com/game/xbox/world-racing 
World Racing 2,0,0,0,http://videogames.pricecharting.com/game/xbox/world-racing-2 
World Series Baseball,1,0,0,http://videogames.pricecharting.com/game/xbox/world-series-baseball 
World Series Baseball 2K3,1,0,0,http://videogames.pricecharting.com/game/xbox/world-series-baseball-2k3 
World Series of Poker,1,1,0,http://videogames.pricecharting.com/game/xbox/world-series-of-poker 
World War II Combat Iwo Jima,1,1,0,http://videogames.pricecharting.com/game/xbox/world-war-ii-combat-iwo-jima 
World War II Combat Road To Berlin,1,1,1,http://videogames.pricecharting.com/game/xbox/world-war-ii-combat-road-to-berlin 
Worms 3D,1,1,0,http://videogames.pricecharting.com/game/xbox/worms-3d 
Worms 4 Mayhem,1,1,0,http://videogames.pricecharting.com/game/xbox/worms-4-mayhem 
Worms Forts Under Siege,1,1,0,http://videogames.pricecharting.com/game/xbox/worms-forts-under-siege 
Wrath Unleashed,1,2,0,http://videogames.pricecharting.com/game/xbox/wrath-unleashed 
Wreckless Yakuza Missions,2,4,0,http://videogames.pricecharting.com/game/xbox/wreckless-yakuza-missions 
WTA Tour Tennis,0,0,0,http://videogames.pricecharting.com/game/xbox/wta-tour-tennis 
WWE Raw 2,4,8,0,http://videogames.pricecharting.com/game/xbox/wwe-raw-2 
WWE Wrestlemania 21,4,8,0,http://videogames.pricecharting.com/game/xbox/wwe-wrestlemania-21 
WWF Raw,4,8,0,http://videogames.pricecharting.com/game/xbox/wwf-raw 
Xbox Exhibition Demo Disc Vol. 2,,,,http://videogames.pricecharting.com/game/xbox/xbox-exhibition-demo-disc-vol-2 
Xbox Exhibition Demo Disc Vol. 3,,,,http://videogames.pricecharting.com/game/xbox/xbox-exhibition-demo-disc-vol-3 
Xbox LCD Screen,,,,http://videogames.pricecharting.com/game/xbox/xbox-lcd-screen 
Xbox Live Arcade,4,8,0,http://videogames.pricecharting.com/game/xbox/xbox-live-arcade 
Xbox Media Center Extender Kit,0,0,,http://videogames.pricecharting.com/game/xbox/xbox-media-center-extender-kit 
Xbox Memory Unit,,,,http://videogames.pricecharting.com/game/xbox/xbox-memory-unit 
Xbox Music Mixer,1,1,0,http://videogames.pricecharting.com/game/xbox/xbox-music-mixer 
Xbox System,4,2,1,http://videogames.pricecharting.com/game/xbox/xbox-system 
Xbox Wireless Adapter,,,,http://videogames.pricecharting.com/game/xbox/xbox-wireless-adapter 
XGRA,1,0,0,http://videogames.pricecharting.com/game/xbox/xgra 
Xiaolin Showdown,1,1,0,http://videogames.pricecharting.com/game/xbox/xiaolin-showdown 
XIII,1,4,1,http://videogames.pricecharting.com/game/xbox/xiii 
X-men Legends,4,8,1,http://videogames.pricecharting.com/game/xbox/x-men-legends 
X-men Legends 2,4,8,1,http://videogames.pricecharting.com/game/xbox/x-men-legends-2 
X-men Next Dimension,2,2,0,http://videogames.pricecharting.com/game/xbox/x-men-next-dimension 
X-Men: The Official Game,1,1,0,http://videogames.pricecharting.com/game/xbox/x-men-the-official-game 
X-men Wolverines Revenge,2,4,0,http://videogames.pricecharting.com/game/xbox/x-men-wolverines-revenge 
Xyanide,4,4,0,http://videogames.pricecharting.com/game/xbox/xyanide 
Yager,4,4,1,http://videogames.pricecharting.com/game/xbox/yager 
Yourself Fitness,2,1,1,http://videogames.pricecharting.com/game/xbox/yourself-fitness 
Yu-Gi-Oh Dawn of Destiny,4,8,0,http://videogames.pricecharting.com/game/xbox/yu-gi-oh-dawn-of-destiny 
Zapper,1,1,0,http://videogames.pricecharting.com/game/xbox/zapper 
Zathura A Space Adventure,1,1,0,http://videogames.pricecharting.com/game/xbox/zathura-a-space-adventure 
