3 Ninjas Kick Back,49.99,134.99,334.99,735009215000,8442,https://www.pricecharting.com/game/sega-genesis/3-ninjas-kick-back 
688 Attack Sub,3.99,10.99,29.99,010086014013,8449,https://www.pricecharting.com/game/sega-genesis/688-attack-sub 
AAAHH Real Monsters,6.99,19.99,49.99,040824211008,12568,https://www.pricecharting.com/game/sega-genesis/aaahh-real-monsters 
Action 52,44.99,89.99,339.99,730669194801,13933,https://www.pricecharting.com/game/sega-genesis/action-52 
Addams Family Values,ND,ND,ND,,,https://www.pricecharting.com/game/sega-genesis/addams-family-values 
A Dinosaurs Tale,7.99,34.99,89.99,087855000454,33626,https://www.pricecharting.com/game/sega-genesis/a-dinosaur%27s-tale 
Adventures of Batman and Robin,24.99,89.99,329.99,100860153554,8467,https://www.pricecharting.com/game/sega-genesis/adventures-of-batman-and-robin 
Adventures of Mighty Max,6.99,19.99,69.99,020295060039,8470,https://www.pricecharting.com/game/sega-genesis/adventures-of-mighty-max 
Aerobiz,24.99,54.99,134.99,040198000529,8478,https://www.pricecharting.com/game/sega-genesis/aerobiz 
Aerobiz Supersonic,39.99,114.99,289.99,040198000758,8479,https://www.pricecharting.com/game/sega-genesis/aerobiz-supersonic 
Aero the Acro-Bat,7.99,24.99,119.99,020763113069,8476,https://www.pricecharting.com/game/sega-genesis/aero-the-acro-bat 
Aero the Acro-Bat 2,44.99,244.99,614.99,020763113144,8477,https://www.pricecharting.com/game/sega-genesis/aero-the-acro-bat-2 
After Burner II,11.99,18.99,44.99,010086011043,8484,https://www.pricecharting.com/game/sega-genesis/after-burner-ii 
Air Buster,49.99,119.99,264.99,021996000027,8486,https://www.pricecharting.com/game/sega-genesis/air-buster 
Air Diver,5.99,18.99,44.99,716065247389,11955,https://www.pricecharting.com/game/sega-genesis/air-diver 
Aladdin,7.99,11.99,254.99,010086010589,11959,https://www.pricecharting.com/game/sega-genesis/aladdin 
Alex Kidd in the Enchanted Castle,12.99,29.99,69.99,010086010053,12018,https://www.pricecharting.com/game/sega-genesis/alex-kidd-in-the-enchanted-castle 
Alien 3,10.99,19.99,104.99,734549001043,8494,https://www.pricecharting.com/game/sega-genesis/alien-3 
Alien Soldier [PAL],304.99,419.99,1549.99,,45827,https://www.pricecharting.com/game/sega-genesis/alien-soldier-%5Bpal%5D 
Alien Storm,24.99,69.99,109.99,010086011210,8497,https://www.pricecharting.com/game/sega-genesis/alien-storm 
Alisia Dragoon,64.99,159.99,399.99,010086010398,19636,https://www.pricecharting.com/game/sega-genesis/alisia-dragoon 
Altered Beast,8.99,19.99,29.99,010086011005,8505,https://www.pricecharting.com/game/sega-genesis/altered-beast 
American Gladiators,8.99,18.99,44.99,043948003030,8506,https://www.pricecharting.com/game/sega-genesis/american-gladiators 
Andre Agassi Tennis,2.99,9.99,24.99,751571120016,8509,https://www.pricecharting.com/game/sega-genesis/andre-agassi-tennis 
Animaniacs,8.99,19.99,49.99,083717160144,8512,https://www.pricecharting.com/game/sega-genesis/animaniacs 
Aquatic Games Starring James Pond,4.99,12.99,119.99,014633071696,31466,https://www.pricecharting.com/game/sega-genesis/aquatic-games-starring-james-pond 
Arcade Classics,4.99,8.99,15.99,010086017151,8517,https://www.pricecharting.com/game/sega-genesis/arcade-classics 
Arch Rivals,7.99,13.99,39.99,741062111036,8522,https://www.pricecharting.com/game/sega-genesis/arch-rivals 
Arcus Odyssey,54.99,164.99,419.99,720238100906,8523,https://www.pricecharting.com/game/sega-genesis/arcus-odyssey 
Ariel the Little Mermaid,9.99,12.99,54.99,010086010411,8526,https://www.pricecharting.com/game/sega-genesis/ariel-the-little-mermaid 
Arnold Palmer Tournament Golf,3.99,7.99,19.99,010086012033,21035,https://www.pricecharting.com/game/sega-genesis/arnold-palmer-tournament-golf 
Arrow Flash,29.99,114.99,284.99,720238100401,15053,https://www.pricecharting.com/game/sega-genesis/arrow-flash 
Art Alive,4.99,8.99,24.99,010086017038,8532,https://www.pricecharting.com/game/sega-genesis/art-alive 
Art of Fighting,6.99,24.99,64.99,010086011463,8533,https://www.pricecharting.com/game/sega-genesis/art-of-fighting 
Asterix and the Great Rescue,4.99,12.99,34.99,010086015324,13697,https://www.pricecharting.com/game/sega-genesis/asterix-and-the-great-rescue 
Atomic Robo-Kid,19.99,44.99,119.99,039915157547,21185,https://www.pricecharting.com/game/sega-genesis/atomic-robo-kid 
Atomic Runner,19.99,79.99,89.99,013252014046,18676,https://www.pricecharting.com/game/sega-genesis/atomic-runner 
ATP Tour Championship Tennis,3.99,12.99,18.99,010086012347,34626,https://www.pricecharting.com/game/sega-genesis/atp-tour-championship-tennis 
Awesome Possum,9.99,19.99,59.99,031763065500,8546,https://www.pricecharting.com/game/sega-genesis/awesome-possum 
Back to the Future III,19.99,109.99,279.99,734549001036,8547,https://www.pricecharting.com/game/sega-genesis/back-to-the-future-iii 
Ballz,3.99,8.99,34.99,015605034121,8551,https://www.pricecharting.com/game/sega-genesis/ballz 
Barbie Super Model,5.99,9.99,24.99,096427011705,8557,https://www.pricecharting.com/game/sega-genesis/barbie-super-model 
Barbie Vacation Adventure,44.99,89.99,224.99,,141598,https://www.pricecharting.com/game/sega-genesis/barbie-vacation-adventure 
Barkley Shut Up and Jam,3.99,7.99,54.99,015605033100,8561,https://www.pricecharting.com/game/sega-genesis/barkley-shut-up-and-jam 
Barkley Shut Up and Jam 2,3.99,13.99,139.99,015605034206,21963,https://www.pricecharting.com/game/sega-genesis/barkley-shut-up-and-jam-2 
Barney Hide and Seek,3.99,7.99,19.99,010086015348,12555,https://www.pricecharting.com/game/sega-genesis/barney-hide-and-seek 
Bass Masters Classic,3.99,9.99,24.99,085138340068,8567,https://www.pricecharting.com/game/sega-genesis/bass-masters-classic 
Batman,39.99,94.99,239.99,020763113014,8569,https://www.pricecharting.com/game/sega-genesis/batman 
Batman Forever,4.99,10.99,104.99,021481800194,11976,https://www.pricecharting.com/game/sega-genesis/batman-forever 
Batman Returns,9.99,19.99,84.99,100860104594010086010459,8573,https://www.pricecharting.com/game/sega-genesis/batman-returns 
Batman Revenge of the Joker,24.99,89.99,379.99,020763113038,8575,https://www.pricecharting.com/game/sega-genesis/batman-revenge-of-the-joker 
Battle Master,9.99,24.99,59.99,734549001029,8580,https://www.pricecharting.com/game/sega-genesis/battle-master 
Battle Squadron,19.99,79.99,179.99,014633070279,13201,https://www.pricecharting.com/game/sega-genesis/battle-squadron 
Battletech,19.99,44.99,89.99,027479424946,8584,https://www.pricecharting.com/game/sega-genesis/battletech 
Battletoads,29.99,69.99,159.99,031719209200,8585,https://www.pricecharting.com/game/sega-genesis/battletoads 
Battletoads and Double Dragon,ND,ND,ND,,,https://www.pricecharting.com/game/sega-genesis/battletoads-and-double-dragon 
Beast Wrestler,11.99,39.99,109.99,720238101101,8590,https://www.pricecharting.com/game/sega-genesis/beast-wrestler 
Beauty and the Beast,ND,ND,ND,,,https://www.pricecharting.com/game/sega-genesis/beauty-and-the-beast 
Beauty And The Beast Roar of the Beast,6.99,13.99,104.99,020763113076,12974,https://www.pricecharting.com/game/sega-genesis/beauty-and-the-beast-roar-of-the-beast 
Beavis and Butt-Head,ND,ND,ND,,,https://www.pricecharting.com/game/sega-genesis/beavis-and-butt-head 
Beggar Prince,99.99,99.99,389.99,,31295,https://www.pricecharting.com/game/sega-genesis/beggar-prince 
Berenstain Bears Camping Adventure,8.99,12.99,34.99,010086015485,8598,https://www.pricecharting.com/game/sega-genesis/berenstain-bears-camping-adventure 
Best of the Best Championship Karate,6.99,19.99,39.99,099451707552,8599,https://www.pricecharting.com/game/sega-genesis/best-of-the-best-championship-karate 
Beyond Oasis,44.99,129.99,329.99,010086013542,8602,https://www.pricecharting.com/game/sega-genesis/beyond-oasis 
Bible Adventures,24.99,124.99,314.99,016315330015,20038,https://www.pricecharting.com/game/sega-genesis/bible-adventures 
Bill Walsh College Football,4.99,6.99,18.99,014633071450,8608,https://www.pricecharting.com/game/sega-genesis/bill-walsh-college-football 
Bill Walsh College Football 95,3.99,5.99,17.99,014633073485,33173,https://www.pricecharting.com/game/sega-genesis/bill-walsh-college-football-95 
Bimini Run,24.99,49.99,124.99,722156337013,8610,https://www.pricecharting.com/game/sega-genesis/bimini-run 
Bio-Hazard Battle,19.99,34.99,84.99,010086010602,12020,https://www.pricecharting.com/game/sega-genesis/bio-hazard-battle 
Blades of Vengeance,54.99,119.99,299.99,014633070842,8615,https://www.pricecharting.com/game/sega-genesis/blades-of-vengeance 
Blaster Master II,29.99,69.99,179.99,020763113052,8617,https://www.pricecharting.com/game/sega-genesis/blaster-master-ii 
Blockbuster Game Factory Blue,229.99,-.01,-.01,,19628,https://www.pricecharting.com/game/sega-genesis/blockbuster-game-factory-blue 
Blockbuster Game Factory Green,149.99,274.99,724.99,,19627,https://www.pricecharting.com/game/sega-genesis/blockbuster-game-factory-green 
Blockbuster World Championships II,4704.99,-.01,-.01,,21178,https://www.pricecharting.com/game/sega-genesis/blockbuster-world-championships-ii 
Blockout,4.99,18.99,24.99,014633070552,16145,https://www.pricecharting.com/game/sega-genesis/blockout 
B.O.B.,9.99,29.99,74.99,014633071924,8629,https://www.pricecharting.com/game/sega-genesis/bob 
Bonanza Brothers,13.99,29.99,74.99,010086011241,8634,https://www.pricecharting.com/game/sega-genesis/bonanza-brothers 
Bonkers,7.99,19.99,54.99,010086010558,8635,https://www.pricecharting.com/game/sega-genesis/bonkers 
Boogerman A Pick and Flick Adventure,19.99,39.99,154.99,040421830183,8637,https://www.pricecharting.com/game/sega-genesis/boogerman-a-pick-and-flick-adventure 
Boxing Legends Of The Ring,3.99,7.99,29.99,099451204778,8640,https://www.pricecharting.com/game/sega-genesis/boxing-legends-of-the-ring 
Bram Stokers Dracula,8.99,24.99,34.99,090451401068,8642,https://www.pricecharting.com/game/sega-genesis/bram-stoker%27s-dracula 
Brutal Paws of Fury,7.99,19.99,54.99,043948003153,8649,https://www.pricecharting.com/game/sega-genesis/brutal-paws-of-fury 
Bubba and Stix,10.99,39.99,99.99,031763087502,8650,https://www.pricecharting.com/game/sega-genesis/bubba-and-stix 
Bubble and Squeak,19.99,44.99,159.99,020763113106,8651,https://www.pricecharting.com/game/sega-genesis/bubble-and-squeak 
Bubsy,8.99,17.99,49.99,015605032097,8656,https://www.pricecharting.com/game/sega-genesis/bubsy 
Bubsy II,8.99,19.99,49.99,015605034022,8657,https://www.pricecharting.com/game/sega-genesis/bubsy-ii 
Buck Rogers Countdown to Doomsday,24.99,54.99,74.99,014633070965,15878,https://www.pricecharting.com/game/sega-genesis/buck-rogers-countdown-to-doomsday 
Budokan: The Martial Spirit,7.99,29.99,44.99,014633070187,32569,https://www.pricecharting.com/game/sega-genesis/budokan-the-martial-spirit 
Bugs Bunny Double Trouble,7.99,12.99,44.99,010086018400,8663,https://www.pricecharting.com/game/sega-genesis/bugs-bunny-double-trouble 
Bulls Vs Blazers and the NBA Playoffs,3.99,5.99,144.99,014633072020,8664,https://www.pricecharting.com/game/sega-genesis/bulls-vs-blazers-and-the-nba-playoffs 
Bulls vs Lakers and the NBA Playoffs,2.99,7.99,19.99,014633070996,8665,https://www.pricecharting.com/game/sega-genesis/bulls-vs-lakers-and-the-nba-playoffs 
Burning Force,34.99,74.99,184.99,191199001050,21186,https://www.pricecharting.com/game/sega-genesis/burning-force 
Busters Hidden Treasure,ND,ND,ND,,,https://www.pricecharting.com/game/sega-genesis/buster%27s-hidden-treasure 
Cadash,34.99,139.99,354.99,020588010543,8681,https://www.pricecharting.com/game/sega-genesis/cadash 
Caesars Palace,1.99,6.99,14.99,052145820135,8682,https://www.pricecharting.com/game/sega-genesis/caesar%27s-palace 
Caliber 50,19.99,69.99,169.99,726556919015,8686,https://www.pricecharting.com/game/sega-genesis/caliber-50 
California Games,7.99,19.99,139.99,010086012071,13726,https://www.pricecharting.com/game/sega-genesis/california-games 
Cal Ripken Jr. Baseball,2.99,7.99,19.99,050047111375,8685,https://www.pricecharting.com/game/sega-genesis/cal-ripken-jr-baseball 
Captain America and the Avengers,24.99,54.99,99.99,013252014060,8694,https://www.pricecharting.com/game/sega-genesis/captain-america-and-the-avengers 
Castle of Illusion,24.99,39.99,109.99,010086010152,8703,https://www.pricecharting.com/game/sega-genesis/castle-of-illusion 
Castlevania Bloodlines,64.99,169.99,234.99,083717160052,8705,https://www.pricecharting.com/game/sega-genesis/castlevania-bloodlines 
Centurion Defender of Rome,9.99,19.99,49.99,014633070255,13793,https://www.pricecharting.com/game/sega-genesis/centurion-defender-of-rome 
Chakan,11.99,24.99,149.99,010086010473,8710,https://www.pricecharting.com/game/sega-genesis/chakan 
Championship Bowling,8.99,13.99,34.99,726556921018,8712,https://www.pricecharting.com/game/sega-genesis/championship-bowling 
Championship Pool,3.99,7.99,24.99,050047114901,8715,https://www.pricecharting.com/game/sega-genesis/championship-pool 
Championship Pro-AM,6.99,19.99,49.99,031719209231,8716,https://www.pricecharting.com/game/sega-genesis/championship-pro-am 
Championship Soccer 94,ND,ND,ND,,,https://www.pricecharting.com/game/sega-genesis/championship-soccer-%2794 
Champions World Class Soccer,3.99,6.99,19.99,741062111142,8711,https://www.pricecharting.com/game/sega-genesis/champions-world-class-soccer 
Chase HQ II,29.99,69.99,179.99,020588010659,8720,https://www.pricecharting.com/game/sega-genesis/chase-hq-ii 
Chavez Boxing II,9.99,39.99,104.99,729627521124,12589,https://www.pricecharting.com/game/sega-genesis/chavez-boxing-ii 
Chester Cheetah Too Cool to Fool,12.99,39.99,104.99,021996000058,8723,https://www.pricecharting.com/game/sega-genesis/chester-cheetah-too-cool-to-fool 
Chester Cheetah Wild Wild Quest,14.99,29.99,79.99,021996000171,8724,https://www.pricecharting.com/game/sega-genesis/chester-cheetah-wild-wild-quest 
Chi Chis Pro Challenge Golf,3.99,10.99,17.99,052145820098,8725,https://www.pricecharting.com/game/sega-genesis/chi-chi%27s-pro-challenge-golf 
Chiki Chiki Boys,39.99,124.99,929.99,010086010756,20440,https://www.pricecharting.com/game/sega-genesis/chiki-chiki-boys 
Chuck Rock,10.99,34.99,89.99,052145820005,8735,https://www.pricecharting.com/game/sega-genesis/chuck-rock 
Chuck Rock II Son of Chuck,8.99,24.99,69.99,052145820142,14078,https://www.pricecharting.com/game/sega-genesis/chuck-rock-ii-son-of-chuck 
ClayFighter,10.99,19.99,44.99,040421830114,8736,https://www.pricecharting.com/game/sega-genesis/clayfighter 
Cliffhanger,6.99,13.99,59.99,090451406032,8737,https://www.pricecharting.com/game/sega-genesis/cliffhanger 
Clue,3.99,7.99,19.99,073000440015,8740,https://www.pricecharting.com/game/sega-genesis/clue 
Coach K College Basketball,8.99,18.99,29.99,014633075212,8741,https://www.pricecharting.com/game/sega-genesis/coach-k-college-basketball 
College Footballs National Championship,3.99,6.99,29.99,010086012279,8750,https://www.pricecharting.com/game/sega-genesis/college-football%27s-national-championship 
College Football USA 96,3.99,6.99,19.99,014633074918,15611,https://www.pricecharting.com/game/sega-genesis/college-football-usa-96 
College Football USA 97: The Road to New Orleans,6.99,10.99,19.99,014633077162,18594,https://www.pricecharting.com/game/sega-genesis/college-football-usa-97-the-road-to-new-orleans 
College Slam,3.99,7.99,34.99,021481800569,8752,https://www.pricecharting.com/game/sega-genesis/college-slam 
Columns,2.99,9.99,24.99,010086017014,11863,https://www.pricecharting.com/game/sega-genesis/columns 
Columns III: Revenge of Columns,11.99,18.99,64.99,034912230569,18648,https://www.pricecharting.com/game/sega-genesis/columns-iii-revenge-of-columns 
Combat Cars,4.99,9.99,19.99,015605034084,8754,https://www.pricecharting.com/game/sega-genesis/combat-cars 
Comix Zone,19.99,69.99,174.99,010086015690,8755,https://www.pricecharting.com/game/sega-genesis/comix-zone 
Contra Hard Corps,39.99,119.99,269.99,083717160113,8760,https://www.pricecharting.com/game/sega-genesis/contra-hard-corps 
Cool Spot,9.99,18.99,69.99,010086010732,8763,https://www.pricecharting.com/game/sega-genesis/cool-spot 
Cosmic Spacehead,9.99,24.99,69.99,767649150137,18491,https://www.pricecharting.com/game/sega-genesis/cosmic-spacehead 
Crack Down,19.99,64.99,164.99,721337100057,8767,https://www.pricecharting.com/game/sega-genesis/crack-down 
Crossfire,24.99,64.99,139.99,730653010001,13931,https://www.pricecharting.com/game/sega-genesis/crossfire 
Crue Ball,11.99,29.99,69.99,014633070729,13100,https://www.pricecharting.com/game/sega-genesis/crue-ball 
Crusader of Centy,589.99,1529.99,3824.99,,8784,https://www.pricecharting.com/game/sega-genesis/crusader-of-centy 
Crystals Pony Tale,10.99,19.99,49.99,010086015447,8787,https://www.pricecharting.com/game/sega-genesis/crystal%27s-pony-tale 
Cutthroat Island,7.99,29.99,74.99,021481800224,8791,https://www.pricecharting.com/game/sega-genesis/cutthroat-island 
Cyberball,7.99,14.99,44.99,010086011098,8793,https://www.pricecharting.com/game/sega-genesis/cyberball 
Cyber-Cop,8.99,19.99,54.99,052145820012,8795,https://www.pricecharting.com/game/sega-genesis/cyber-cop 
Cyborg Justice,6.99,19.99,184.99,010086010244,8797,https://www.pricecharting.com/game/sega-genesis/cyborg-justice 
Dark Castle,14.99,29.99,89.99,014633070347,13908,https://www.pricecharting.com/game/sega-genesis/dark-castle 
Dashin Desperadoes,12.99,34.99,89.99,013252014077,8811,https://www.pricecharting.com/game/sega-genesis/dashin%27-desperadoes 
David Robinsons Supreme Court,3.99,4.99,19.99,010086012149069044012141,8815,https://www.pricecharting.com/game/sega-genesis/david-robinson%27s-supreme-court 
Davis Cup World Tour Tennis,2.99,3.99,10.99,031763055501,16084,https://www.pricecharting.com/game/sega-genesis/davis-cup-world-tour-tennis 
Deadly Moves,9.99,15.99,114.99,021996000102,8825,https://www.pricecharting.com/game/sega-genesis/deadly-moves 
Death Duel,7.99,19.99,49.99,720326805362,8827,https://www.pricecharting.com/game/sega-genesis/death-duel 
DecapAttack,ND,ND,ND,,,https://www.pricecharting.com/game/sega-genesis/decapattack 
Demolition Man,34.99,54.99,159.99,021481800415,8837,https://www.pricecharting.com/game/sega-genesis/demolition-man 
Desert Demolition,4.99,17.99,94.99,010086010626,12544,https://www.pricecharting.com/game/sega-genesis/desert-demolition 
Desert Strike Return to the Gulf,5.99,12.99,29.99,014633070224,8839,https://www.pricecharting.com/game/sega-genesis/desert-strike-return-to-the-gulf 
Devilish: The Next Possession,29.99,64.99,159.99,721337100095,18708,https://www.pricecharting.com/game/sega-genesis/devilish-the-next-possession 
Dick Tracy,15.99,59.99,154.99,010086010145,8840,https://www.pricecharting.com/game/sega-genesis/dick-tracy 
Dick Vitales Awesome Baby College Hoops,11.99,19.99,54.99,031763083504,18570,https://www.pricecharting.com/game/sega-genesis/dick-vitale%27s-awesome-baby-college-hoops 
Dino Land,11.99,44.99,119.99,720238100708,8846,https://www.pricecharting.com/game/sega-genesis/dino-land 
Dinosaurs for Hire,24.99,79.99,119.99,010086010503,8847,https://www.pricecharting.com/game/sega-genesis/dinosaurs-for-hire 
DJ Boy,9.99,29.99,84.99,021996000010,12970,https://www.pricecharting.com/game/sega-genesis/dj-boy 
Doom Troopers,29.99,224.99,404.99,796298067107,8853,https://www.pricecharting.com/game/sega-genesis/doom-troopers 
Double Dragon,18.99,69.99,179.99,015605031120,13926,https://www.pricecharting.com/game/sega-genesis/double-dragon 
Double Dragon III The Arcade Game,12.99,54.99,134.99,741062111128,8854,https://www.pricecharting.com/game/sega-genesis/double-dragon-iii-the-arcade-game 
Double Dragon V The Shadow Falls,9.99,39.99,144.99,031719209415,8855,https://www.pricecharting.com/game/sega-genesis/double-dragon-v-the-shadow-falls 
Double Dribble The Playoff Edition,8.99,14.99,39.99,083717160090,8856,https://www.pricecharting.com/game/sega-genesis/double-dribble-the-playoff-edition 
Dragons Fury,34.99,64.99,159.99,031763034506,8872,https://www.pricecharting.com/game/sega-genesis/dragon%27s-fury 
Dragons Revenge,19.99,29.99,79.99,031763046509,8873,https://www.pricecharting.com/game/sega-genesis/dragon%27s-revenge 
DRAGON The Bruce Lee Story,10.99,19.99,59.99,021481800422,8867,https://www.pricecharting.com/game/sega-genesis/dragon-the-bruce-lee-story 
Dr Robotniks Mean Bean Machine,12.99,24.99,69.99,010086017069,8858,https://www.pricecharting.com/game/sega-genesis/dr-robotnik%27s-mean-bean-machine 
Dune The Battle for Arrakis,59.99,144.99,369.99,052145820159,8880,https://www.pricecharting.com/game/sega-genesis/dune-the-battle-for-arrakis 
Dungeons & Dragons Warriors of the Eternal Sun,19.99,39.99,94.99,010086018042010086013047,8884,https://www.pricecharting.com/game/sega-genesis/dungeons-%26-dragons-warriors-of-the-eternal-sun 
Dynamite Duke,13.99,39.99,614.99,010086011135,20367,https://www.pricecharting.com/game/sega-genesis/dynamite-duke 
Dynamite Headdy,15.99,49.99,129.99,010086015430,8886,https://www.pricecharting.com/game/sega-genesis/dynamite-headdy 
Earnest Evans,18.99,64.99,159.99,720238101705,8891,https://www.pricecharting.com/game/sega-genesis/earnest-evans 
Earth Defense,9.99,12.99,19.99,,31708,https://www.pricecharting.com/game/sega-genesis/earth-defense 
Earthworm Jim,19.99,49.99,149.99,796298022007,8893,https://www.pricecharting.com/game/sega-genesis/earthworm-jim 
Earthworm Jim 2,29.99,114.99,294.99,796298067121,8895,https://www.pricecharting.com/game/sega-genesis/earthworm-jim-2 
Ecco Jr,13.99,64.99,79.99,010086490220,8896,https://www.pricecharting.com/game/sega-genesis/ecco-jr 
Ecco the Dolphin,10.99,15.99,259.99,010086010428,8897,https://www.pricecharting.com/game/sega-genesis/ecco-the-dolphin 
Ecco The Tides of Time,4.99,11.99,29.99,010086015539,8899,https://www.pricecharting.com/game/sega-genesis/ecco-the-tides-of-time 
Elemental Master,94.99,239.99,594.99,720238103006,8905,https://www.pricecharting.com/game/sega-genesis/elemental-master 
El Viento,94.99,304.99,764.99,720238101309,21187,https://www.pricecharting.com/game/sega-genesis/el-viento 
ESPN Baseball Tonight,2.99,3.99,34.99,090451406056,8910,https://www.pricecharting.com/game/sega-genesis/espn-baseball-tonight 
ESPN National Hockey Night,3.99,8.99,15.99,735009215604,8913,https://www.pricecharting.com/game/sega-genesis/espn-national-hockey-night 
ESPN Speed World,4.99,12.99,34.99,735009215901,8915,https://www.pricecharting.com/game/sega-genesis/espn-speed-world 
ESPN Sunday Night NFL,2.99,6.99,18.99,090451406063,8916,https://www.pricecharting.com/game/sega-genesis/espn-sunday-night-nfl 
ESWAT City Under Siege,13.99,29.99,74.99,010086011104,13200,https://www.pricecharting.com/game/sega-genesis/eswat-city-under-siege 
Eternal Champions,3.99,11.99,104.99,010086011456,12021,https://www.pricecharting.com/game/sega-genesis/eternal-champions 
Evander Holyfields Real Deal Boxing,4.99,7.99,19.99,010086012156,16435,https://www.pricecharting.com/game/sega-genesis/evander-holyfield%27s-real-deal-boxing 
Exile,19.99,99.99,249.99,720238101804,15044,https://www.pricecharting.com/game/sega-genesis/exile 
Ex-Mutants,7.99,24.99,99.99,010086010749,8923,https://www.pricecharting.com/game/sega-genesis/ex-mutants 
Exodus: Journey to the Promised Land,19.99,69.99,139.99,,19764,https://www.pricecharting.com/game/sega-genesis/exodus-journey-to-the-promised-land 
Exo Squad,13.99,44.99,109.99,796298066100,8924,https://www.pricecharting.com/game/sega-genesis/exo-squad 
F-117 Night Storm,2.99,7.99,19.99,012633072088,8927,https://www.pricecharting.com/game/sega-genesis/f-117-night-storm 
F-15 Strike Eagle II,3.99,6.99,19.99,019703040367,12977,https://www.pricecharting.com/game/sega-genesis/f-15-strike-eagle-ii 
F-22 Interceptor,1.99,6.99,11.99,014633070156,8931,https://www.pricecharting.com/game/sega-genesis/f-22-interceptor 
Faery Tale Adventure,7.99,24.99,114.99,014633070569,8933,https://www.pricecharting.com/game/sega-genesis/faery-tale-adventure 
Family Feud,4.99,7.99,9.99,043948003054,8934,https://www.pricecharting.com/game/sega-genesis/family-feud 
Fantasia,10.99,19.99,144.99,010086010213,8937,https://www.pricecharting.com/game/sega-genesis/fantasia 
Fantastic Dizzy,10.99,34.99,84.99,767649150021,8938,https://www.pricecharting.com/game/sega-genesis/fantastic-dizzy 
Fatal Fury,12.99,24.99,59.99,026483360301,8942,https://www.pricecharting.com/game/sega-genesis/fatal-fury 
Fatal Fury 2,19.99,54.99,144.99,026483360509,8943,https://www.pricecharting.com/game/sega-genesis/fatal-fury-2 
Fatal Labyrinth,12.99,29.99,74.99,010086013092,8946,https://www.pricecharting.com/game/sega-genesis/fatal-labyrinth 
Fatal Rewind Killing Game Show,6.99,24.99,59.99,014633070927,8947,https://www.pricecharting.com/game/sega-genesis/fatal-rewind-killing-game-show 
Ferrari Grand Prix Challenge,2.99,7.99,19.99,741062111012,12978,https://www.pricecharting.com/game/sega-genesis/ferrari-grand-prix-challenge 
FIFA 95,4.99,7.99,19.99,014633073843,8953,https://www.pricecharting.com/game/sega-genesis/fifa-95 
FIFA 96,4.99,9.99,34.99,014633075793,8954,https://www.pricecharting.com/game/sega-genesis/fifa-96 
FIFA 97 Gold,8.99,14.99,39.99,014633077483,8955,https://www.pricecharting.com/game/sega-genesis/fifa-97-gold 
FIFA International Soccer,3.99,4.99,269.99,014633072556,8956,https://www.pricecharting.com/game/sega-genesis/fifa-international-soccer 
Fighting Masters,9.99,29.99,49.99,039471907068,13248,https://www.pricecharting.com/game/sega-genesis/fighting-masters 
Final Zone,24.99,69.99,184.99,720238100203,12975,https://www.pricecharting.com/game/sega-genesis/final-zone 
Fire Shark,39.99,74.99,194.99,096338061035,13197,https://www.pricecharting.com/game/sega-genesis/fire-shark 
Flashback The Quest for Identity,10.99,29.99,169.99,743175790986,8979,https://www.pricecharting.com/game/sega-genesis/flashback-the-quest-for-identity 
Flicky,19.99,54.99,179.99,010086010220,16170,https://www.pricecharting.com/game/sega-genesis/flicky 
Foreman For Real,4.99,8.99,29.99,021481800217,18550,https://www.pricecharting.com/game/sega-genesis/foreman-for-real 
Forgotten Worlds,17.99,34.99,94.99,010086010084,12556,https://www.pricecharting.com/game/sega-genesis/forgotten-worlds 
Formula One- F1,4.99,11.99,29.99,031763063506,8987,https://www.pricecharting.com/game/sega-genesis/formula-one-f1 
Frank Thomas Big Hurt Baseball,3.99,9.99,69.99,021481800187,8989,https://www.pricecharting.com/game/sega-genesis/frank-thomas-big-hurt-baseball 
Frogger,6.99,11.99,39.99,096427011392,8992,https://www.pricecharting.com/game/sega-genesis/frogger 
Fun n Games,3.99,8.99,24.99,031719209323,9001,https://www.pricecharting.com/game/sega-genesis/fun-%27n-games 
Funny World & Balloon Boy,3.99,3.99,19.99,738012220153,22161,https://www.pricecharting.com/game/sega-genesis/funny-world-%26-balloon-boy 
Gadget Twins,9.99,19.99,49.99,043948003016,9004,https://www.pricecharting.com/game/sega-genesis/gadget-twins 
Gaiares,44.99,139.99,359.99,720238100609,9005,https://www.pricecharting.com/game/sega-genesis/gaiares 
Gain Ground,39.99,84.99,219.99,720238100500,12022,https://www.pricecharting.com/game/sega-genesis/gain-ground 
Galahad,34.99,79.99,164.99,014633071146,9007,https://www.pricecharting.com/game/sega-genesis/galahad 
Galaxy Force II,9.99,19.99,79.99,010086011333,18672,https://www.pricecharting.com/game/sega-genesis/galaxy-force-ii 
Game Genie,11.99,29.99,59.99,,12090,https://www.pricecharting.com/game/sega-genesis/game-genie 
Garfield Caught in the Act,9.99,24.99,104.99,010086015560,12567,https://www.pricecharting.com/game/sega-genesis/garfield-caught-in-the-act 
Gargoyles,29.99,159.99,314.99,071272511006,9011,https://www.pricecharting.com/game/sega-genesis/gargoyles 
Gauntlet IV,34.99,59.99,219.99,031763067504,9014,https://www.pricecharting.com/game/sega-genesis/gauntlet-iv 
Gemfire,29.99,59.99,154.99,040198000468,9017,https://www.pricecharting.com/game/sega-genesis/gemfire 
General Chaos,12.99,34.99,84.99,014633071436,9019,https://www.pricecharting.com/game/sega-genesis/general-chaos 
Generations Lost,11.99,29.99,74.99,031763078500,9021,https://www.pricecharting.com/game/sega-genesis/generations-lost 
Genesis 6-Pak,ND,ND,ND,,,https://www.pricecharting.com/game/sega-genesis/genesis-6-pak 
Genghis Khan II Clan of the Gray Wolf,19.99,39.99,94.99,040198000697,9023,https://www.pricecharting.com/game/sega-genesis/genghis-khan-ii-clan-of-the-gray-wolf 
George Foremans KO Boxing,4.99,8.99,24.99,741062111111,9024,https://www.pricecharting.com/game/sega-genesis/george-foreman%27s-ko-boxing 
Ghostbusters,54.99,104.99,269.99,010086010077,11962,https://www.pricecharting.com/game/sega-genesis/ghostbusters 
Ghouls N Ghosts,34.99,74.99,189.99,010086010022,11855,https://www.pricecharting.com/game/sega-genesis/ghouls-%27n-ghosts 
G-LOC Air Battle,4.99,12.99,34.99,010086011203,30611,https://www.pricecharting.com/game/sega-genesis/g-loc-air-battle 
Gods,11.99,39.99,64.99,050047110323,9041,https://www.pricecharting.com/game/sega-genesis/gods 
Golden Axe,14.99,34.99,119.99,010086011067069044011069,9046,https://www.pricecharting.com/game/sega-genesis/golden-axe 
Golden Axe II,19.99,39.99,1839.99,010086011227,9047,https://www.pricecharting.com/game/sega-genesis/golden-axe-ii 
Golden Axe III [Japan],109.99,119.99,194.99,,62673,https://www.pricecharting.com/game/sega-genesis/golden-axe-iii-%5Bjapan%5D 
Goofys Hysterical History Tour,7.99,29.99,74.99,018706415936,9052,https://www.pricecharting.com/game/sega-genesis/goofy%27s-hysterical-history-tour 
Granada,39.99,114.99,289.99,720238100302,13170,https://www.pricecharting.com/game/sega-genesis/granada 
Greatest Heavyweights,3.99,10.99,39.99,010086012286,9064,https://www.pricecharting.com/game/sega-genesis/greatest-heavyweights 
Great Waldo Search,8.99,11.99,29.99,719575040006,9062,https://www.pricecharting.com/game/sega-genesis/great-waldo-search 
Greendog Beached Surfer Dude,7.99,19.99,54.99,010086010350069044010352,12557,https://www.pricecharting.com/game/sega-genesis/greendog-beached-surfer-dude 
Grind Stormer,109.99,224.99,604.99,031763056508,9071,https://www.pricecharting.com/game/sega-genesis/grind-stormer 
Growl,59.99,159.99,404.99,020588010451,12577,https://www.pricecharting.com/game/sega-genesis/growl 
Gunstar Heroes,54.99,134.99,334.99,010086010770,9081,https://www.pricecharting.com/game/sega-genesis/gunstar-heroes 
Hardball,3.99,7.99,99.99,015605031014,32577,https://www.pricecharting.com/game/sega-genesis/hardball 
HardBall 94,3.99,4.99,24.99,015605034077,9090,https://www.pricecharting.com/game/sega-genesis/hardball-94 
HardBall 95,3.99,7.99,15.99,015605035012,9091,https://www.pricecharting.com/game/sega-genesis/hardball-95 
HardBall III,3.99,6.99,18.99,015605032080,8490,https://www.pricecharting.com/game/sega-genesis/hardball-iii 
Hard Drivin,3.99,7.99,49.99,031763017509,12980,https://www.pricecharting.com/game/sega-genesis/hard-drivin 
Haunting Starring Polterguy,39.99,109.99,169.99,014633071498,12571,https://www.pricecharting.com/game/sega-genesis/haunting-starring-polterguy 
Head-On Soccer,3.99,39.99,104.99,743175951998,9098,https://www.pricecharting.com/game/sega-genesis/head-on-soccer 
Heavy Nova,6.99,19.99,49.99,027479700194,13722,https://www.pricecharting.com/game/sega-genesis/heavy-nova 
Hellfire,49.99,164.99,414.99,716065824429,19633,https://www.pricecharting.com/game/sega-genesis/hellfire 
Herzog Zwei,39.99,84.99,194.99,010086014006,13965,https://www.pricecharting.com/game/sega-genesis/herzog-zwei 
High Seas Havoc,24.99,119.99,304.99,013252014084,9108,https://www.pricecharting.com/game/sega-genesis/high-seas-havoc 
Hit the Ice,11.99,29.99,74.99,020588010598,9112,https://www.pricecharting.com/game/sega-genesis/hit-the-ice 
Home Alone,15.99,34.99,284.99,010086010466,9116,https://www.pricecharting.com/game/sega-genesis/home-alone 
Home Alone 2 Lost In New York,18.99,34.99,3209.99,010086015362,9118,https://www.pricecharting.com/game/sega-genesis/home-alone-2-lost-in-new-york 
Hook,10.99,29.99,59.99,090451401020,9120,https://www.pricecharting.com/game/sega-genesis/hook 
Indiana Jones and the Last Crusade,19.99,44.99,139.99,743175790467,9145,https://www.pricecharting.com/game/sega-genesis/indiana-jones-and-the-last-crusade 
Insector X,19.99,44.99,119.99,721337100019,15636,https://www.pricecharting.com/game/sega-genesis/insector-x 
Instruments of Chaos Starring Young Indiana Jones,11.99,12.99,69.99,010086010480,9149,https://www.pricecharting.com/game/sega-genesis/instruments-of-chaos-starring-young-indiana-jones 
International Tour Tennis,ND,ND,ND,,,https://www.pricecharting.com/game/sega-genesis/international-tour-tennis 
Ishido: The Way of Stones,14.99,34.99,54.99,015605030055,34798,https://www.pricecharting.com/game/sega-genesis/ishido-the-way-of-stones 
Izzys Quest for the Olympic Rings,5.99,11.99,34.99,743175921014,9154,https://www.pricecharting.com/game/sega-genesis/izzy%27s-quest-for-the-olympic-rings 
Jack Nicklaus Power Challenge Golf,4.99,11.99,29.99,015605032127,9156,https://www.pricecharting.com/game/sega-genesis/jack-nicklaus-power-challenge-golf 
James Bond 007 The Duel,ND,ND,ND,,,https://www.pricecharting.com/game/sega-genesis/james-bond-007-the-duel 
James Buster Douglas Knockout Boxing,4.99,11.99,34.99,010086012040,9162,https://www.pricecharting.com/game/sega-genesis/james-buster-douglas-knockout-boxing 
James Pond,4.99,19.99,59.99,014633070538,15637,https://www.pricecharting.com/game/sega-genesis/james-pond 
James Pond 2 codename RoboCod,8.99,19.99,59.99,014633070873,9163,https://www.pricecharting.com/game/sega-genesis/james-pond-2-codename-robocod 
James Pond 3 Operation Starfish,10.99,19.99,54.99,014633716658,9164,https://www.pricecharting.com/game/sega-genesis/james-pond-3-operation-starfish 
Jammit,3.99,6.99,29.99,052145820197,9165,https://www.pricecharting.com/game/sega-genesis/jammit 
Jennifer Capriati Tennis,8.99,19.99,49.99,720238102108,9167,https://www.pricecharting.com/game/sega-genesis/jennifer-capriati-tennis 
Jeopardy,2.99,4.99,17.99,043948003047,9168,https://www.pricecharting.com/game/sega-genesis/jeopardy 
Jeopardy Deluxe Edition,6.99,8.99,24.99,043948003108,9171,https://www.pricecharting.com/game/sega-genesis/jeopardy-deluxe-edition 
Jeopardy Sports Edition,2.99,7.99,24.99,043948003115,9173,https://www.pricecharting.com/game/sega-genesis/jeopardy-sports-edition 
Jerry Glanvilles Pigskin Footbrawl,18.99,34.99,89.99,720326805386,21266,https://www.pricecharting.com/game/sega-genesis/jerry-glanville%27s-pigskin-footbrawl 
Jewel Master,14.99,34.99,89.99,010086010251,14080,https://www.pricecharting.com/game/sega-genesis/jewel-master 
Joe and Mac,29.99,119.99,304.99,026483360707,9178,https://www.pricecharting.com/game/sega-genesis/joe-and-mac 
Joe Montana Football,4.99,9.99,24.99,010086012057,31679,https://www.pricecharting.com/game/sega-genesis/joe-montana-football 
Joe Montana II Sports Talk Football,2.99,4.99,74.99,010086012095,9180,https://www.pricecharting.com/game/sega-genesis/joe-montana-ii-sports-talk-football 
John Madden Football,9.99,49.99,1084.99,014633070002,19500,https://www.pricecharting.com/game/sega-genesis/john-madden-football 
John Madden Football 92,4.99,14.99,49.99,014633070583,33174,https://www.pricecharting.com/game/sega-genesis/john-madden-football-%2792 
John Madden Football 93,4.99,9.99,144.99,014633071542,9181,https://www.pricecharting.com/game/sega-genesis/john-madden-football-%2793 
John Madden Football 93 Championship Edition,59.99,159.99,2069.99,,13927,https://www.pricecharting.com/game/sega-genesis/john-madden-football-%2793-championship-edition 
Jordan vs Bird Super One-On-One,ND,ND,ND,,,https://www.pricecharting.com/game/sega-genesis/jordan-vs-bird-super-one-on-one 
Joshua: The Battle of Jericho,29.99,104.99,139.99,920216920216,13932,https://www.pricecharting.com/game/sega-genesis/joshua-the-battle-of-jericho 
Judge Dredd,7.99,24.99,64.99,021481800170,9184,https://www.pricecharting.com/game/sega-genesis/judge-dredd 
Junction,6.99,10.99,29.99,727479267702,33627,https://www.pricecharting.com/game/sega-genesis/junction 
Jungle Strike,7.99,13.99,19.99,014633071627,9188,https://www.pricecharting.com/game/sega-genesis/jungle-strike 
Jurassic Park,4.99,11.99,134.99,010086010565096427010999,9189,https://www.pricecharting.com/game/sega-genesis/jurassic-park 
Jurassic Park Rampage Edition,8.99,29.99,89.99,010086015577,13945,https://www.pricecharting.com/game/sega-genesis/jurassic-park-rampage-edition 
Justice League Task Force,9.99,19.99,114.99,021481800330,9192,https://www.pricecharting.com/game/sega-genesis/justice-league-task-force 
Ka-Ge-Ki Fists of Steel,10.99,34.99,94.99,721337100033,9193,https://www.pricecharting.com/game/sega-genesis/ka-ge-ki-fists-of-steel 
Kawasaki Superbike Challenge,14.99,114.99,289.99,031763069508,9202,https://www.pricecharting.com/game/sega-genesis/kawasaki-superbike-challenge 
Kid Chameleon,11.99,24.99,269.99,010086010107069044010109,12024,https://www.pricecharting.com/game/sega-genesis/kid-chameleon 
King of the Monsters,10.99,34.99,89.99,026483360103,9209,https://www.pricecharting.com/game/sega-genesis/king-of-the-monsters 
King of the Monsters 2,8.99,34.99,114.99,026483360608,9210,https://www.pricecharting.com/game/sega-genesis/king-of-the-monsters-2 
King Salmon: The Big Catch,6.99,11.99,44.99,034912230262,19631,https://www.pricecharting.com/game/sega-genesis/king-salmon-the-big-catch 
Kings Bounty,19.99,34.99,94.99,014633070330,13851,https://www.pricecharting.com/game/sega-genesis/king%27s-bounty 
Klax,7.99,17.99,44.99,031763040507,9216,https://www.pricecharting.com/game/sega-genesis/klax 
Krustys Super Fun House,9.99,24.99,64.99,741062111029,9218,https://www.pricecharting.com/game/sega-genesis/krusty%27s-super-fun-house 
Lakers vs. Celtics and the NBA Playoffs,7.99,15.99,44.99,014633070040,18618,https://www.pricecharting.com/game/sega-genesis/lakers-vs-celtics-and-the-nba-playoffs 
Landstalker Treasures of King Nole,19.99,44.99,114.99,010086013535,9221,https://www.pricecharting.com/game/sega-genesis/landstalker-treasures-of-king-nole 
Last Action Hero,6.99,19.99,104.99,090451406025,9223,https://www.pricecharting.com/game/sega-genesis/last-action-hero 
Last Battle,7.99,19.99,59.99,010086010015,13202,https://www.pricecharting.com/game/sega-genesis/last-battle 
Lawnmower Man,12.99,29.99,79.99,031763095507,9228,https://www.pricecharting.com/game/sega-genesis/lawnmower-man 
Legend of Wukong,104.99,129.99,329.99,,34044,https://www.pricecharting.com/game/sega-genesis/legend-of-wukong 
Lemmings,11.99,34.99,149.99,020763113021,9239,https://www.pricecharting.com/game/sega-genesis/lemmings 
Lemmings 2 The Tribes,8.99,19.99,59.99,053203013650,9241,https://www.pricecharting.com/game/sega-genesis/lemmings-2-the-tribes 
Lethal Enforcers,4.99,74.99,114.99,083717160076,9243,https://www.pricecharting.com/game/sega-genesis/lethal-enforcers 
Lethal Enforcers II Gun Fighters,ND,ND,ND,,,https://www.pricecharting.com/game/sega-genesis/lethal-enforcers-ii-gun-fighters 
LHX Attack Chopper,2.99,4.99,19.99,014633070774,15047,https://www.pricecharting.com/game/sega-genesis/lhx-attack-chopper 
Liberty or Death,44.99,79.99,214.99,040198000673,9246,https://www.pricecharting.com/game/sega-genesis/liberty-or-death 
Light Crusader,8.99,39.99,84.99,010086011876,12026,https://www.pricecharting.com/game/sega-genesis/light-crusader 
Lightening Force Quest for the Darkstar,54.99,119.99,304.99,010086011432,9247,https://www.pricecharting.com/game/sega-genesis/lightening-force-quest-for-the-darkstar 
Lost World Jurassic Park,34.99,139.99,144.99,010086018462,9257,https://www.pricecharting.com/game/sega-genesis/lost-world-jurassic-park 
Lotus II,4.99,8.99,19.99,014633072686,15051,https://www.pricecharting.com/game/sega-genesis/lotus-ii 
Lotus Turbo Challenge,6.99,13.99,44.99,014633071634,15052,https://www.pricecharting.com/game/sega-genesis/lotus-turbo-challenge 
M-1 Abrams Battle Tank,4.99,10.99,29.99,010086014020,19634,https://www.pricecharting.com/game/sega-genesis/m-1-abrams-battle-tank 
Madden 97,4.99,8.99,29.99,014633076899,9266,https://www.pricecharting.com/game/sega-genesis/madden-97 
Madden NFL 94,3.99,7.99,39.99,014633014433014633071443,9269,https://www.pricecharting.com/game/sega-genesis/madden-nfl-%2794 
Madden NFL 95,4.99,6.99,139.99,014633073768,9270,https://www.pricecharting.com/game/sega-genesis/madden-nfl-%2795 
Madden NFL 96,2.99,7.99,109.99,014633074932,9271,https://www.pricecharting.com/game/sega-genesis/madden-nfl-96 
Madden NFL 98,ND,ND,ND,,,https://www.pricecharting.com/game/sega-genesis/madden-nfl-98 
Marble Madness,8.99,18.99,34.99,014633070897,9285,https://www.pricecharting.com/game/sega-genesis/marble-madness 
Mario Andretti Racing,3.99,4.99,24.99,014633072594,9286,https://www.pricecharting.com/game/sega-genesis/mario-andretti-racing 
Mario Lemieux Hockey,7.99,10.99,129.99,010086015102010086012101,9288,https://www.pricecharting.com/game/sega-genesis/mario-lemieux-hockey 
Marko,6.99,18.99,34.99,031763068501,34137,https://www.pricecharting.com/game/sega-genesis/marko 
Markos Magic Football PAL,ND,ND,ND,,,https://www.pricecharting.com/game/sega-genesis/marko%27s-magic-football-pal 
Marsupilami,9.99,29.99,74.99,010086018417,9292,https://www.pricecharting.com/game/sega-genesis/marsupilami 
Marvel Land,29.99,79.99,204.99,722674020077,9293,https://www.pricecharting.com/game/sega-genesis/marvel-land 
Mary Shelleys Frankenstein,14.99,34.99,89.99,735009214706,9299,https://www.pricecharting.com/game/sega-genesis/mary-shelley%27s-frankenstein 
Master of Monsters,44.99,129.99,329.99,720238101408,9301,https://www.pricecharting.com/game/sega-genesis/master-of-monsters 
Math Blaster Episode 1,8.99,24.99,89.99,051581323002,9303,https://www.pricecharting.com/game/sega-genesis/math-blaster-episode-1 
Mazin Saga Mutant Fighter,39.99,109.99,279.99,034912230361,13791,https://www.pricecharting.com/game/sega-genesis/mazin-saga-mutant-fighter 
McDonalds Treasureland Adventure,49.99,124.99,204.99,010086010671,9308,https://www.pricecharting.com/game/sega-genesis/mcdonald%27s-treasureland-adventure 
Mega Bomberman,24.99,59.99,194.99,010086015737,14604,https://www.pricecharting.com/game/sega-genesis/mega-bomberman 
Mega Man: The Wily Wars [Reproduction],ND,ND,ND,,,https://www.pricecharting.com/game/sega-genesis/mega-man-the-wily-wars-%5Breproduction%5D 
Mega Turrican,94.99,194.99,494.99,013252014091,9322,https://www.pricecharting.com/game/sega-genesis/mega-turrican 
Menacer: 6-Game Cartridge,4.99,9.99,69.99,010086016581,31785,https://www.pricecharting.com/game/sega-genesis/menacer-6-game-cartridge 
Mercs,15.99,34.99,84.99,010086011197,13762,https://www.pricecharting.com/game/sega-genesis/mercs 
Michael Jackson Moonwalker,59.99,144.99,349.99,010086010138069044010130,9334,https://www.pricecharting.com/game/sega-genesis/michael-jackson-moonwalker 
Mick and Mack Global Gladiators,7.99,19.99,44.99,052145820043,11978,https://www.pricecharting.com/game/sega-genesis/mick-and-mack-global-gladiators 
Mickey Mania,11.99,29.99,89.99,735009214409,9336,https://www.pricecharting.com/game/sega-genesis/mickey-mania 
Mickeys Ultimate Challenge,7.99,19.99,59.99,087855000423,9340,https://www.pricecharting.com/game/sega-genesis/mickey%27s-ultimate-challenge 
Micro Machines,13.99,34.99,89.99,767649150014,9341,https://www.pricecharting.com/game/sega-genesis/micro-machines 
Midnight Resistance,19.99,74.99,194.99,010086011296,9344,https://www.pricecharting.com/game/sega-genesis/midnight-resistance 
MIG-29,5.99,11.99,29.99,031763997504,14671,https://www.pricecharting.com/game/sega-genesis/mig-29 
Might and Magic Gates to Another World,14.99,24.99,69.99,014633070316,9350,https://www.pricecharting.com/game/sega-genesis/might-and-magic-gates-to-another-world 
Mighty Morphin Power Rangers,6.99,19.99,59.99,,14285,https://www.pricecharting.com/game/sega-genesis/mighty-morphin-power-rangers 
Mighty Morphin Power Rangers The Movie,10.99,34.99,174.99,010086015782,9352,https://www.pricecharting.com/game/sega-genesis/mighty-morphin-power-rangers-the-movie 
Mike Ditka Power Football,2.99,7.99,19.99,015605031038,9353,https://www.pricecharting.com/game/sega-genesis/mike-ditka-power-football 
Minnesota Fats,13.99,79.99,214.99,013252014114,9356,https://www.pricecharting.com/game/sega-genesis/minnesota-fats 
Miracle Piano,64.99,304.99,404.99,,32649,https://www.pricecharting.com/game/sega-genesis/miracle-piano 
MLBPA Baseball,2.99,6.99,18.99,014633071740,9363,https://www.pricecharting.com/game/sega-genesis/mlbpa-baseball 
Monopoly,2.99,7.99,24.99,073000440008,11977,https://www.pricecharting.com/game/sega-genesis/monopoly 
Mortal Kombat,6.99,19.99,1094.99,734549001081,9371,https://www.pricecharting.com/game/sega-genesis/mortal-kombat 
Mortal Kombat 3,8.99,19.99,494.99,031719209446,7019,https://www.pricecharting.com/game/sega-genesis/mortal-kombat-3 
Mortal Kombat II,8.99,19.99,449.99,021481800057,9374,https://www.pricecharting.com/game/sega-genesis/mortal-kombat-ii 
Ms. Pac-Man,3.99,7.99,69.99,031763030508,9381,https://www.pricecharting.com/game/sega-genesis/ms-pac-man 
Muhammad Alis Heavyweight Boxing,ND,ND,ND,,,https://www.pricecharting.com/game/sega-genesis/muhammad-ali%27s-heavyweight-boxing 
MUSHA,334.99,839.99,2109.99,716065811603,9388,https://www.pricecharting.com/game/sega-genesis/musha 
Mutant League Football,19.99,34.99,169.99,014633070811,9389,https://www.pricecharting.com/game/sega-genesis/mutant-league-football 
Mutant League Hockey,64.99,134.99,339.99,014633072259,13943,https://www.pricecharting.com/game/sega-genesis/mutant-league-hockey 
Mystical Fighter,49.99,169.99,429.99,096338061073,19630,https://www.pricecharting.com/game/sega-genesis/mystical-fighter 
Mystic Defender,15.99,49.99,69.99,010086010114,13199,https://www.pricecharting.com/game/sega-genesis/mystic-defender 
NBA Action 94,2.99,5.99,24.99,010086012217,9417,https://www.pricecharting.com/game/sega-genesis/nba-action-94 
NBA Action 95 starring David Robinson,2.99,6.99,24.99,010086012361,18548,https://www.pricecharting.com/game/sega-genesis/nba-action-%2795-starring-david-robinson 
NBA All-Star Challenge,2.99,6.99,224.99,741062111104,9419,https://www.pricecharting.com/game/sega-genesis/nba-all-star-challenge 
NBA Hang Time,5.99,19.99,74.99,031719209651,13830,https://www.pricecharting.com/game/sega-genesis/nba-hang-time 
NBA Jam,6.99,9.99,879.99,734549001111,9422,https://www.pricecharting.com/game/sega-genesis/nba-jam 
NBA Jam Tournament Edition,7.99,11.99,104.99,021481800125,9425,https://www.pricecharting.com/game/sega-genesis/nba-jam-tournament-edition 
NBA Live 95,4.99,6.99,19.99,014633073812,9434,https://www.pricecharting.com/game/sega-genesis/nba-live-95 
NBA Live 96,3.99,6.99,69.99,014633075861,9435,https://www.pricecharting.com/game/sega-genesis/nba-live-96 
NBA Live 97,3.99,6.99,29.99,014633077285,9436,https://www.pricecharting.com/game/sega-genesis/nba-live-97 
NBA Showdown 94,3.99,4.99,19.99,014633072143,9438,https://www.pricecharting.com/game/sega-genesis/nba-showdown-94 
NCAA Final Four Basketball,4.99,11.99,29.99,024294114502,9442,https://www.pricecharting.com/game/sega-genesis/ncaa-final-four-basketball 
NCAA Football,2.99,6.99,10.99,024294114526,9443,https://www.pricecharting.com/game/sega-genesis/ncaa-football 
Newman Haas Indy Car featuring Nigel Mansell,ND,ND,ND,,,https://www.pricecharting.com/game/sega-genesis/newman-haas-indy-car-featuring-nigel-mansell 
NFL 95,1.99,4.99,17.99,010086012378,16432,https://www.pricecharting.com/game/sega-genesis/nfl-%2795 
NFL 98,ND,ND,ND,,,https://www.pricecharting.com/game/sega-genesis/nfl-98 
NFL Football 94 Starring Joe Montana,2.99,3.99,14.99,010086012255,16235,https://www.pricecharting.com/game/sega-genesis/nfl-football-%2794-starring-joe-montana 
NFL Quarterback Club,2.99,4.99,24.99,021481800101,18533,https://www.pricecharting.com/game/sega-genesis/nfl-quarterback-club 
NFL Quarterback Club 96,3.99,4.99,18.99,021481800378,9462,https://www.pricecharting.com/game/sega-genesis/nfl-quarterback-club-96 
NHL 94,8.99,13.99,29.99,014633072280,9470,https://www.pricecharting.com/game/sega-genesis/nhl-94 
NHL 95,3.99,6.99,54.99,014633071948,9471,https://www.pricecharting.com/game/sega-genesis/nhl-95 
NHL 96,4.99,6.99,39.99,014633074802,9472,https://www.pricecharting.com/game/sega-genesis/nhl-96 
NHL 97,5.99,9.99,39.99,014633076035,9473,https://www.pricecharting.com/game/sega-genesis/nhl-97 
NHL 98,19.99,34.99,74.99,785138340128,9475,https://www.pricecharting.com/game/sega-genesis/nhl-98 
NHL All-Star Hockey 95,3.99,6.99,29.99,010086012309,9477,https://www.pricecharting.com/game/sega-genesis/nhl-all-star-hockey-95 
NHL Hockey,3.99,7.99,19.99,014633070408,33175,https://www.pricecharting.com/game/sega-genesis/nhl-hockey 
NHLPA Hockey 93,2.99,6.99,39.99,014633071412,9480,https://www.pricecharting.com/game/sega-genesis/nhlpa-hockey-%2793 
Nigel Mansells World Championship Racing,2.99,5.99,17.99,043948003061,9482,https://www.pricecharting.com/game/sega-genesis/nigel-mansell%27s-world-championship-racing 
Nobunagas Ambition,11.99,34.99,109.99,040198000710,9494,https://www.pricecharting.com/game/sega-genesis/nobunaga%27s-ambition 
No Escape,19.99,59.99,179.99,735009216403,9493,https://www.pricecharting.com/game/sega-genesis/no-escape 
Normys Beach Babe-O-Rama,24.99,29.99,74.99,014633072044,9496,https://www.pricecharting.com/game/sega-genesis/normy%27s-beach-babe-o-rama 
Olympic Gold Barcelona 92,1.99,7.99,24.99,743175790160,14616,https://www.pricecharting.com/game/sega-genesis/olympic-gold-barcelona-92 
Olympic Summer Games Atlanta 96,4.99,11.99,29.99,785138340074,9501,https://www.pricecharting.com/game/sega-genesis/olympic-summer-games-atlanta-96 
Onslaught,39.99,89.99,94.99,015605031076,14209,https://www.pricecharting.com/game/sega-genesis/onslaught 
Operation Europe Path to Victory 1939-45,11.99,24.99,64.99,040198000727,9506,https://www.pricecharting.com/game/sega-genesis/operation-europe-path-to-victory-1939-45 
Outlander,11.99,34.99,79.99,050047108696,9511,https://www.pricecharting.com/game/sega-genesis/outlander 
Out of This World,9.99,39.99,104.99,052145820036,9510,https://www.pricecharting.com/game/sega-genesis/out-of-this-world 
OutRun,39.99,69.99,174.99,010086011258,18617,https://www.pricecharting.com/game/sega-genesis/outrun 
OutRun 2019,12.99,29.99,234.99,010086011807010086011180,18638,https://www.pricecharting.com/game/sega-genesis/outrun-2019 
OutRunners,19.99,44.99,109.99,013252014107,9514,https://www.pricecharting.com/game/sega-genesis/outrunners 
Pac-Attack,9.99,19.99,24.99,722674020398,9517,https://www.pricecharting.com/game/sega-genesis/pac-attack 
Pac-Man 2 The New Adventures,3.99,8.99,24.99,722674020367,9519,https://www.pricecharting.com/game/sega-genesis/pac-man-2-the-new-adventures 
Pac-Mania,14.99,24.99,59.99,031763018506,14577,https://www.pricecharting.com/game/sega-genesis/pac-mania 
Pagemaster,7.99,18.99,44.99,086162701672,9522,https://www.pricecharting.com/game/sega-genesis/pagemaster 
Paperboy,8.99,19.99,24.99,031763029502,9527,https://www.pricecharting.com/game/sega-genesis/paperboy 
Paperboy 2,9.99,24.99,129.99,031763037507,9529,https://www.pricecharting.com/game/sega-genesis/paperboy-2 
Pat Rileys Basketball,1.99,4.99,14.99,010086012019,34154,https://www.pricecharting.com/game/sega-genesis/pat-riley%27s-basketball 
Pebble Beach Golf Links,2.99,6.99,18.99,010086012316,9536,https://www.pricecharting.com/game/sega-genesis/pebble-beach-golf-links 
Pele,7.99,19.99,49.99,015605033032,9537,https://www.pricecharting.com/game/sega-genesis/pele 
PGA European Tour,2.99,5.99,19.99,014633073539,9540,https://www.pricecharting.com/game/sega-genesis/pga-european-tour 
PGA Tour 96,2.99,7.99,44.99,014633075090,9541,https://www.pricecharting.com/game/sega-genesis/pga-tour-96 
PGA Tour Golf,3.99,6.99,409.99,014633070026,9543,https://www.pricecharting.com/game/sega-genesis/pga-tour-golf 
PGA Tour Golf 3,6.99,9.99,64.99,014633074277,9544,https://www.pricecharting.com/game/sega-genesis/pga-tour-golf-3 
PGA Tour Golf II,3.99,6.99,34.99,014633071559,9545,https://www.pricecharting.com/game/sega-genesis/pga-tour-golf-ii 
Phantasy Star II,34.99,89.99,229.99,010086013016,11957,https://www.pricecharting.com/game/sega-genesis/phantasy-star-ii 
Phantasy Star III Generations of Doom,34.99,54.99,159.99,010086013030,9546,https://www.pricecharting.com/game/sega-genesis/phantasy-star-iii-generations-of-doom 
Phantasy Star IV,64.99,209.99,529.99,010086013078,9547,https://www.pricecharting.com/game/sega-genesis/phantasy-star-iv 
Phantom 2040,12.99,44.99,174.99,040824231006,9550,https://www.pricecharting.com/game/sega-genesis/phantom-2040 
Phelios,34.99,79.99,194.99,722674020015,13198,https://www.pricecharting.com/game/sega-genesis/phelios 
Pier Solar,149.99,184.99,459.99,,33992,https://www.pricecharting.com/game/sega-genesis/pier-solar 
Pink Panther Goes to Hollywood,ND,ND,ND,,,https://www.pricecharting.com/game/sega-genesis/pink-panther-goes-to-hollywood 
Pinocchio,18.99,44.99,64.99,785138340098,9557,https://www.pricecharting.com/game/sega-genesis/pinocchio 
Pirates Gold,44.99,94.99,239.99,019703040268,12572,https://www.pricecharting.com/game/sega-genesis/pirates-gold 
Pirates of Dark Water,29.99,144.99,344.99,020763113113,9559,https://www.pricecharting.com/game/sega-genesis/pirates-of-dark-water 
Pitfall Mayan Adventure,4.99,8.99,34.99,047875340169,9562,https://www.pricecharting.com/game/sega-genesis/pitfall-mayan-adventure 
Pit-Fighter,4.99,13.99,74.99,031763027508,9563,https://www.pricecharting.com/game/sega-genesis/pit-fighter 
Pocahontas,29.99,69.99,139.99,071272511020,9567,https://www.pricecharting.com/game/sega-genesis/pocahontas 
Populous,13.99,29.99,84.99,014633070163,21034,https://www.pricecharting.com/game/sega-genesis/populous 
Powerball,9.99,34.99,89.99,722674020046,18584,https://www.pricecharting.com/game/sega-genesis/powerball 
Powermonger,7.99,12.99,34.99,014633071054,12573,https://www.pricecharting.com/game/sega-genesis/powermonger 
Predator 2,18.99,54.99,139.99,734549001050,9583,https://www.pricecharting.com/game/sega-genesis/predator-2 
Primal Rage,7.99,19.99,34.99,031763108504,9586,https://www.pricecharting.com/game/sega-genesis/primal-rage 
Prime Time NFL Football starring Deion Sanders,2.99,4.99,14.99,010086012408,18493,https://www.pricecharting.com/game/sega-genesis/prime-time-nfl-football-starring-deion-sanders 
Prince of Persia,13.99,29.99,79.99,031763053507,9587,https://www.pricecharting.com/game/sega-genesis/prince-of-persia 
Pro Moves Soccer,4.99,10.99,29.99,093992055202,19632,https://www.pricecharting.com/game/sega-genesis/pro-moves-soccer 
Pro Quarterback,1.99,4.99,17.99,031719209224,9591,https://www.pricecharting.com/game/sega-genesis/pro-quarterback 
P.T.O. Pacific Theater of Operations,14.99,24.99,69.99,000001172416040198000543,21037,https://www.pricecharting.com/game/sega-genesis/pto-pacific-theater-of-operations 
Puggsy,8.99,19.99,34.99,053203009912,9602,https://www.pricecharting.com/game/sega-genesis/puggsy 
QuackShot Starring Donald Duck,14.99,34.99,84.99,010086010237,9610,https://www.pricecharting.com/game/sega-genesis/quackshot-starring-donald-duck 
Quad Challenge,4.99,18.99,44.99,722674020084,9611,https://www.pricecharting.com/game/sega-genesis/quad-challenge 
Race Driving,ND,ND,ND,,,https://www.pricecharting.com/game/sega-genesis/race-driving 
Radical Rex,11.99,34.99,94.99,047875340220,9618,https://www.pricecharting.com/game/sega-genesis/radical-rex 
Raiden Trad,29.99,94.99,129.99,027479700187,9619,https://www.pricecharting.com/game/sega-genesis/raiden-trad 
Rambo III,19.99,49.99,114.99,010086010060,11954,https://www.pricecharting.com/game/sega-genesis/rambo-iii 
Rampart,10.99,14.99,39.99,031763026501,9623,https://www.pricecharting.com/game/sega-genesis/rampart 
Ranger X,29.99,74.99,184.99,010086010763,9625,https://www.pricecharting.com/game/sega-genesis/ranger-x 
Rastan Saga II,19.99,49.99,229.99,020588010338,9627,https://www.pricecharting.com/game/sega-genesis/rastan-saga-ii 
RBI Baseball 3,2.99,4.99,34.99,031763025504,9636,https://www.pricecharting.com/game/sega-genesis/rbi-baseball-3 
RBI Baseball 4,3.99,6.99,19.99,031763036500,9637,https://www.pricecharting.com/game/sega-genesis/rbi-baseball-4 
RBI Baseball 93,2.99,7.99,19.99,031763039501,14618,https://www.pricecharting.com/game/sega-genesis/rbi-baseball-93 
RBI Baseball 94,3.99,7.99,39.99,031763073505,9638,https://www.pricecharting.com/game/sega-genesis/rbi-baseball-94 
Red Zone,29.99,59.99,154.99,031763079507,9644,https://www.pricecharting.com/game/sega-genesis/red-zone 
Ren and Stimpy Stimpys Invention,ND,ND,ND,,,https://www.pricecharting.com/game/sega-genesis/ren-and-stimpy-stimpy%27s-invention 
Revolution X,6.99,13.99,29.99,021481800200,9657,https://www.pricecharting.com/game/sega-genesis/revolution-x 
Richard Scarrys BusyTown,9.99,19.99,54.99,,12570,https://www.pricecharting.com/game/sega-genesis/richard-scarry%27s-busytown 
Rings of Power,24.99,84.99,144.99,014633070248,18677,https://www.pricecharting.com/game/sega-genesis/rings-of-power 
Risk,2.99,7.99,24.99,073000440022,9663,https://www.pricecharting.com/game/sega-genesis/risk 
Risky Woods,29.99,64.99,129.99,014633071566,12558,https://www.pricecharting.com/game/sega-genesis/risky-woods 
Ristar,49.99,219.99,494.99,010086015553,12027,https://www.pricecharting.com/game/sega-genesis/ristar 
RoadBlasters,8.99,34.99,89.99,031763032502,13724,https://www.pricecharting.com/game/sega-genesis/roadblasters 
Road Rash,9.99,15.99,314.99,014633070200,9666,https://www.pricecharting.com/game/sega-genesis/road-rash 
Road Rash II,9.99,19.99,224.99,014633071467,9667,https://www.pricecharting.com/game/sega-genesis/road-rash-ii 
Road Rash III,19.99,39.99,109.99,014633073478,14261,https://www.pricecharting.com/game/sega-genesis/road-rash-iii 
Robocop 3,17.99,34.99,89.99,741062111210,9672,https://www.pricecharting.com/game/sega-genesis/robocop-3 
Robocop vs The Terminator,24.99,59.99,149.99,052145820128,9674,https://www.pricecharting.com/game/sega-genesis/robocop-vs-the-terminator 
Rocket Knight Adventures,29.99,74.99,479.99,083717160038,11963,https://www.pricecharting.com/game/sega-genesis/rocket-knight-adventures 
Rock n Roll Racing,44.99,104.99,269.99,040421830091,9676,https://www.pricecharting.com/game/sega-genesis/rock-%27n-roll-racing 
Roger Clemens MVP Baseball,2.99,4.99,13.99,741062111081,9680,https://www.pricecharting.com/game/sega-genesis/roger-clemens%27-mvp-baseball 
Rolling Thunder 2,39.99,89.99,249.99,722674020114,9683,https://www.pricecharting.com/game/sega-genesis/rolling-thunder-2 
Rolling Thunder 3,69.99,204.99,514.99,722674020213,14670,https://www.pricecharting.com/game/sega-genesis/rolling-thunder-3 
Rolo to the Rescue,19.99,69.99,174.99,014633071320,13930,https://www.pricecharting.com/game/sega-genesis/rolo-to-the-rescue 
Romance of the Three Kingdoms II,17.99,34.99,89.99,040198000444,31631,https://www.pricecharting.com/game/sega-genesis/romance-of-the-three-kingdoms-ii 
Romance of the Three Kingdoms III Dragon of Destiny,24.99,39.99,74.99,040198000567,9684,https://www.pricecharting.com/game/sega-genesis/romance-of-the-three-kingdoms-iii-dragon-of-destiny 
Rugby World Cup 95,4.99,9.99,24.99,014633074130,15877,https://www.pricecharting.com/game/sega-genesis/rugby-world-cup-95 
Sagaia,39.99,189.99,474.99,020588010345,21184,https://www.pricecharting.com/game/sega-genesis/sagaia 
Saint Sword,24.99,74.99,194.99,020588010376,14575,https://www.pricecharting.com/game/sega-genesis/saint-sword 
Samurai Shodown,10.99,24.99,114.99,026483360806,9691,https://www.pricecharting.com/game/sega-genesis/samurai-shodown 
Saturday Night Slam Masters,34.99,89.99,229.99,013388160075,9694,https://www.pricecharting.com/game/sega-genesis/saturday-night-slam-masters 
Scooby-Doo Mystery,39.99,89.99,224.99,021481800361,9698,https://www.pricecharting.com/game/sega-genesis/scooby-doo-mystery 
SeaQuest DSV,7.99,19.99,49.99,785138340043,9703,https://www.pricecharting.com/game/sega-genesis/seaquest-dsv 
Sega Channel Adaptor,64.99,99.99,249.99,,34045,https://www.pricecharting.com/game/sega-genesis/sega-channel-adaptor 
Sega Genesis 2 Console,34.99,94.99,109.99,010086016307010086019551,18475,https://www.pricecharting.com/game/sega-genesis/sega-genesis-2-console 
Sega Genesis 3 Console,29.99,49.99,64.99,096427010944,18476,https://www.pricecharting.com/game/sega-genesis/sega-genesis-3-console 
Sega Genesis CDx Console,369.99,1024.99,2559.99,010086041200,34776,https://www.pricecharting.com/game/sega-genesis/sega-genesis-cdx-console 
Sega Genesis Console,39.99,239.99,509.99,010086016109,9708,https://www.pricecharting.com/game/sega-genesis/sega-genesis-console 
Sega Genesis Controller,ND,ND,ND,,,https://www.pricecharting.com/game/sega-genesis/sega-genesis-controller 
Sega Genesis JVC XEye,214.99,299.99,749.99,046838253003,20383,https://www.pricecharting.com/game/sega-genesis/sega-genesis-jvc-x%27eye 
Sega Nomad,224.99,419.99,1214.99,096499102301,19370,https://www.pricecharting.com/game/sega-genesis/sega-nomad 
Separation Anxiety,24.99,59.99,694.99,021481800385,9719,https://www.pricecharting.com/game/sega-genesis/separation-anxiety 
Sesame Street Counting Cafe,12.99,19.99,54.99,014633072679,14576,https://www.pricecharting.com/game/sega-genesis/sesame-street-counting-cafe 
Shadow Blasters,19.99,54.99,139.99,721337100026,19450,https://www.pricecharting.com/game/sega-genesis/shadow-blasters 
Shadow Dancer The Secret of Shinobi,24.99,39.99,104.99,010086011142,9723,https://www.pricecharting.com/game/sega-genesis/shadow-dancer-the-secret-of-shinobi 
Shadow of the Beast,9.99,24.99,64.99,014633070910,13175,https://www.pricecharting.com/game/sega-genesis/shadow-of-the-beast 
Shadow of the Beast II,11.99,29.99,89.99,014633071641,13176,https://www.pricecharting.com/game/sega-genesis/shadow-of-the-beast-ii 
Shadowrun,44.99,89.99,229.99,010086013528,9725,https://www.pricecharting.com/game/sega-genesis/shadowrun 
Shanghai II Dragons Eye,3.99,6.99,24.99,047875340015,9726,https://www.pricecharting.com/game/sega-genesis/shanghai-ii-dragon%27s-eye 
Shaq Fu,6.99,11.99,434.99,014633072839,9728,https://www.pricecharting.com/game/sega-genesis/shaq-fu 
Shining Force,39.99,84.99,224.99,010086013122,12028,https://www.pricecharting.com/game/sega-genesis/shining-force 
Shining Force II,49.99,124.99,269.99,010086013153,9732,https://www.pricecharting.com/game/sega-genesis/shining-force-ii 
Shining in the Darkness,19.99,39.99,379.99,010086013108,9734,https://www.pricecharting.com/game/sega-genesis/shining-in-the-darkness 
Shinobi III Return of the Ninja Master,29.99,59.99,244.99,010086011364,12029,https://www.pricecharting.com/game/sega-genesis/shinobi-iii-return-of-the-ninja-master 
Shove It,14.99,24.99,64.99,096338061011,12574,https://www.pricecharting.com/game/sega-genesis/shove-it 
Side Pocket,6.99,11.99,39.99,013252014053,9743,https://www.pricecharting.com/game/sega-genesis/side-pocket 
Skeleton Krew,64.99,234.99,589.99,743175791228,9756,https://www.pricecharting.com/game/sega-genesis/skeleton-krew 
Skitchin,13.99,29.99,104.99,014633072051,14079,https://www.pricecharting.com/game/sega-genesis/skitchin 
Slaughter Sport,12.99,49.99,139.99,720326805379,9760,https://www.pricecharting.com/game/sega-genesis/slaughter-sport 
Snow Brothers [Japan],49.99,49.99,129.99,,32904,https://www.pricecharting.com/game/sega-genesis/snow-brothers-%5Bjapan%5D 
Socket,24.99,79.99,204.99,034912230460,21632,https://www.pricecharting.com/game/sega-genesis/socket 
Sol-Deace,29.99,139.99,359.99,720238102009,9773,https://www.pricecharting.com/game/sega-genesis/sol-deace 
Soldiers of Fortune,13.99,39.99,104.99,085004112508,9775,https://www.pricecharting.com/game/sega-genesis/soldiers-of-fortune 
Sonic 3D Blast,8.99,29.99,194.99,010086018448096427011064,9778,https://www.pricecharting.com/game/sega-genesis/sonic-3d-blast 
Sonic and Knuckles,19.99,49.99,714.99,010086015638,9781,https://www.pricecharting.com/game/sega-genesis/sonic-and-knuckles 
Sonic Classics 3 In 1,ND,ND,ND,,,https://www.pricecharting.com/game/sega-genesis/sonic-classics-3-in-1 
Sonic Spinball,3.99,9.99,54.99,010086015379,9788,https://www.pricecharting.com/game/sega-genesis/sonic-spinball 
Sonic the Hedgehog,8.99,19.99,184.99,010086010091,9789,https://www.pricecharting.com/game/sega-genesis/sonic-the-hedgehog 
Sonic the Hedgehog 2,4.99,10.99,844.99,010086010510,9790,https://www.pricecharting.com/game/sega-genesis/sonic-the-hedgehog-2 
Sonic the Hedgehog 3,19.99,39.99,244.99,010086010794,9791,https://www.pricecharting.com/game/sega-genesis/sonic-the-hedgehog-3 
Sorcerers Kingdom,34.99,64.99,169.99,039471907082,32576,https://www.pricecharting.com/game/sega-genesis/sorcerer%27s-kingdom 
Space Harrier II,13.99,29.99,39.99,010086011029,12030,https://www.pricecharting.com/game/sega-genesis/space-harrier-ii 
Space Invaders 91,15.99,49.99,129.99,020588010352,13884,https://www.pricecharting.com/game/sega-genesis/space-invaders-91 
Sparkster,104.99,224.99,559.99,083717160120,9804,https://www.pricecharting.com/game/sega-genesis/sparkster 
Speedball 2,11.99,29.99,79.99,734549001012,14825,https://www.pricecharting.com/game/sega-genesis/speedball-2 
Spiderman,10.99,29.99,69.99,010086010169,9812,https://www.pricecharting.com/game/sega-genesis/spiderman 
Spiderman (1994),9.99,15.99,64.99,021481800132,34285,https://www.pricecharting.com/game/sega-genesis/spiderman-%281994%29 
Spiderman Maximum Carnage,19.99,49.99,234.99,021481610038,9305,https://www.pricecharting.com/game/sega-genesis/spiderman-maximum-carnage 
Spiderman Maximum Carnage Collectors Edition,359.99,364.99,1284.99,,34797,https://www.pricecharting.com/game/sega-genesis/spiderman-maximum-carnage-collector%27s-edition 
Spiderman X-Men Arcades Revenge,8.99,19.99,89.99,741062111173,9816,https://www.pricecharting.com/game/sega-genesis/spiderman-x-men-arcade%27s-revenge 
Spiritual Warfare,34.99,104.99,214.99,016315330046,21415,https://www.pricecharting.com/game/sega-genesis/spiritual-warfare 
Splatterhouse 2,94.99,264.99,659.99,722674020138,9825,https://www.pricecharting.com/game/sega-genesis/splatterhouse-2 
Splatterhouse 3,84.99,254.99,639.99,722674020206,9826,https://www.pricecharting.com/game/sega-genesis/splatterhouse-3 
Sports Talk Baseball,3.99,6.99,29.99,010086012118,18510,https://www.pricecharting.com/game/sega-genesis/sports-talk-baseball 
Spot Goes To Hollywood,10.99,29.99,69.99,021481800552,9831,https://www.pricecharting.com/game/sega-genesis/spot-goes-to-hollywood 
Star Control,19.99,34.99,124.99,015605031021,9840,https://www.pricecharting.com/game/sega-genesis/star-control 
Starflight,18.99,39.99,104.99,014633070149,14835,https://www.pricecharting.com/game/sega-genesis/starflight 
Stargate,10.99,19.99,54.99,021481800071,14474,https://www.pricecharting.com/game/sega-genesis/stargate 
Star Trek Deep Space Nine Crossroads of Time,11.99,29.99,69.99,796298065103,9843,https://www.pricecharting.com/game/sega-genesis/star-trek-deep-space-nine-crossroads-of-time 
Star Trek Next Generation Echoes From the Past,9.99,13.99,24.99,010086013139,9845,https://www.pricecharting.com/game/sega-genesis/star-trek-next-generation-echoes-from-the-past 
Steel Empire,24.99,79.99,184.99,741062111043,15049,https://www.pricecharting.com/game/sega-genesis/steel-empire 
Steel Talons,4.99,11.99,84.99,031763043508,9860,https://www.pricecharting.com/game/sega-genesis/steel-talons 
Stormlord,17.99,59.99,149.99,720326805331,9862,https://www.pricecharting.com/game/sega-genesis/stormlord 
Street Fighter II Special Champion Edition,7.99,13.99,179.99,013388160013,9868,https://www.pricecharting.com/game/sega-genesis/street-fighter-ii-special-champion-edition 
Street Smart,13.99,19.99,59.99,039471907044,16208,https://www.pricecharting.com/game/sega-genesis/street-smart 
Streets of Rage,24.99,49.99,149.99,010086010190,9874,https://www.pricecharting.com/game/sega-genesis/streets-of-rage 
Streets of Rage 2,19.99,49.99,289.99,010086010541,10946,https://www.pricecharting.com/game/sega-genesis/streets-of-rage-2 
Streets of Rage 3,69.99,159.99,1139.99,010086015393,9875,https://www.pricecharting.com/game/sega-genesis/streets-of-rage-3 
Strider,17.99,34.99,89.99,010086011128,11974,https://www.pricecharting.com/game/sega-genesis/strider 
Strider Returns,19.99,34.99,104.99,743175790368,11975,https://www.pricecharting.com/game/sega-genesis/strider-returns 
Subterrania,ND,ND,ND,,,https://www.pricecharting.com/game/sega-genesis/subterrania 
Summer Challenge,3.99,12.99,34.99,015605032103,9879,https://www.pricecharting.com/game/sega-genesis/summer-challenge 
Sunset Riders,39.99,109.99,284.99,083717160007,9880,https://www.pricecharting.com/game/sega-genesis/sunset-riders 
Super Baseball 2020,8.99,18.99,29.99,014633071580,16184,https://www.pricecharting.com/game/sega-genesis/super-baseball-2020 
Super Battleship,2.99,4.99,19.99,050047113775,9881,https://www.pricecharting.com/game/sega-genesis/super-battleship 
Super Battletank War in the Gulf,6.99,10.99,29.99,099451126469,9882,https://www.pricecharting.com/game/sega-genesis/super-battletank-war-in-the-gulf 
Super Hang-On,11.99,19.99,59.99,010086011036,12543,https://www.pricecharting.com/game/sega-genesis/super-hang-on 
Super High Impact,2.99,6.99,19.99,734549001067,9886,https://www.pricecharting.com/game/sega-genesis/super-high-impact 
Super Hydlide,10.99,44.99,114.99,716065726662,21188,https://www.pricecharting.com/game/sega-genesis/super-hydlide 
Superman,15.99,39.99,104.99,020763113045,16143,https://www.pricecharting.com/game/sega-genesis/superman 
Super Monaco GP,4.99,11.99,34.99,100860110748010086011074,12979,https://www.pricecharting.com/game/sega-genesis/super-monaco-gp 
Super Monaco GP II,6.99,18.99,44.99,010086011357,19360,https://www.pricecharting.com/game/sega-genesis/super-monaco-gp-ii 
Super Off-Road,7.99,24.99,74.99,015605031137,9894,https://www.pricecharting.com/game/sega-genesis/super-off-road 
Super Smash TV,13.99,34.99,89.99,741062111067,9897,https://www.pricecharting.com/game/sega-genesis/super-smash-tv 
Super Street Fighter II,12.99,19.99,229.99,013388160037,9900,https://www.pricecharting.com/game/sega-genesis/super-street-fighter-ii 
Super Thunder Blade,7.99,15.99,39.99,010086011012,12031,https://www.pricecharting.com/game/sega-genesis/super-thunder-blade 
Super Volleyball,5.99,12.99,119.99,010086012125,9901,https://www.pricecharting.com/game/sega-genesis/super-volleyball 
Sword of Sodan,7.99,29.99,79.99,014633070262,12559,https://www.pricecharting.com/game/sega-genesis/sword-of-sodan 
Sword of Vermilion,12.99,24.99,64.99,010086013023,12032,https://www.pricecharting.com/game/sega-genesis/sword-of-vermilion 
Syd of Valis,34.99,119.99,304.99,720238101200,9916,https://www.pricecharting.com/game/sega-genesis/syd-of-valis 
Sylvester and Tweety in Cagey Capers,13.99,29.99,49.99,031763058502,9918,https://www.pricecharting.com/game/sega-genesis/sylvester-and-tweety-in-cagey-capers 
Syndicate,19.99,44.99,104.99,014633073683,9919,https://www.pricecharting.com/game/sega-genesis/syndicate 
T2 The Arcade Game,6.99,15.99,49.99,734549001074,13802,https://www.pricecharting.com/game/sega-genesis/t2-the-arcade-game 
TaleSpin,8.99,18.99,69.99,010086010343,13953,https://www.pricecharting.com/game/sega-genesis/talespin 
Target Earth,19.99,44.99,114.99,096338061028,13954,https://www.pricecharting.com/game/sega-genesis/target-earth 
Task Force Harrier,19.99,64.99,169.99,039471907037,15024,https://www.pricecharting.com/game/sega-genesis/task-force-harrier 
Taz in Escape from Mars,4.99,8.99,29.99,010086015461,9926,https://www.pricecharting.com/game/sega-genesis/taz-in-escape-from-mars 
Taz-Mania,4.99,11.99,254.99,069044010321010086010329,9927,https://www.pricecharting.com/game/sega-genesis/taz-mania 
Team USA Basketball,7.99,17.99,104.99,014633071481,18678,https://www.pricecharting.com/game/sega-genesis/team-usa-basketball 
Techno Clash,11.99,29.99,114.99,014633071276,13944,https://www.pricecharting.com/game/sega-genesis/techno-clash 
Techno Cop,12.99,29.99,84.99,720326805324,12973,https://www.pricecharting.com/game/sega-genesis/techno-cop 
Tecmo Super Baseball,3.99,10.99,34.99,018946030036,9932,https://www.pricecharting.com/game/sega-genesis/tecmo-super-baseball 
Tecmo Super Bowl,6.99,10.99,99.99,018946030012,9933,https://www.pricecharting.com/game/sega-genesis/tecmo-super-bowl 
Tecmo Super Bowl III,13.99,19.99,74.99,018946030081,9936,https://www.pricecharting.com/game/sega-genesis/tecmo-super-bowl-iii 
Tecmo Super Bowl II Special Edition,34.99,69.99,184.99,018946030050,9935,https://www.pricecharting.com/game/sega-genesis/tecmo-super-bowl-ii-special-edition 
Tecmo Super Hockey,13.99,24.99,74.99,018946030043,21554,https://www.pricecharting.com/game/sega-genesis/tecmo-super-hockey 
Tecmo Super NBA Basketball,3.99,6.99,29.99,018946030029,16054,https://www.pricecharting.com/game/sega-genesis/tecmo-super-nba-basketball 
Tecmo World Cup 92,7.99,10.99,29.99,,9937,https://www.pricecharting.com/game/sega-genesis/tecmo-world-cup-92 
Teenage Mutant Ninja Turtles Hyperstone Heist,69.99,194.99,484.99,083717160014,13242,https://www.pricecharting.com/game/sega-genesis/teenage-mutant-ninja-turtles-hyperstone-heist 
Teenage Mutant Ninja Turtles Tournament Fighters,12.99,34.99,84.99,083717160069,9943,https://www.pricecharting.com/game/sega-genesis/teenage-mutant-ninja-turtles-tournament-fighters 
Terminator,18.99,44.99,224.99,052145820029,9950,https://www.pricecharting.com/game/sega-genesis/terminator 
Terminator 2 Judgement Day,ND,ND,ND,,,https://www.pricecharting.com/game/sega-genesis/terminator-2-judgement-day 
The Addams Family,13.99,29.99,74.99,741062111203,9969,https://www.pricecharting.com/game/sega-genesis/the-addams-family 
The Adventures of Rocky and Bullwinkle and Friends,15.99,19.99,49.99,018706416933,9970,https://www.pricecharting.com/game/sega-genesis/the-adventures-of-rocky-and-bullwinkle-and-friends 
The Death and Return of Superman,44.99,99.99,254.99,020763113182,9976,https://www.pricecharting.com/game/sega-genesis/the-death-and-return-of-superman 
The Duel Test Drive II,5.99,19.99,54.99,015605031113,9977,https://www.pricecharting.com/game/sega-genesis/the-duel-test-drive-ii 
The Flintstones,39.99,139.99,349.99,020588010505,18718,https://www.pricecharting.com/game/sega-genesis/the-flintstones 
The Great Circus Mystery Starring Mickey and Minnie,11.99,34.99,84.99,013388160068,9979,https://www.pricecharting.com/game/sega-genesis/the-great-circus-mystery-starring-mickey-and-minnie 
The Humans,7.99,12.99,39.99,043948003023,19635,https://www.pricecharting.com/game/sega-genesis/the-humans 
The Immortal,18.99,34.99,89.99,014633070804,13829,https://www.pricecharting.com/game/sega-genesis/the-immortal 
The Incredible Crash Dummies,ND,ND,ND,,,https://www.pricecharting.com/game/sega-genesis/the-incredible-crash-dummies 
The Incredible Hulk,7.99,19.99,54.99,743175791068,9987,https://www.pricecharting.com/game/sega-genesis/the-incredible-hulk 
The Jungle Book,6.99,13.99,84.99,052145820234,9989,https://www.pricecharting.com/game/sega-genesis/the-jungle-book 
The Lion King,5.99,10.99,79.99,052145820241,9992,https://www.pricecharting.com/game/sega-genesis/the-lion-king 
The Lost Vikings,14.99,29.99,94.99,040421830053015605035043,9993,https://www.pricecharting.com/game/sega-genesis/the-lost-vikings 
The Magic School Bus,13.99,39.99,109.99,010086015584,13929,https://www.pricecharting.com/game/sega-genesis/the-magic-school-bus 
Theme Park,29.99,54.99,94.99,014633073676,10006,https://www.pricecharting.com/game/sega-genesis/theme-park 
The Ooze,14.99,59.99,124.99,010086015126,12569,https://www.pricecharting.com/game/sega-genesis/the-ooze 
The Punisher,114.99,384.99,964.99,013388160051,13831,https://www.pricecharting.com/game/sega-genesis/the-punisher 
The Revenge of Shinobi,18.99,49.99,144.99,010086011050010086631050,9998,https://www.pricecharting.com/game/sega-genesis/the-revenge-of-shinobi 
The Simpsons Barts Nightmare,18.99,29.99,84.99,741062111135,10000,https://www.pricecharting.com/game/sega-genesis/the-simpsons-bart%27s-nightmare 
The Simpsons Bart vs the Space Mutants,9.99,29.99,74.99,741062111050,11964,https://www.pricecharting.com/game/sega-genesis/the-simpsons-bart-vs-the-space-mutants 
The Tick,15.99,44.99,114.99,086162700668,10002,https://www.pricecharting.com/game/sega-genesis/the-tick 
Thomas the Tank Engine,24.99,44.99,119.99,719575040020,10007,https://www.pricecharting.com/game/sega-genesis/thomas-the-tank-engine 
Thunder Force II,15.99,39.99,99.99,010086010008,10012,https://www.pricecharting.com/game/sega-genesis/thunder-force-ii 
Thunder Force III,49.99,104.99,259.99,093455100067,13750,https://www.pricecharting.com/game/sega-genesis/thunder-force-iii 
Thunder Fox,29.99,114.99,219.99,020588010390,12968,https://www.pricecharting.com/game/sega-genesis/thunder-fox 
Time Killers,54.99,159.99,409.99,785138340005,10018,https://www.pricecharting.com/game/sega-genesis/time-killers 
Tinhead,11.99,34.99,84.99,015605035074,21294,https://www.pricecharting.com/game/sega-genesis/tinhead 
Tiny Toon Adventures ACME All-Stars,10.99,34.99,84.99,083717160106,10023,https://www.pricecharting.com/game/sega-genesis/tiny-toon-adventures-acme-all-stars 
TNN Bass Tournament of Champions,4.99,7.99,19.99,729627521131,10025,https://www.pricecharting.com/game/sega-genesis/tnn-bass-tournament-of-champions 
TNN Outdoors Bass Tournament 96,2.99,4.99,12.99,729627521155,16255,https://www.pricecharting.com/game/sega-genesis/tnn-outdoors-bass-tournament-%2796 
Todds Adventures in Slime World,13.99,89.99,229.99,720238102207,10028,https://www.pricecharting.com/game/sega-genesis/todd%27s-adventures-in-slime-world 
ToeJam and Earl,24.99,44.99,119.99,010086010206,12089,https://www.pricecharting.com/game/sega-genesis/toejam-and-earl 
ToeJam and Earl in Panic on Funkotron,11.99,24.99,234.99,010086010435,10029,https://www.pricecharting.com/game/sega-genesis/toejam-and-earl-in-panic-on-funkotron 
Toki Going Ape Spit,24.99,49.99,129.99,010086011272,10030,https://www.pricecharting.com/game/sega-genesis/toki-going-ape-spit 
Tom and Jerry Frantic Antics,6.99,15.99,49.99,087855000430,10034,https://www.pricecharting.com/game/sega-genesis/tom-and-jerry-frantic-antics 
Tommy Lasorda Baseball,2.99,6.99,29.99,010086012002,17631,https://www.pricecharting.com/game/sega-genesis/tommy-lasorda-baseball 
Tony La Russa Baseball,2.99,4.99,24.99,014633071375,17606,https://www.pricecharting.com/game/sega-genesis/tony-la-russa-baseball 
Top Gear 2,11.99,44.99,119.99,034912230668,12972,https://www.pricecharting.com/game/sega-genesis/top-gear-2 
Toughman Contest,5.99,13.99,39.99,014633074116,10055,https://www.pricecharting.com/game/sega-genesis/toughman-contest 
Toxic Crusaders,19.99,39.99,104.99,010086010374,13695,https://www.pricecharting.com/game/sega-genesis/toxic-crusaders 
Toys,6.99,24.99,59.99,018706402936,19629,https://www.pricecharting.com/game/sega-genesis/toys 
Toy Story,4.99,14.99,99.99,071272511068,10058,https://www.pricecharting.com/game/sega-genesis/toy-story 
Trampoline Terror,10.99,24.99,64.99,096338061042,20102,https://www.pricecharting.com/game/sega-genesis/trampoline-terror 
Traysia,29.99,54.99,144.99,720238101606,10063,https://www.pricecharting.com/game/sega-genesis/traysia 
Triple Play 96,3.99,6.99,18.99,014633073867,10066,https://www.pricecharting.com/game/sega-genesis/triple-play-96 
Triple Play Gold,4.99,8.99,34.99,014633077353,31423,https://www.pricecharting.com/game/sega-genesis/triple-play-gold 
Triple Score,3.99,7.99,34.99,010086017021,15629,https://www.pricecharting.com/game/sega-genesis/triple-score 
Trouble Shooter,109.99,309.99,774.99,034912784697,13792,https://www.pricecharting.com/game/sega-genesis/trouble-shooter 
Troy Aikman NFL Football,2.99,6.99,14.99,031719209422,10070,https://www.pricecharting.com/game/sega-genesis/troy-aikman-nfl-football 
True Lies,19.99,59.99,104.99,021481800088,10071,https://www.pricecharting.com/game/sega-genesis/true-lies 
Truxton,54.99,119.99,174.99,010086010121,13174,https://www.pricecharting.com/game/sega-genesis/truxton 
Turrican,14.99,69.99,174.99,015605031045,10075,https://www.pricecharting.com/game/sega-genesis/turrican 
Twin Cobra,19.99,49.99,129.99,010086011289,13728,https://www.pricecharting.com/game/sega-genesis/twin-cobra 
Two Crude Dudes,24.99,64.99,134.99,013252014015,16146,https://www.pricecharting.com/game/sega-genesis/two-crude-dudes 
Tyrants Fight Through Time,9.99,24.99,64.99,052145820074,10077,https://www.pricecharting.com/game/sega-genesis/tyrants-fight-through-time 
Ultimate Mortal Kombat 3,19.99,64.99,174.99,031719209644,7220,https://www.pricecharting.com/game/sega-genesis/ultimate-mortal-kombat-3 
Ultimate Qix,24.99,79.99,194.99,020588010369,16144,https://www.pricecharting.com/game/sega-genesis/ultimate-qix 
Uncharted Waters,39.99,84.99,214.99,040198000451,10089,https://www.pricecharting.com/game/sega-genesis/uncharted-waters 
Uncharted Waters New Horizons,34.99,94.99,234.99,040198000772,9450,https://www.pricecharting.com/game/sega-genesis/uncharted-waters-new-horizons 
Universal Soldier,19.99,69.99,89.99,015605032073,10092,https://www.pricecharting.com/game/sega-genesis/universal-soldier 
Unnecessary Roughness 95,2.99,8.99,64.99,015605034145,19726,https://www.pricecharting.com/game/sega-genesis/unnecessary-roughness-%2795 
Urban Strike,8.99,18.99,39.99,014633073508,10098,https://www.pricecharting.com/game/sega-genesis/urban-strike 
Valis III,39.99,134.99,334.99,720238100807,18663,https://www.pricecharting.com/game/sega-genesis/valis-iii 
Valis The Fantasm Soldier,39.99,114.99,289.99,720238101903,10100,https://www.pricecharting.com/game/sega-genesis/valis-the-fantasm-soldier 
Vapor Trail: Hyper Offence Formation,64.99,189.99,479.99,720238101002,18664,https://www.pricecharting.com/game/sega-genesis/vapor-trail-hyper-offence-formation 
Vectorman,7.99,24.99,124.99,096427011071,10103,https://www.pricecharting.com/game/sega-genesis/vectorman 
Vectorman 2,8.99,29.99,94.99,010086018431,10104,https://www.pricecharting.com/game/sega-genesis/vectorman-2 
Viewpoint,12.99,44.99,79.99,039471907105,10106,https://www.pricecharting.com/game/sega-genesis/viewpoint 
Virtua Fighter 2,6.99,24.99,69.99,010086018455,10115,https://www.pricecharting.com/game/sega-genesis/virtua-fighter-2 
Virtual Bart,18.99,39.99,99.99,021481610014,10125,https://www.pricecharting.com/game/sega-genesis/virtual-bart 
Virtual Pinball,6.99,11.99,39.99,014633072068,15045,https://www.pricecharting.com/game/sega-genesis/virtual-pinball 
Virtua Racing,17.99,34.99,84.99,010086012293,10120,https://www.pricecharting.com/game/sega-genesis/virtua-racing 
VR Troopers,8.99,19.99,44.99,010086015768,15048,https://www.pricecharting.com/game/sega-genesis/vr-troopers 
Wacky Worlds Creativity Studio,5.99,44.99,184.99,010086817133,18675,https://www.pricecharting.com/game/sega-genesis/wacky-worlds-creativity-studio 
Wardner,39.99,84.99,214.99,726556914010,13828,https://www.pricecharting.com/game/sega-genesis/wardner 
Warlock,6.99,24.99,89.99,021481800163,10139,https://www.pricecharting.com/game/sega-genesis/warlock 
WarpSpeed,8.99,18.99,44.99,015605032134,10140,https://www.pricecharting.com/game/sega-genesis/warpspeed 
Warrior of Rome,10.99,14.99,39.99,027479700170,16142,https://www.pricecharting.com/game/sega-genesis/warrior-of-rome 
Warrior of Rome II,12.99,24.99,69.99,027479700200,13849,https://www.pricecharting.com/game/sega-genesis/warrior-of-rome-ii 
Warsong,54.99,99.99,524.99,039471907051,13727,https://www.pricecharting.com/game/sega-genesis/warsong 
Wayne Gretzky and the NHLPA All-Stars,3.99,14.99,69.99,031763089506,10144,https://www.pricecharting.com/game/sega-genesis/wayne-gretzky-and-the-nhlpa-all-stars 
Waynes World,19.99,44.99,94.99,719575040037,10145,https://www.pricecharting.com/game/sega-genesis/wayne%27s-world 
WeaponLord,19.99,54.99,94.99,722674020466,22160,https://www.pricecharting.com/game/sega-genesis/weaponlord 
Whac-A-Critter,9.99,19.99,29.99,738012210116,34264,https://www.pricecharting.com/game/sega-genesis/whac-a-critter 
Wheel of Fortune,2.99,6.99,34.99,043948003009,10148,https://www.pricecharting.com/game/sega-genesis/wheel-of-fortune 
Where in the World is Carmen Sandiego,13.99,24.99,139.99,014633071610,10150,https://www.pricecharting.com/game/sega-genesis/where-in-the-world-is-carmen-sandiego 
Where in Time is Carmen Sandiego,8.99,13.99,49.99,014633071290,10151,https://www.pricecharting.com/game/sega-genesis/where-in-time-is-carmen-sandiego 
Whip Rush,29.99,89.99,224.99,720238100104,21189,https://www.pricecharting.com/game/sega-genesis/whip-rush 
Williams Arcades Greatest Hits,4.99,12.99,34.99,031719209613,10157,https://www.pricecharting.com/game/sega-genesis/williams-arcade%27s-greatest-hits 
Wimbledon Championship Tennis,3.99,6.99,18.99,010086012248,18547,https://www.pricecharting.com/game/sega-genesis/wimbledon-championship-tennis 
Wings of Wor,54.99,109.99,279.99,096338061059,13177,https://www.pricecharting.com/game/sega-genesis/wings-of-wor 
Winter Challenge,4.99,10.99,29.99,015605031106,10161,https://www.pricecharting.com/game/sega-genesis/winter-challenge 
Winter Olympic Games Lillehammer 94,1.99,6.99,39.99,743175790962,14617,https://www.pricecharting.com/game/sega-genesis/winter-olympic-games-lillehammer-94 
Wiz n Liz,14.99,34.99,84.99,053203010017,15050,https://www.pricecharting.com/game/sega-genesis/wiz-%27n%27-liz 
Wolfchild,24.99,84.99,204.99,009119920414,10168,https://www.pricecharting.com/game/sega-genesis/wolfchild 
Wolverine Adamantium Rage,10.99,29.99,124.99,021481800149,10170,https://www.pricecharting.com/game/sega-genesis/wolverine-adamantium-rage 
Wonder Boy in Monster World,29.99,69.99,164.99,010086010268069044010260,12034,https://www.pricecharting.com/game/sega-genesis/wonder-boy-in-monster-world 
World Championship Soccer,3.99,9.99,39.99,010086012026,12969,https://www.pricecharting.com/game/sega-genesis/world-championship-soccer 
World Championship Soccer 2,2.99,4.99,24.99,010086012330,12982,https://www.pricecharting.com/game/sega-genesis/world-championship-soccer-2 
World Class Leader Board Golf,4.99,10.99,29.99,743175790269,10177,https://www.pricecharting.com/game/sega-genesis/world-class-leader-board-golf 
World Cup USA 94,4.99,9.99,24.99,743175791167,10179,https://www.pricecharting.com/game/sega-genesis/world-cup-usa-94 
World Heroes,9.99,39.99,164.99,010086015478,10180,https://www.pricecharting.com/game/sega-genesis/world-heroes 
World of Illusion,12.99,29.99,114.99,010086010701,12566,https://www.pricecharting.com/game/sega-genesis/world-of-illusion 
World Series Baseball,3.99,6.99,19.99,010086012224,14157,https://www.pricecharting.com/game/sega-genesis/world-series-baseball 
World Series Baseball 95,2.99,7.99,19.99,010086012392,32799,https://www.pricecharting.com/game/sega-genesis/world-series-baseball-95 
World Series Baseball 96,2.99,8.99,29.99,010086012422,32800,https://www.pricecharting.com/game/sega-genesis/world-series-baseball-96 
World Series Baseball 98,7.99,19.99,44.99,010086012446,10187,https://www.pricecharting.com/game/sega-genesis/world-series-baseball-98 
World Trophy Soccer,2.99,7.99,15.99,052145820050,12981,https://www.pricecharting.com/game/sega-genesis/world-trophy-soccer 
WWF Raw,9.99,19.99,49.99,021481800064,10215,https://www.pricecharting.com/game/sega-genesis/wwf-raw 
WWF Royal Rumble,7.99,15.99,149.99,741062111180,10216,https://www.pricecharting.com/game/sega-genesis/wwf-royal-rumble 
WWF Super Wrestlemania,7.99,12.99,34.99,741062111074,10219,https://www.pricecharting.com/game/sega-genesis/wwf-super-wrestlemania 
WWF Wrestlemania Arcade Game,11.99,24.99,164.99,021481800392,13832,https://www.pricecharting.com/game/sega-genesis/wwf-wrestlemania-arcade-game 
X-Men,6.99,14.99,39.99,010086010572,10223,https://www.pricecharting.com/game/sega-genesis/x-men 
X-Men 2 The Clone Wars,14.99,44.99,114.99,096427011033010086015508,10224,https://www.pricecharting.com/game/sega-genesis/x-men-2-the-clone-wars 
X-Perts,8.99,39.99,89.99,010086015744,18673,https://www.pricecharting.com/game/sega-genesis/x-perts 
Ys III Wanderers from Ys,49.99,179.99,454.99,720238101507,18707,https://www.pricecharting.com/game/sega-genesis/ys-iii-wanderers-from-ys 
Zany Golf,10.99,34.99,94.99,,13850,https://www.pricecharting.com/game/sega-genesis/zany-golf 
Zero the Kamikaze Squirrel,79.99,454.99,534.99,020763113151,10237,https://www.pricecharting.com/game/sega-genesis/zero-the-kamikaze-squirrel 
Zero Tolerance,11.99,24.99,89.99,015605034114,15046,https://www.pricecharting.com/game/sega-genesis/zero-tolerance 
Zombies Ate My Neighbors,24.99,54.99,304.99,083717160045,10241,https://www.pricecharting.com/game/sega-genesis/zombies-ate-my-neighbors 
Zool Ninja of the Nth Dimension,15.99,34.99,74.99,043948003085,13698,https://www.pricecharting.com/game/sega-genesis/zool-ninja-of-the-nth-dimension 
Zoom,6.99,19.99,49.99,010086010046,15023,https://www.pricecharting.com/game/sega-genesis/zoom 
Zoop,3.99,4.99,13.99,040824231020,10242,https://www.pricecharting.com/game/sega-genesis/zoop 
