3 Ninjas Kick Back,1,0,0,http://videogames.pricecharting.com/game/sega-genesis/3-ninjas-kick-back 
688 Attack Sub,2,2,0,http://videogames.pricecharting.com/game/sega-genesis/688-attack-sub 
AAAHH Real Monsters,8,4,1,http://videogames.pricecharting.com/game/sega-genesis/aaahh-real-monsters 
Action 52,2,0,0,http://videogames.pricecharting.com/game/sega-genesis/action-52 
Addams Family Values,,,,http://videogames.pricecharting.com/game/sega-genesis/addams-family-values 
A Dinosaurs Tale,1,1,0,http://videogames.pricecharting.com/game/sega-genesis/a-dinosaur%27s-tale 
Adventures of Batman and Robin,30,8,1,http://videogames.pricecharting.com/game/sega-genesis/adventures-of-batman-and-robin 
Adventures of Mighty Max,4,4,0,http://videogames.pricecharting.com/game/sega-genesis/adventures-of-mighty-max 
Aerobiz,2,1,0,http://videogames.pricecharting.com/game/sega-genesis/aerobiz 
Aerobiz Supersonic,1,1,0,http://videogames.pricecharting.com/game/sega-genesis/aerobiz-supersonic 
Aero the Acro-Bat,4,2,0,http://videogames.pricecharting.com/game/sega-genesis/aero-the-acro-bat 
Aero the Acro-Bat 2,1,1,0,http://videogames.pricecharting.com/game/sega-genesis/aero-the-acro-bat-2 
After Burner II,8,4,0,http://videogames.pricecharting.com/game/sega-genesis/after-burner-ii 
Air Buster,4,4,0,http://videogames.pricecharting.com/game/sega-genesis/air-buster 
Air Diver,2,2,,http://videogames.pricecharting.com/game/sega-genesis/air-diver 
Aladdin,60,30,1,http://videogames.pricecharting.com/game/sega-genesis/aladdin 
Alex Kidd in the Enchanted Castle,8,4,0,http://videogames.pricecharting.com/game/sega-genesis/alex-kidd-in-the-enchanted-castle 
Alien 3,8,8,0,http://videogames.pricecharting.com/game/sega-genesis/alien-3 
Alien Soldier [PAL],,,,http://videogames.pricecharting.com/game/sega-genesis/alien-soldier-%5Bpal%5D 
Alien Storm,8,4,0,http://videogames.pricecharting.com/game/sega-genesis/alien-storm 
Alisia Dragoon,30,8,0,http://videogames.pricecharting.com/game/sega-genesis/alisia-dragoon 
Altered Beast,30,30,0,http://videogames.pricecharting.com/game/sega-genesis/altered-beast 
American Gladiators,2,1,0,http://videogames.pricecharting.com/game/sega-genesis/american-gladiators 
Andre Agassi Tennis,1,0,0,http://videogames.pricecharting.com/game/sega-genesis/andre-agassi-tennis 
Animaniacs,4,4,0,http://videogames.pricecharting.com/game/sega-genesis/animaniacs 
Aquatic Games Starring James Pond,1,1,0,http://videogames.pricecharting.com/game/sega-genesis/aquatic-games-starring-james-pond 
Arcade Classics,4,4,0,http://videogames.pricecharting.com/game/sega-genesis/arcade-classics 
Arch Rivals,4,2,0,http://videogames.pricecharting.com/game/sega-genesis/arch-rivals 
Arcus Odyssey,4,4,0,http://videogames.pricecharting.com/game/sega-genesis/arcus-odyssey 
Ariel the Little Mermaid,12,4,0,http://videogames.pricecharting.com/game/sega-genesis/ariel-the-little-mermaid 
Arnold Palmer Tournament Golf,4,4,0,http://videogames.pricecharting.com/game/sega-genesis/arnold-palmer-tournament-golf 
Arrow Flash,4,4,0,http://videogames.pricecharting.com/game/sega-genesis/arrow-flash 
Art Alive,1,1,0,http://videogames.pricecharting.com/game/sega-genesis/art-alive 
Art of Fighting,4,1,0,http://videogames.pricecharting.com/game/sega-genesis/art-of-fighting 
Asterix and the Great Rescue,4,4,0,http://videogames.pricecharting.com/game/sega-genesis/asterix-and-the-great-rescue 
Atomic Robo-Kid,4,2,0,http://videogames.pricecharting.com/game/sega-genesis/atomic-robo-kid 
Atomic Runner,4,2,0,http://videogames.pricecharting.com/game/sega-genesis/atomic-runner 
ATP Tour Championship Tennis,0,0,0,http://videogames.pricecharting.com/game/sega-genesis/atp-tour-championship-tennis 
Awesome Possum,4,4,0,http://videogames.pricecharting.com/game/sega-genesis/awesome-possum 
Back to the Future III,2,1,0,http://videogames.pricecharting.com/game/sega-genesis/back-to-the-future-iii 
Ballz,1,1,0,http://videogames.pricecharting.com/game/sega-genesis/ballz 
Barbie Super Model,4,1,0,http://videogames.pricecharting.com/game/sega-genesis/barbie-super-model 
Barbie Vacation Adventure,,,,http://videogames.pricecharting.com/game/sega-genesis/barbie-vacation-adventure 
Barkley Shut Up and Jam,4,1,0,http://videogames.pricecharting.com/game/sega-genesis/barkley-shut-up-and-jam 
Barkley Shut Up and Jam 2,1,0,0,http://videogames.pricecharting.com/game/sega-genesis/barkley-shut-up-and-jam-2 
Barney Hide and Seek,4,4,0,http://videogames.pricecharting.com/game/sega-genesis/barney-hide-and-seek 
Bass Masters Classic,2,1,0,http://videogames.pricecharting.com/game/sega-genesis/bass-masters-classic 
Batman,8,4,0,http://videogames.pricecharting.com/game/sega-genesis/batman 
Batman Forever,12,8,1,http://videogames.pricecharting.com/game/sega-genesis/batman-forever 
Batman Returns,12,8,0,http://videogames.pricecharting.com/game/sega-genesis/batman-returns 
Batman Revenge of the Joker,4,2,0,http://videogames.pricecharting.com/game/sega-genesis/batman-revenge-of-the-joker 
Battle Master,2,1,0,http://videogames.pricecharting.com/game/sega-genesis/battle-master 
Battle Squadron,2,1,0,http://videogames.pricecharting.com/game/sega-genesis/battle-squadron 
Battletech,8,4,0,http://videogames.pricecharting.com/game/sega-genesis/battletech 
Battletoads,30,4,0,http://videogames.pricecharting.com/game/sega-genesis/battletoads 
Battletoads and Double Dragon,,,,http://videogames.pricecharting.com/game/sega-genesis/battletoads-and-double-dragon 
Beast Wrestler,1,1,0,http://videogames.pricecharting.com/game/sega-genesis/beast-wrestler 
Beauty and the Beast,4,4,0,http://videogames.pricecharting.com/game/sega-genesis/beauty-and-the-beast 
Beauty And The Beast Roar of the Beast,8,4,0,http://videogames.pricecharting.com/game/sega-genesis/beauty-and-the-beast-roar-of-the-beast 
Beavis and Butt-Head,,,,http://videogames.pricecharting.com/game/sega-genesis/beavis-and-butt-head 
Beggar Prince,0,1,0,http://videogames.pricecharting.com/game/sega-genesis/beggar-prince 
Berenstain Bears Camping Adventure,4,1,0,http://videogames.pricecharting.com/game/sega-genesis/berenstain-bears-camping-adventure 
Best of the Best Championship Karate,1,1,0,http://videogames.pricecharting.com/game/sega-genesis/best-of-the-best-championship-karate 
Beyond Oasis,8,4,0,http://videogames.pricecharting.com/game/sega-genesis/beyond-oasis 
Bible Adventures,1,0,0,http://videogames.pricecharting.com/game/sega-genesis/bible-adventures 
Bill Walsh College Football,2,4,0,http://videogames.pricecharting.com/game/sega-genesis/bill-walsh-college-football 
Bill Walsh College Football 95,4,4,0,http://videogames.pricecharting.com/game/sega-genesis/bill-walsh-college-football-95 
Bimini Run,1,1,0,http://videogames.pricecharting.com/game/sega-genesis/bimini-run 
Bio-Hazard Battle,8,4,0,http://videogames.pricecharting.com/game/sega-genesis/bio-hazard-battle 
Blades of Vengeance,8,4,0,http://videogames.pricecharting.com/game/sega-genesis/blades-of-vengeance 
Blaster Master II,4,1,,http://videogames.pricecharting.com/game/sega-genesis/blaster-master-ii 
Blockbuster Game Factory Blue,0,,,http://videogames.pricecharting.com/game/sega-genesis/blockbuster-game-factory-blue 
Blockbuster Game Factory Green,0,,,http://videogames.pricecharting.com/game/sega-genesis/blockbuster-game-factory-green 
Blockbuster World Championships II,0,,,http://videogames.pricecharting.com/game/sega-genesis/blockbuster-world-championships-ii 
Blockout,1,0,0,http://videogames.pricecharting.com/game/sega-genesis/blockout 
B.O.B.,2,1,0,http://videogames.pricecharting.com/game/sega-genesis/bob 
Bonanza Brothers,4,4,0,http://videogames.pricecharting.com/game/sega-genesis/bonanza-brothers 
Bonkers,4,1,0,http://videogames.pricecharting.com/game/sega-genesis/bonkers 
Boogerman A Pick and Flick Adventure,30,4,0,http://videogames.pricecharting.com/game/sega-genesis/boogerman-a-pick-and-flick-adventure 
Boxing Legends Of The Ring,4,1,0,http://videogames.pricecharting.com/game/sega-genesis/boxing-legends-of-the-ring 
Bram Stokers Dracula,4,4,0,http://videogames.pricecharting.com/game/sega-genesis/bram-stoker%27s-dracula 
Brutal Paws of Fury,4,1,0,http://videogames.pricecharting.com/game/sega-genesis/brutal-paws-of-fury 
Bubba and Stix,1,1,0,http://videogames.pricecharting.com/game/sega-genesis/bubba-and-stix 
Bubble and Squeak,2,1,,http://videogames.pricecharting.com/game/sega-genesis/bubble-and-squeak 
Bubsy,8,4,0,http://videogames.pricecharting.com/game/sega-genesis/bubsy 
Bubsy II,4,4,0,http://videogames.pricecharting.com/game/sega-genesis/bubsy-ii 
Buck Rogers Countdown to Doomsday,4,4,0,http://videogames.pricecharting.com/game/sega-genesis/buck-rogers-countdown-to-doomsday 
Budokan: The Martial Spirit,1,1,,http://videogames.pricecharting.com/game/sega-genesis/budokan-the-martial-spirit 
Bugs Bunny Double Trouble,4,4,0,http://videogames.pricecharting.com/game/sega-genesis/bugs-bunny-double-trouble 
Bulls Vs Blazers and the NBA Playoffs,4,2,0,http://videogames.pricecharting.com/game/sega-genesis/bulls-vs-blazers-and-the-nba-playoffs 
Bulls vs Lakers and the NBA Playoffs,4,2,0,http://videogames.pricecharting.com/game/sega-genesis/bulls-vs-lakers-and-the-nba-playoffs 
Burning Force,4,4,0,http://videogames.pricecharting.com/game/sega-genesis/burning-force 
Busters Hidden Treasure,,,,http://videogames.pricecharting.com/game/sega-genesis/buster%27s-hidden-treasure 
Cadash,4,4,,http://videogames.pricecharting.com/game/sega-genesis/cadash 
Caesars Palace,4,4,0,http://videogames.pricecharting.com/game/sega-genesis/caesar%27s-palace 
Caliber 50,4,1,0,http://videogames.pricecharting.com/game/sega-genesis/caliber-50 
California Games,4,4,0,http://videogames.pricecharting.com/game/sega-genesis/california-games 
Cal Ripken Jr. Baseball,1,1,0,http://videogames.pricecharting.com/game/sega-genesis/cal-ripken-jr-baseball 
Captain America and the Avengers,30,8,0,http://videogames.pricecharting.com/game/sega-genesis/captain-america-and-the-avengers 
Castle of Illusion,30,12,0,http://videogames.pricecharting.com/game/sega-genesis/castle-of-illusion 
Castlevania Bloodlines,30,8,1,http://videogames.pricecharting.com/game/sega-genesis/castlevania-bloodlines 
Centurion Defender of Rome,4,4,0,http://videogames.pricecharting.com/game/sega-genesis/centurion-defender-of-rome 
Chakan,30,8,0,http://videogames.pricecharting.com/game/sega-genesis/chakan 
Championship Bowling,1,1,,http://videogames.pricecharting.com/game/sega-genesis/championship-bowling 
Championship Pool,1,1,,http://videogames.pricecharting.com/game/sega-genesis/championship-pool 
Championship Pro-AM,4,4,0,http://videogames.pricecharting.com/game/sega-genesis/championship-pro-am 
Championship Soccer 94,,,,http://videogames.pricecharting.com/game/sega-genesis/championship-soccer-%2794 
Champions World Class Soccer,1,0,1,http://videogames.pricecharting.com/game/sega-genesis/champions-world-class-soccer 
Chase HQ II,2,1,,http://videogames.pricecharting.com/game/sega-genesis/chase-hq-ii 
Chavez Boxing II,1,0,0,http://videogames.pricecharting.com/game/sega-genesis/chavez-boxing-ii 
Chester Cheetah Too Cool to Fool,4,1,0,http://videogames.pricecharting.com/game/sega-genesis/chester-cheetah-too-cool-to-fool 
Chester Cheetah Wild Wild Quest,1,1,0,http://videogames.pricecharting.com/game/sega-genesis/chester-cheetah-wild-wild-quest 
Chi Chis Pro Challenge Golf,0,0,0,http://videogames.pricecharting.com/game/sega-genesis/chi-chi%27s-pro-challenge-golf 
Chiki Chiki Boys,4,4,0,http://videogames.pricecharting.com/game/sega-genesis/chiki-chiki-boys 
Chuck Rock,4,1,0,http://videogames.pricecharting.com/game/sega-genesis/chuck-rock 
Chuck Rock II Son of Chuck,4,2,0,http://videogames.pricecharting.com/game/sega-genesis/chuck-rock-ii-son-of-chuck 
ClayFighter,4,4,0,http://videogames.pricecharting.com/game/sega-genesis/clayfighter 
Cliffhanger,4,2,0,http://videogames.pricecharting.com/game/sega-genesis/cliffhanger 
Clue,4,4,0,http://videogames.pricecharting.com/game/sega-genesis/clue 
Coach K College Basketball,4,4,0,http://videogames.pricecharting.com/game/sega-genesis/coach-k-college-basketball 
College Footballs National Championship,4,1,0,http://videogames.pricecharting.com/game/sega-genesis/college-football%27s-national-championship 
College Football USA 96,4,1,0,http://videogames.pricecharting.com/game/sega-genesis/college-football-usa-96 
College Football USA 97: The Road to New Orleans,4,1,0,http://videogames.pricecharting.com/game/sega-genesis/college-football-usa-97-the-road-to-new-orleans 
College Slam,4,2,0,http://videogames.pricecharting.com/game/sega-genesis/college-slam 
Columns,4,8,0,http://videogames.pricecharting.com/game/sega-genesis/columns 
Columns III: Revenge of Columns,2,2,,http://videogames.pricecharting.com/game/sega-genesis/columns-iii-revenge-of-columns 
Combat Cars,4,4,0,http://videogames.pricecharting.com/game/sega-genesis/combat-cars 
Comix Zone,30,8,0,http://videogames.pricecharting.com/game/sega-genesis/comix-zone 
Contra Hard Corps,12,8,1,http://videogames.pricecharting.com/game/sega-genesis/contra-hard-corps 
Cool Spot,12,12,0,http://videogames.pricecharting.com/game/sega-genesis/cool-spot 
Cosmic Spacehead,2,1,0,http://videogames.pricecharting.com/game/sega-genesis/cosmic-spacehead 
Crack Down,4,2,0,http://videogames.pricecharting.com/game/sega-genesis/crack-down 
Crossfire,2,1,0,http://videogames.pricecharting.com/game/sega-genesis/crossfire 
Crue Ball,4,4,,http://videogames.pricecharting.com/game/sega-genesis/crue-ball 
Crusader of Centy,4,4,,http://videogames.pricecharting.com/game/sega-genesis/crusader-of-centy 
Crystals Pony Tale,4,2,0,http://videogames.pricecharting.com/game/sega-genesis/crystal%27s-pony-tale 
Cutthroat Island,1,1,0,http://videogames.pricecharting.com/game/sega-genesis/cutthroat-island 
Cyberball,4,2,0,http://videogames.pricecharting.com/game/sega-genesis/cyberball 
Cyber-Cop,1,1,0,http://videogames.pricecharting.com/game/sega-genesis/cyber-cop 
Cyborg Justice,4,4,0,http://videogames.pricecharting.com/game/sega-genesis/cyborg-justice 
Dark Castle,4,2,0,http://videogames.pricecharting.com/game/sega-genesis/dark-castle 
Dashin Desperadoes,4,2,0,http://videogames.pricecharting.com/game/sega-genesis/dashin%27-desperadoes 
David Robinsons Supreme Court,2,1,0,http://videogames.pricecharting.com/game/sega-genesis/david-robinson%27s-supreme-court 
Davis Cup World Tour Tennis,0,0,0,http://videogames.pricecharting.com/game/sega-genesis/davis-cup-world-tour-tennis 
Deadly Moves,1,0,,http://videogames.pricecharting.com/game/sega-genesis/deadly-moves 
Death Duel,4,1,0,http://videogames.pricecharting.com/game/sega-genesis/death-duel 
DecapAttack,8,8,0,http://videogames.pricecharting.com/game/sega-genesis/decapattack 
Demolition Man,4,4,0,http://videogames.pricecharting.com/game/sega-genesis/demolition-man 
Desert Demolition,4,4,0,http://videogames.pricecharting.com/game/sega-genesis/desert-demolition 
Desert Strike Return to the Gulf,12,8,1,http://videogames.pricecharting.com/game/sega-genesis/desert-strike-return-to-the-gulf 
Devilish: The Next Possession,4,2,0,http://videogames.pricecharting.com/game/sega-genesis/devilish-the-next-possession 
Dick Tracy,4,4,0,http://videogames.pricecharting.com/game/sega-genesis/dick-tracy 
Dick Vitales Awesome Baby College Hoops,0,0,0,http://videogames.pricecharting.com/game/sega-genesis/dick-vitale%27s-awesome-baby-college-hoops 
Dino Land,2,1,0,http://videogames.pricecharting.com/game/sega-genesis/dino-land 
Dinosaurs for Hire,8,4,0,http://videogames.pricecharting.com/game/sega-genesis/dinosaurs-for-hire 
DJ Boy,4,2,0,http://videogames.pricecharting.com/game/sega-genesis/dj-boy 
Doom Troopers,4,1,0,http://videogames.pricecharting.com/game/sega-genesis/doom-troopers 
Double Dragon,12,4,0,http://videogames.pricecharting.com/game/sega-genesis/double-dragon 
Double Dragon III The Arcade Game,8,4,0,http://videogames.pricecharting.com/game/sega-genesis/double-dragon-iii-the-arcade-game 
Double Dragon V The Shadow Falls,4,2,0,http://videogames.pricecharting.com/game/sega-genesis/double-dragon-v-the-shadow-falls 
Double Dribble The Playoff Edition,1,1,0,http://videogames.pricecharting.com/game/sega-genesis/double-dribble-the-playoff-edition 
Dragons Fury,4,4,0,http://videogames.pricecharting.com/game/sega-genesis/dragon%27s-fury 
Dragons Revenge,4,4,0,http://videogames.pricecharting.com/game/sega-genesis/dragon%27s-revenge 
DRAGON The Bruce Lee Story,4,1,0,http://videogames.pricecharting.com/game/sega-genesis/dragon-the-bruce-lee-story 
Dr Robotniks Mean Bean Machine,30,8,0,http://videogames.pricecharting.com/game/sega-genesis/dr-robotnik%27s-mean-bean-machine 
Dune The Battle for Arrakis,4,2,0,http://videogames.pricecharting.com/game/sega-genesis/dune-the-battle-for-arrakis 
Dungeons & Dragons Warriors of the Eternal Sun,8,4,0,http://videogames.pricecharting.com/game/sega-genesis/dungeons-%26-dragons-warriors-of-the-eternal-sun 
Dynamite Duke,2,2,,http://videogames.pricecharting.com/game/sega-genesis/dynamite-duke 
Dynamite Headdy,4,2,0,http://videogames.pricecharting.com/game/sega-genesis/dynamite-headdy 
Earnest Evans,2,4,0,http://videogames.pricecharting.com/game/sega-genesis/earnest-evans 
Earth Defense,0,0,1,http://videogames.pricecharting.com/game/sega-genesis/earth-defense 
Earthworm Jim,30,12,0,http://videogames.pricecharting.com/game/sega-genesis/earthworm-jim 
Earthworm Jim 2,30,4,0,http://videogames.pricecharting.com/game/sega-genesis/earthworm-jim-2 
Ecco Jr,2,0,0,http://videogames.pricecharting.com/game/sega-genesis/ecco-jr 
Ecco the Dolphin,30,12,0,http://videogames.pricecharting.com/game/sega-genesis/ecco-the-dolphin 
Ecco The Tides of Time,8,8,0,http://videogames.pricecharting.com/game/sega-genesis/ecco-the-tides-of-time 
Elemental Master,4,2,0,http://videogames.pricecharting.com/game/sega-genesis/elemental-master 
El Viento,4,4,0,http://videogames.pricecharting.com/game/sega-genesis/el-viento 
ESPN Baseball Tonight,1,0,0,http://videogames.pricecharting.com/game/sega-genesis/espn-baseball-tonight 
ESPN National Hockey Night,1,1,0,http://videogames.pricecharting.com/game/sega-genesis/espn-national-hockey-night 
ESPN Speed World,1,0,,http://videogames.pricecharting.com/game/sega-genesis/espn-speed-world 
ESPN Sunday Night NFL,1,0,0,http://videogames.pricecharting.com/game/sega-genesis/espn-sunday-night-nfl 
ESWAT City Under Siege,8,4,0,http://videogames.pricecharting.com/game/sega-genesis/eswat-city-under-siege 
Eternal Champions,30,8,0,http://videogames.pricecharting.com/game/sega-genesis/eternal-champions 
Evander Holyfields Real Deal Boxing,4,4,0,http://videogames.pricecharting.com/game/sega-genesis/evander-holyfield%27s-real-deal-boxing 
Exile,4,4,0,http://videogames.pricecharting.com/game/sega-genesis/exile 
Ex-Mutants,4,4,0,http://videogames.pricecharting.com/game/sega-genesis/ex-mutants 
Exodus: Journey to the Promised Land,1,0,0,http://videogames.pricecharting.com/game/sega-genesis/exodus-journey-to-the-promised-land 
Exo Squad,4,1,0,http://videogames.pricecharting.com/game/sega-genesis/exo-squad 
F-117 Night Storm,1,1,0,http://videogames.pricecharting.com/game/sega-genesis/f-117-night-storm 
F-15 Strike Eagle II,4,2,0,http://videogames.pricecharting.com/game/sega-genesis/f-15-strike-eagle-ii 
F-22 Interceptor,4,4,1,http://videogames.pricecharting.com/game/sega-genesis/f-22-interceptor 
Faery Tale Adventure,4,4,,http://videogames.pricecharting.com/game/sega-genesis/faery-tale-adventure 
Family Feud,4,1,0,http://videogames.pricecharting.com/game/sega-genesis/family-feud 
Fantasia,4,4,0,http://videogames.pricecharting.com/game/sega-genesis/fantasia 
Fantastic Dizzy,4,1,,http://videogames.pricecharting.com/game/sega-genesis/fantastic-dizzy 
Fatal Fury,4,4,0,http://videogames.pricecharting.com/game/sega-genesis/fatal-fury 
Fatal Fury 2,4,1,0,http://videogames.pricecharting.com/game/sega-genesis/fatal-fury-2 
Fatal Labyrinth,4,4,0,http://videogames.pricecharting.com/game/sega-genesis/fatal-labyrinth 
Fatal Rewind Killing Game Show,1,1,0,http://videogames.pricecharting.com/game/sega-genesis/fatal-rewind-killing-game-show 
Ferrari Grand Prix Challenge,1,1,0,http://videogames.pricecharting.com/game/sega-genesis/ferrari-grand-prix-challenge 
FIFA 95,4,1,0,http://videogames.pricecharting.com/game/sega-genesis/fifa-95 
FIFA 96,1,1,0,http://videogames.pricecharting.com/game/sega-genesis/fifa-96 
FIFA 97 Gold,1,0,0,http://videogames.pricecharting.com/game/sega-genesis/fifa-97-gold 
FIFA International Soccer,4,4,0,http://videogames.pricecharting.com/game/sega-genesis/fifa-international-soccer 
Fighting Masters,4,1,0,http://videogames.pricecharting.com/game/sega-genesis/fighting-masters 
Final Zone,4,4,0,http://videogames.pricecharting.com/game/sega-genesis/final-zone 
Fire Shark,4,4,0,http://videogames.pricecharting.com/game/sega-genesis/fire-shark 
Flashback The Quest for Identity,12,12,0,http://videogames.pricecharting.com/game/sega-genesis/flashback-the-quest-for-identity 
Flicky,4,2,0,http://videogames.pricecharting.com/game/sega-genesis/flicky 
Foreman For Real,1,1,0,http://videogames.pricecharting.com/game/sega-genesis/foreman-for-real 
Forgotten Worlds,8,8,0,http://videogames.pricecharting.com/game/sega-genesis/forgotten-worlds 
Formula One- F1,1,1,0,http://videogames.pricecharting.com/game/sega-genesis/formula-one-f1 
Frank Thomas Big Hurt Baseball,2,1,0,http://videogames.pricecharting.com/game/sega-genesis/frank-thomas-big-hurt-baseball 
Frogger,8,4,0,http://videogames.pricecharting.com/game/sega-genesis/frogger 
Fun n Games,1,1,0,http://videogames.pricecharting.com/game/sega-genesis/fun-%27n-games 
Funny World & Balloon Boy,0,0,0,http://videogames.pricecharting.com/game/sega-genesis/funny-world-%26-balloon-boy 
Gadget Twins,2,1,0,http://videogames.pricecharting.com/game/sega-genesis/gadget-twins 
Gaiares,8,8,0,http://videogames.pricecharting.com/game/sega-genesis/gaiares 
Gain Ground,4,4,0,http://videogames.pricecharting.com/game/sega-genesis/gain-ground 
Galahad,2,1,0,http://videogames.pricecharting.com/game/sega-genesis/galahad 
Galaxy Force II,4,4,0,http://videogames.pricecharting.com/game/sega-genesis/galaxy-force-ii 
Game Genie,30,4,,http://videogames.pricecharting.com/game/sega-genesis/game-genie 
Garfield Caught in the Act,12,8,0,http://videogames.pricecharting.com/game/sega-genesis/garfield-caught-in-the-act 
Gargoyles,30,4,1,http://videogames.pricecharting.com/game/sega-genesis/gargoyles 
Gauntlet IV,8,4,0,http://videogames.pricecharting.com/game/sega-genesis/gauntlet-iv 
Gemfire,2,1,0,http://videogames.pricecharting.com/game/sega-genesis/gemfire 
General Chaos,30,8,0,http://videogames.pricecharting.com/game/sega-genesis/general-chaos 
Generations Lost,1,1,0,http://videogames.pricecharting.com/game/sega-genesis/generations-lost 
Genesis 6-Pak,30,4,0,http://videogames.pricecharting.com/game/sega-genesis/genesis-6-pak 
Genghis Khan II Clan of the Gray Wolf,1,1,0,http://videogames.pricecharting.com/game/sega-genesis/genghis-khan-ii-clan-of-the-gray-wolf 
George Foremans KO Boxing,1,1,0,http://videogames.pricecharting.com/game/sega-genesis/george-foreman%27s-ko-boxing 
Ghostbusters,12,4,0,http://videogames.pricecharting.com/game/sega-genesis/ghostbusters 
Ghouls N Ghosts,30,12,0,http://videogames.pricecharting.com/game/sega-genesis/ghouls-%27n-ghosts 
G-LOC Air Battle,1,2,0,http://videogames.pricecharting.com/game/sega-genesis/g-loc-air-battle 
Gods,1,1,0,http://videogames.pricecharting.com/game/sega-genesis/gods 
Golden Axe,30,30,1,http://videogames.pricecharting.com/game/sega-genesis/golden-axe 
Golden Axe II,12,12,0,http://videogames.pricecharting.com/game/sega-genesis/golden-axe-ii 
Golden Axe III [Japan],1,0,1,http://videogames.pricecharting.com/game/sega-genesis/golden-axe-iii-%5Bjapan%5D 
Goofys Hysterical History Tour,4,4,0,http://videogames.pricecharting.com/game/sega-genesis/goofy%27s-hysterical-history-tour 
Granada,4,4,0,http://videogames.pricecharting.com/game/sega-genesis/granada 
Greatest Heavyweights,4,4,0,http://videogames.pricecharting.com/game/sega-genesis/greatest-heavyweights 
Great Waldo Search,1,1,,http://videogames.pricecharting.com/game/sega-genesis/great-waldo-search 
Greendog Beached Surfer Dude,8,4,0,http://videogames.pricecharting.com/game/sega-genesis/greendog-beached-surfer-dude 
Grind Stormer,4,2,,http://videogames.pricecharting.com/game/sega-genesis/grind-stormer 
Growl,4,1,0,http://videogames.pricecharting.com/game/sega-genesis/growl 
Gunstar Heroes,30,12,0,http://videogames.pricecharting.com/game/sega-genesis/gunstar-heroes 
Hardball,1,1,0,http://videogames.pricecharting.com/game/sega-genesis/hardball 
HardBall 94,0,0,0,http://videogames.pricecharting.com/game/sega-genesis/hardball-94 
HardBall 95,0,0,0,http://videogames.pricecharting.com/game/sega-genesis/hardball-95 
HardBall III,1,1,0,http://videogames.pricecharting.com/game/sega-genesis/hardball-iii 
Hard Drivin,4,4,0,http://videogames.pricecharting.com/game/sega-genesis/hard-drivin 
Haunting Starring Polterguy,8,4,0,http://videogames.pricecharting.com/game/sega-genesis/haunting-starring-polterguy 
Head-On Soccer,0,0,,http://videogames.pricecharting.com/game/sega-genesis/head-on-soccer 
Heavy Nova,2,1,0,http://videogames.pricecharting.com/game/sega-genesis/heavy-nova 
Hellfire,4,4,0,http://videogames.pricecharting.com/game/sega-genesis/hellfire 
Herzog Zwei,8,4,0,http://videogames.pricecharting.com/game/sega-genesis/herzog-zwei 
High Seas Havoc,4,1,,http://videogames.pricecharting.com/game/sega-genesis/high-seas-havoc 
Hit the Ice,2,1,,http://videogames.pricecharting.com/game/sega-genesis/hit-the-ice 
Home Alone,8,4,0,http://videogames.pricecharting.com/game/sega-genesis/home-alone 
Home Alone 2 Lost In New York,4,2,,http://videogames.pricecharting.com/game/sega-genesis/home-alone-2-lost-in-new-york 
Hook,4,1,0,http://videogames.pricecharting.com/game/sega-genesis/hook 
Indiana Jones and the Last Crusade,4,1,0,http://videogames.pricecharting.com/game/sega-genesis/indiana-jones-and-the-last-crusade 
Insector X,4,4,0,http://videogames.pricecharting.com/game/sega-genesis/insector-x 
Instruments of Chaos Starring Young Indiana Jones,2,2,0,http://videogames.pricecharting.com/game/sega-genesis/instruments-of-chaos-starring-young-indiana-jones 
International Tour Tennis,0,0,0,http://videogames.pricecharting.com/game/sega-genesis/international-tour-tennis 
Ishido: The Way of Stones,0,0,,http://videogames.pricecharting.com/game/sega-genesis/ishido-the-way-of-stones 
Izzys Quest for the Olympic Rings,1,0,1,http://videogames.pricecharting.com/game/sega-genesis/izzy%27s-quest-for-the-olympic-rings 
Jack Nicklaus Power Challenge Golf,0,1,0,http://videogames.pricecharting.com/game/sega-genesis/jack-nicklaus-power-challenge-golf 
James Bond 007 The Duel,,,,http://videogames.pricecharting.com/game/sega-genesis/james-bond-007-the-duel 
James Buster Douglas Knockout Boxing,4,4,0,http://videogames.pricecharting.com/game/sega-genesis/james-buster-douglas-knockout-boxing 
James Pond,4,2,0,http://videogames.pricecharting.com/game/sega-genesis/james-pond 
James Pond 2 codename RoboCod,2,1,0,http://videogames.pricecharting.com/game/sega-genesis/james-pond-2-codename-robocod 
James Pond 3 Operation Starfish,1,1,0,http://videogames.pricecharting.com/game/sega-genesis/james-pond-3-operation-starfish 
Jammit,4,1,0,http://videogames.pricecharting.com/game/sega-genesis/jammit 
Jennifer Capriati Tennis,1,1,0,http://videogames.pricecharting.com/game/sega-genesis/jennifer-capriati-tennis 
Jeopardy,4,2,1,http://videogames.pricecharting.com/game/sega-genesis/jeopardy 
Jeopardy Deluxe Edition,1,0,,http://videogames.pricecharting.com/game/sega-genesis/jeopardy-deluxe-edition 
Jeopardy Sports Edition,1,0,0,http://videogames.pricecharting.com/game/sega-genesis/jeopardy-sports-edition 
Jerry Glanvilles Pigskin Footbrawl,4,2,0,http://videogames.pricecharting.com/game/sega-genesis/jerry-glanville%27s-pigskin-footbrawl 
Jewel Master,4,4,0,http://videogames.pricecharting.com/game/sega-genesis/jewel-master 
Joe and Mac,8,4,0,http://videogames.pricecharting.com/game/sega-genesis/joe-and-mac 
Joe Montana Football,4,4,0,http://videogames.pricecharting.com/game/sega-genesis/joe-montana-football 
Joe Montana II Sports Talk Football,4,4,0,http://videogames.pricecharting.com/game/sega-genesis/joe-montana-ii-sports-talk-football 
John Madden Football,4,4,0,http://videogames.pricecharting.com/game/sega-genesis/john-madden-football 
John Madden Football 92,4,4,0,http://videogames.pricecharting.com/game/sega-genesis/john-madden-football-%2792 
John Madden Football 93,4,4,0,http://videogames.pricecharting.com/game/sega-genesis/john-madden-football-%2793 
John Madden Football 93 Championship Edition,1,1,,http://videogames.pricecharting.com/game/sega-genesis/john-madden-football-%2793-championship-edition 
Jordan vs Bird Super One-On-One,4,1,0,http://videogames.pricecharting.com/game/sega-genesis/jordan-vs-bird-super-one-on-one 
Joshua: The Battle of Jericho,1,0,0,http://videogames.pricecharting.com/game/sega-genesis/joshua-the-battle-of-jericho 
Judge Dredd,4,4,0,http://videogames.pricecharting.com/game/sega-genesis/judge-dredd 
Junction,1,1,0,http://videogames.pricecharting.com/game/sega-genesis/junction 
Jungle Strike,12,4,1,http://videogames.pricecharting.com/game/sega-genesis/jungle-strike 
Jurassic Park,30,30,1,http://videogames.pricecharting.com/game/sega-genesis/jurassic-park 
Jurassic Park Rampage Edition,8,4,0,http://videogames.pricecharting.com/game/sega-genesis/jurassic-park-rampage-edition 
Justice League Task Force,8,4,0,http://videogames.pricecharting.com/game/sega-genesis/justice-league-task-force 
Ka-Ge-Ki Fists of Steel,1,0,0,http://videogames.pricecharting.com/game/sega-genesis/ka-ge-ki-fists-of-steel 
Kawasaki Superbike Challenge,1,0,0,http://videogames.pricecharting.com/game/sega-genesis/kawasaki-superbike-challenge 
Kid Chameleon,30,8,0,http://videogames.pricecharting.com/game/sega-genesis/kid-chameleon 
King of the Monsters,4,1,0,http://videogames.pricecharting.com/game/sega-genesis/king-of-the-monsters 
King of the Monsters 2,4,2,0,http://videogames.pricecharting.com/game/sega-genesis/king-of-the-monsters-2 
King Salmon: The Big Catch,2,1,0,http://videogames.pricecharting.com/game/sega-genesis/king-salmon-the-big-catch 
Kings Bounty,4,4,,http://videogames.pricecharting.com/game/sega-genesis/king%27s-bounty 
Klax,2,2,0,http://videogames.pricecharting.com/game/sega-genesis/klax 
Krustys Super Fun House,4,4,0,http://videogames.pricecharting.com/game/sega-genesis/krusty%27s-super-fun-house 
Lakers vs. Celtics and the NBA Playoffs,4,4,0,http://videogames.pricecharting.com/game/sega-genesis/lakers-vs-celtics-and-the-nba-playoffs 
Landstalker Treasures of King Nole,8,4,0,http://videogames.pricecharting.com/game/sega-genesis/landstalker-treasures-of-king-nole 
Last Action Hero,4,1,0,http://videogames.pricecharting.com/game/sega-genesis/last-action-hero 
Last Battle,4,4,0,http://videogames.pricecharting.com/game/sega-genesis/last-battle 
Lawnmower Man,1,1,0,http://videogames.pricecharting.com/game/sega-genesis/lawnmower-man 
Legend of Wukong,0,0,,http://videogames.pricecharting.com/game/sega-genesis/legend-of-wukong 
Lemmings,4,2,0,http://videogames.pricecharting.com/game/sega-genesis/lemmings 
Lemmings 2 The Tribes,1,1,0,http://videogames.pricecharting.com/game/sega-genesis/lemmings-2-the-tribes 
Lethal Enforcers,4,4,0,http://videogames.pricecharting.com/game/sega-genesis/lethal-enforcers 
Lethal Enforcers II Gun Fighters,4,4,0,http://videogames.pricecharting.com/game/sega-genesis/lethal-enforcers-ii-gun-fighters 
LHX Attack Chopper,1,1,0,http://videogames.pricecharting.com/game/sega-genesis/lhx-attack-chopper 
Liberty or Death,4,1,0,http://videogames.pricecharting.com/game/sega-genesis/liberty-or-death 
Light Crusader,8,4,0,http://videogames.pricecharting.com/game/sega-genesis/light-crusader 
Lightening Force Quest for the Darkstar,12,8,0,http://videogames.pricecharting.com/game/sega-genesis/lightening-force-quest-for-the-darkstar 
Lost World Jurassic Park,4,1,0,http://videogames.pricecharting.com/game/sega-genesis/lost-world-jurassic-park 
Lotus II,4,4,,http://videogames.pricecharting.com/game/sega-genesis/lotus-ii 
Lotus Turbo Challenge,2,1,0,http://videogames.pricecharting.com/game/sega-genesis/lotus-turbo-challenge 
M-1 Abrams Battle Tank,1,1,0,http://videogames.pricecharting.com/game/sega-genesis/m-1-abrams-battle-tank 
Madden 97,4,4,0,http://videogames.pricecharting.com/game/sega-genesis/madden-97 
Madden NFL 94,4,4,0,http://videogames.pricecharting.com/game/sega-genesis/madden-nfl-%2794 
Madden NFL 95,4,4,0,http://videogames.pricecharting.com/game/sega-genesis/madden-nfl-%2795 
Madden NFL 96,4,4,0,http://videogames.pricecharting.com/game/sega-genesis/madden-nfl-96 
Madden NFL 98,,,,http://videogames.pricecharting.com/game/sega-genesis/madden-nfl-98 
Marble Madness,4,4,0,http://videogames.pricecharting.com/game/sega-genesis/marble-madness 
Mario Andretti Racing,4,1,0,http://videogames.pricecharting.com/game/sega-genesis/mario-andretti-racing 
Mario Lemieux Hockey,4,2,0,http://videogames.pricecharting.com/game/sega-genesis/mario-lemieux-hockey 
Marko,1,1,0,http://videogames.pricecharting.com/game/sega-genesis/marko 
Markos Magic Football PAL,1,0,0,http://videogames.pricecharting.com/game/sega-genesis/marko%27s-magic-football-pal 
Marsupilami,2,0,0,http://videogames.pricecharting.com/game/sega-genesis/marsupilami 
Marvel Land,4,1,0,http://videogames.pricecharting.com/game/sega-genesis/marvel-land 
Mary Shelleys Frankenstein,1,1,0,http://videogames.pricecharting.com/game/sega-genesis/mary-shelley%27s-frankenstein 
Master of Monsters,4,2,,http://videogames.pricecharting.com/game/sega-genesis/master-of-monsters 
Math Blaster Episode 1,1,1,,http://videogames.pricecharting.com/game/sega-genesis/math-blaster-episode-1 
Mazin Saga Mutant Fighter,8,4,0,http://videogames.pricecharting.com/game/sega-genesis/mazin-saga-mutant-fighter 
McDonalds Treasureland Adventure,8,4,0,http://videogames.pricecharting.com/game/sega-genesis/mcdonald%27s-treasureland-adventure 
Mega Bomberman,8,2,0,http://videogames.pricecharting.com/game/sega-genesis/mega-bomberman 
Mega Man: The Wily Wars [Reproduction],2,0,4,http://videogames.pricecharting.com/game/sega-genesis/mega-man-the-wily-wars-%5Breproduction%5D 
Mega Turrican,8,4,0,http://videogames.pricecharting.com/game/sega-genesis/mega-turrican 
Menacer: 6-Game Cartridge,4,1,,http://videogames.pricecharting.com/game/sega-genesis/menacer-6-game-cartridge 
Mercs,8,4,0,http://videogames.pricecharting.com/game/sega-genesis/mercs 
Michael Jackson Moonwalker,30,12,0,http://videogames.pricecharting.com/game/sega-genesis/michael-jackson-moonwalker 
Mick and Mack Global Gladiators,4,4,0,http://videogames.pricecharting.com/game/sega-genesis/mick-and-mack-global-gladiators 
Mickey Mania,4,4,0,http://videogames.pricecharting.com/game/sega-genesis/mickey-mania 
Mickeys Ultimate Challenge,4,2,0,http://videogames.pricecharting.com/game/sega-genesis/mickey%27s-ultimate-challenge 
Micro Machines,4,2,,http://videogames.pricecharting.com/game/sega-genesis/micro-machines 
Midnight Resistance,4,4,0,http://videogames.pricecharting.com/game/sega-genesis/midnight-resistance 
MIG-29,1,1,,http://videogames.pricecharting.com/game/sega-genesis/mig-29 
Might and Magic Gates to Another World,4,4,0,http://videogames.pricecharting.com/game/sega-genesis/might-and-magic-gates-to-another-world 
Mighty Morphin Power Rangers,30,4,0,http://videogames.pricecharting.com/game/sega-genesis/mighty-morphin-power-rangers 
Mighty Morphin Power Rangers The Movie,12,4,0,http://videogames.pricecharting.com/game/sega-genesis/mighty-morphin-power-rangers-the-movie 
Mike Ditka Power Football,1,1,0,http://videogames.pricecharting.com/game/sega-genesis/mike-ditka-power-football 
Minnesota Fats,1,0,0,http://videogames.pricecharting.com/game/sega-genesis/minnesota-fats 
Miracle Piano,0,,,http://videogames.pricecharting.com/game/sega-genesis/miracle-piano 
MLBPA Baseball,1,0,0,http://videogames.pricecharting.com/game/sega-genesis/mlbpa-baseball 
Monopoly,4,4,0,http://videogames.pricecharting.com/game/sega-genesis/monopoly 
Mortal Kombat,60,30,0,http://videogames.pricecharting.com/game/sega-genesis/mortal-kombat 
Mortal Kombat 3,30,12,0,http://videogames.pricecharting.com/game/sega-genesis/mortal-kombat-3 
Mortal Kombat II,30,30,1,http://videogames.pricecharting.com/game/sega-genesis/mortal-kombat-ii 
Ms. Pac-Man,30,8,1,http://videogames.pricecharting.com/game/sega-genesis/ms-pac-man 
Muhammad Alis Heavyweight Boxing,2,1,0,http://videogames.pricecharting.com/game/sega-genesis/muhammad-ali%27s-heavyweight-boxing 
MUSHA,4,4,0,http://videogames.pricecharting.com/game/sega-genesis/musha 
Mutant League Football,30,12,0,http://videogames.pricecharting.com/game/sega-genesis/mutant-league-football 
Mutant League Hockey,12,4,0,http://videogames.pricecharting.com/game/sega-genesis/mutant-league-hockey 
Mystical Fighter,4,4,,http://videogames.pricecharting.com/game/sega-genesis/mystical-fighter 
Mystic Defender,8,4,0,http://videogames.pricecharting.com/game/sega-genesis/mystic-defender 
NBA Action 94,2,1,0,http://videogames.pricecharting.com/game/sega-genesis/nba-action-94 
NBA Action 95 starring David Robinson,1,0,0,http://videogames.pricecharting.com/game/sega-genesis/nba-action-%2795-starring-david-robinson 
NBA All-Star Challenge,1,0,0,http://videogames.pricecharting.com/game/sega-genesis/nba-all-star-challenge 
NBA Hang Time,4,1,0,http://videogames.pricecharting.com/game/sega-genesis/nba-hang-time 
NBA Jam,30,30,1,http://videogames.pricecharting.com/game/sega-genesis/nba-jam 
NBA Jam Tournament Edition,30,30,4,http://videogames.pricecharting.com/game/sega-genesis/nba-jam-tournament-edition 
NBA Live 95,4,4,0,http://videogames.pricecharting.com/game/sega-genesis/nba-live-95 
NBA Live 96,4,4,0,http://videogames.pricecharting.com/game/sega-genesis/nba-live-96 
NBA Live 97,4,1,0,http://videogames.pricecharting.com/game/sega-genesis/nba-live-97 
NBA Showdown 94,4,1,0,http://videogames.pricecharting.com/game/sega-genesis/nba-showdown-94 
NCAA Final Four Basketball,0,0,,http://videogames.pricecharting.com/game/sega-genesis/ncaa-final-four-basketball 
NCAA Football,1,0,0,http://videogames.pricecharting.com/game/sega-genesis/ncaa-football 
Newman Haas Indy Car featuring Nigel Mansell,1,1,0,http://videogames.pricecharting.com/game/sega-genesis/newman-haas-indy-car-featuring-nigel-mansell 
NFL 95,4,2,1,http://videogames.pricecharting.com/game/sega-genesis/nfl-%2795 
NFL 98,,,,http://videogames.pricecharting.com/game/sega-genesis/nfl-98 
NFL Football 94 Starring Joe Montana,4,4,1,http://videogames.pricecharting.com/game/sega-genesis/nfl-football-%2794-starring-joe-montana 
NFL Quarterback Club,2,1,0,http://videogames.pricecharting.com/game/sega-genesis/nfl-quarterback-club 
NFL Quarterback Club 96,1,1,0,http://videogames.pricecharting.com/game/sega-genesis/nfl-quarterback-club-96 
NHL 94,30,30,0,http://videogames.pricecharting.com/game/sega-genesis/nhl-94 
NHL 95,4,4,0,http://videogames.pricecharting.com/game/sega-genesis/nhl-95 
NHL 96,4,4,2,http://videogames.pricecharting.com/game/sega-genesis/nhl-96 
NHL 97,4,4,0,http://videogames.pricecharting.com/game/sega-genesis/nhl-97 
NHL 98,4,2,0,http://videogames.pricecharting.com/game/sega-genesis/nhl-98 
NHL All-Star Hockey 95,4,0,1,http://videogames.pricecharting.com/game/sega-genesis/nhl-all-star-hockey-95 
NHL Hockey,4,4,0,http://videogames.pricecharting.com/game/sega-genesis/nhl-hockey 
NHLPA Hockey 93,8,4,0,http://videogames.pricecharting.com/game/sega-genesis/nhlpa-hockey-%2793 
Nigel Mansells World Championship Racing,1,0,0,http://videogames.pricecharting.com/game/sega-genesis/nigel-mansell%27s-world-championship-racing 
Nobunagas Ambition,1,1,0,http://videogames.pricecharting.com/game/sega-genesis/nobunaga%27s-ambition 
No Escape,1,1,0,http://videogames.pricecharting.com/game/sega-genesis/no-escape 
Normys Beach Babe-O-Rama,1,1,0,http://videogames.pricecharting.com/game/sega-genesis/normy%27s-beach-babe-o-rama 
Olympic Gold Barcelona 92,1,1,0,http://videogames.pricecharting.com/game/sega-genesis/olympic-gold-barcelona-92 
Olympic Summer Games Atlanta 96,1,0,0,http://videogames.pricecharting.com/game/sega-genesis/olympic-summer-games-atlanta-96 
Onslaught,1,1,0,http://videogames.pricecharting.com/game/sega-genesis/onslaught 
Operation Europe Path to Victory 1939-45,1,1,,http://videogames.pricecharting.com/game/sega-genesis/operation-europe-path-to-victory-1939-45 
Outlander,4,4,,http://videogames.pricecharting.com/game/sega-genesis/outlander 
Out of This World,4,4,0,http://videogames.pricecharting.com/game/sega-genesis/out-of-this-world 
OutRun,8,4,0,http://videogames.pricecharting.com/game/sega-genesis/outrun 
OutRun 2019,4,4,0,http://videogames.pricecharting.com/game/sega-genesis/outrun-2019 
OutRunners,4,2,,http://videogames.pricecharting.com/game/sega-genesis/outrunners 
Pac-Attack,1,1,0,http://videogames.pricecharting.com/game/sega-genesis/pac-attack 
Pac-Man 2 The New Adventures,8,8,0,http://videogames.pricecharting.com/game/sega-genesis/pac-man-2-the-new-adventures 
Pac-Mania,4,2,0,http://videogames.pricecharting.com/game/sega-genesis/pac-mania 
Pagemaster,4,1,0,http://videogames.pricecharting.com/game/sega-genesis/pagemaster 
Paperboy,8,4,0,http://videogames.pricecharting.com/game/sega-genesis/paperboy 
Paperboy 2,4,2,0,http://videogames.pricecharting.com/game/sega-genesis/paperboy-2 
Pat Rileys Basketball,2,2,0,http://videogames.pricecharting.com/game/sega-genesis/pat-riley%27s-basketball 
Pebble Beach Golf Links,1,1,0,http://videogames.pricecharting.com/game/sega-genesis/pebble-beach-golf-links 
Pele,1,1,0,http://videogames.pricecharting.com/game/sega-genesis/pele 
PGA European Tour,1,1,0,http://videogames.pricecharting.com/game/sega-genesis/pga-european-tour 
PGA Tour 96,1,1,0,http://videogames.pricecharting.com/game/sega-genesis/pga-tour-96 
PGA Tour Golf,2,4,0,http://videogames.pricecharting.com/game/sega-genesis/pga-tour-golf 
PGA Tour Golf 3,4,2,0,http://videogames.pricecharting.com/game/sega-genesis/pga-tour-golf-3 
PGA Tour Golf II,4,4,0,http://videogames.pricecharting.com/game/sega-genesis/pga-tour-golf-ii 
Phantasy Star II,12,12,0,http://videogames.pricecharting.com/game/sega-genesis/phantasy-star-ii 
Phantasy Star III Generations of Doom,12,12,0,http://videogames.pricecharting.com/game/sega-genesis/phantasy-star-iii-generations-of-doom 
Phantasy Star IV,30,8,0,http://videogames.pricecharting.com/game/sega-genesis/phantasy-star-iv 
Phantom 2040,4,1,0,http://videogames.pricecharting.com/game/sega-genesis/phantom-2040 
Phelios,8,4,0,http://videogames.pricecharting.com/game/sega-genesis/phelios 
Pier Solar,1,1,1,http://videogames.pricecharting.com/game/sega-genesis/pier-solar 
Pink Panther Goes to Hollywood,2,1,0,http://videogames.pricecharting.com/game/sega-genesis/pink-panther-goes-to-hollywood 
Pinocchio,4,2,0,http://videogames.pricecharting.com/game/sega-genesis/pinocchio 
Pirates Gold,4,4,,http://videogames.pricecharting.com/game/sega-genesis/pirates-gold 
Pirates of Dark Water,4,1,0,http://videogames.pricecharting.com/game/sega-genesis/pirates-of-dark-water 
Pitfall Mayan Adventure,12,8,1,http://videogames.pricecharting.com/game/sega-genesis/pitfall-mayan-adventure 
Pit-Fighter,4,4,0,http://videogames.pricecharting.com/game/sega-genesis/pit-fighter 
Pocahontas,4,4,0,http://videogames.pricecharting.com/game/sega-genesis/pocahontas 
Populous,4,1,,http://videogames.pricecharting.com/game/sega-genesis/populous 
Powerball,1,1,0,http://videogames.pricecharting.com/game/sega-genesis/powerball 
Powermonger,0,0,,http://videogames.pricecharting.com/game/sega-genesis/powermonger 
Predator 2,4,4,0,http://videogames.pricecharting.com/game/sega-genesis/predator-2 
Primal Rage,12,4,0,http://videogames.pricecharting.com/game/sega-genesis/primal-rage 
Prime Time NFL Football starring Deion Sanders,1,0,0,http://videogames.pricecharting.com/game/sega-genesis/prime-time-nfl-football-starring-deion-sanders 
Prince of Persia,4,2,0,http://videogames.pricecharting.com/game/sega-genesis/prince-of-persia 
Pro Moves Soccer,0,0,0,http://videogames.pricecharting.com/game/sega-genesis/pro-moves-soccer 
Pro Quarterback,0,0,0,http://videogames.pricecharting.com/game/sega-genesis/pro-quarterback 
P.T.O. Pacific Theater of Operations,1,1,0,http://videogames.pricecharting.com/game/sega-genesis/pto-pacific-theater-of-operations 
Puggsy,4,1,0,http://videogames.pricecharting.com/game/sega-genesis/puggsy 
QuackShot Starring Donald Duck,30,12,0,http://videogames.pricecharting.com/game/sega-genesis/quackshot-starring-donald-duck 
Quad Challenge,1,1,,http://videogames.pricecharting.com/game/sega-genesis/quad-challenge 
Race Driving,,,,http://videogames.pricecharting.com/game/sega-genesis/race-driving 
Radical Rex,1,1,0,http://videogames.pricecharting.com/game/sega-genesis/radical-rex 
Raiden Trad,4,4,0,http://videogames.pricecharting.com/game/sega-genesis/raiden-trad 
Rambo III,8,4,0,http://videogames.pricecharting.com/game/sega-genesis/rambo-iii 
Rampart,4,4,0,http://videogames.pricecharting.com/game/sega-genesis/rampart 
Ranger X,12,8,0,http://videogames.pricecharting.com/game/sega-genesis/ranger-x 
Rastan Saga II,2,1,,http://videogames.pricecharting.com/game/sega-genesis/rastan-saga-ii 
RBI Baseball 3,1,1,0,http://videogames.pricecharting.com/game/sega-genesis/rbi-baseball-3 
RBI Baseball 4,4,2,0,http://videogames.pricecharting.com/game/sega-genesis/rbi-baseball-4 
RBI Baseball 93,1,2,,http://videogames.pricecharting.com/game/sega-genesis/rbi-baseball-93 
RBI Baseball 94,2,1,0,http://videogames.pricecharting.com/game/sega-genesis/rbi-baseball-94 
Red Zone,4,4,0,http://videogames.pricecharting.com/game/sega-genesis/red-zone 
Ren and Stimpy Stimpys Invention,12,8,0,http://videogames.pricecharting.com/game/sega-genesis/ren-and-stimpy-stimpy%27s-invention 
Revolution X,4,4,0,http://videogames.pricecharting.com/game/sega-genesis/revolution-x 
Richard Scarrys BusyTown,2,0,0,http://videogames.pricecharting.com/game/sega-genesis/richard-scarry%27s-busytown 
Rings of Power,4,2,,http://videogames.pricecharting.com/game/sega-genesis/rings-of-power 
Risk,4,4,1,http://videogames.pricecharting.com/game/sega-genesis/risk 
Risky Woods,4,1,0,http://videogames.pricecharting.com/game/sega-genesis/risky-woods 
Ristar,12,4,0,http://videogames.pricecharting.com/game/sega-genesis/ristar 
RoadBlasters,4,2,0,http://videogames.pricecharting.com/game/sega-genesis/roadblasters 
Road Rash,30,12,0,http://videogames.pricecharting.com/game/sega-genesis/road-rash 
Road Rash II,30,30,0,http://videogames.pricecharting.com/game/sega-genesis/road-rash-ii 
Road Rash III,30,8,,http://videogames.pricecharting.com/game/sega-genesis/road-rash-iii 
Robocop 3,2,1,,http://videogames.pricecharting.com/game/sega-genesis/robocop-3 
Robocop vs The Terminator,12,8,0,http://videogames.pricecharting.com/game/sega-genesis/robocop-vs-the-terminator 
Rocket Knight Adventures,30,30,0,http://videogames.pricecharting.com/game/sega-genesis/rocket-knight-adventures 
Rock n Roll Racing,4,1,0,http://videogames.pricecharting.com/game/sega-genesis/rock-%27n-roll-racing 
Roger Clemens MVP Baseball,1,1,0,http://videogames.pricecharting.com/game/sega-genesis/roger-clemens%27-mvp-baseball 
Rolling Thunder 2,4,4,0,http://videogames.pricecharting.com/game/sega-genesis/rolling-thunder-2 
Rolling Thunder 3,4,2,0,http://videogames.pricecharting.com/game/sega-genesis/rolling-thunder-3 
Rolo to the Rescue,1,1,0,http://videogames.pricecharting.com/game/sega-genesis/rolo-to-the-rescue 
Romance of the Three Kingdoms II,0,0,,http://videogames.pricecharting.com/game/sega-genesis/romance-of-the-three-kingdoms-ii 
Romance of the Three Kingdoms III Dragon of Destiny,1,1,,http://videogames.pricecharting.com/game/sega-genesis/romance-of-the-three-kingdoms-iii-dragon-of-destiny 
Rugby World Cup 95,1,1,0,http://videogames.pricecharting.com/game/sega-genesis/rugby-world-cup-95 
Sagaia,4,2,0,http://videogames.pricecharting.com/game/sega-genesis/sagaia 
Saint Sword,4,4,,http://videogames.pricecharting.com/game/sega-genesis/saint-sword 
Samurai Shodown,8,4,0,http://videogames.pricecharting.com/game/sega-genesis/samurai-shodown 
Saturday Night Slam Masters,4,1,0,http://videogames.pricecharting.com/game/sega-genesis/saturday-night-slam-masters 
Scooby-Doo Mystery,4,4,,http://videogames.pricecharting.com/game/sega-genesis/scooby-doo-mystery 
SeaQuest DSV,1,1,0,http://videogames.pricecharting.com/game/sega-genesis/seaquest-dsv 
Sega Channel Adaptor,0,,,http://videogames.pricecharting.com/game/sega-genesis/sega-channel-adaptor 
Sega Genesis 2 Console,4,1,,http://videogames.pricecharting.com/game/sega-genesis/sega-genesis-2-console 
Sega Genesis 3 Console,4,2,1,http://videogames.pricecharting.com/game/sega-genesis/sega-genesis-3-console 
Sega Genesis CDx Console,4,2,0,http://videogames.pricecharting.com/game/sega-genesis/sega-genesis-cdx-console 
Sega Genesis Console,0,0,0,http://videogames.pricecharting.com/game/sega-genesis/sega-genesis-console 
Sega Genesis Controller,1,,,http://videogames.pricecharting.com/game/sega-genesis/sega-genesis-controller 
Sega Genesis JVC XEye,1,0,,http://videogames.pricecharting.com/game/sega-genesis/sega-genesis-jvc-x%27eye 
Sega Nomad,1,,,http://videogames.pricecharting.com/game/sega-genesis/sega-nomad 
Separation Anxiety,8,4,0,http://videogames.pricecharting.com/game/sega-genesis/separation-anxiety 
Sesame Street Counting Cafe,1,1,0,http://videogames.pricecharting.com/game/sega-genesis/sesame-street-counting-cafe 
Shadow Blasters,4,4,0,http://videogames.pricecharting.com/game/sega-genesis/shadow-blasters 
Shadow Dancer The Secret of Shinobi,30,8,0,http://videogames.pricecharting.com/game/sega-genesis/shadow-dancer-the-secret-of-shinobi 
Shadow of the Beast,4,4,0,http://videogames.pricecharting.com/game/sega-genesis/shadow-of-the-beast 
Shadow of the Beast II,2,1,,http://videogames.pricecharting.com/game/sega-genesis/shadow-of-the-beast-ii 
Shadowrun,30,8,0,http://videogames.pricecharting.com/game/sega-genesis/shadowrun 
Shanghai II Dragons Eye,1,1,0,http://videogames.pricecharting.com/game/sega-genesis/shanghai-ii-dragon%27s-eye 
Shaq Fu,8,4,1,http://videogames.pricecharting.com/game/sega-genesis/shaq-fu 
Shining Force,30,8,0,http://videogames.pricecharting.com/game/sega-genesis/shining-force 
Shining Force II,12,8,0,http://videogames.pricecharting.com/game/sega-genesis/shining-force-ii 
Shining in the Darkness,8,12,0,http://videogames.pricecharting.com/game/sega-genesis/shining-in-the-darkness 
Shinobi III Return of the Ninja Master,30,12,0,http://videogames.pricecharting.com/game/sega-genesis/shinobi-iii-return-of-the-ninja-master 
Shove It,4,1,0,http://videogames.pricecharting.com/game/sega-genesis/shove-it 
Side Pocket,4,4,,http://videogames.pricecharting.com/game/sega-genesis/side-pocket 
Skeleton Krew,4,1,0,http://videogames.pricecharting.com/game/sega-genesis/skeleton-krew 
Skitchin,8,4,0,http://videogames.pricecharting.com/game/sega-genesis/skitchin 
Slaughter Sport,1,1,,http://videogames.pricecharting.com/game/sega-genesis/slaughter-sport 
Snow Brothers [Japan],4,,,http://videogames.pricecharting.com/game/sega-genesis/snow-brothers-%5Bjapan%5D 
Socket,4,2,0,http://videogames.pricecharting.com/game/sega-genesis/socket 
Sol-Deace,4,2,0,http://videogames.pricecharting.com/game/sega-genesis/sol-deace 
Soldiers of Fortune,4,4,0,http://videogames.pricecharting.com/game/sega-genesis/soldiers-of-fortune 
Sonic 3D Blast,30,8,0,http://videogames.pricecharting.com/game/sega-genesis/sonic-3d-blast 
Sonic and Knuckles,90,30,0,http://videogames.pricecharting.com/game/sega-genesis/sonic-and-knuckles 
Sonic Classics 3 In 1,8,2,0,http://videogames.pricecharting.com/game/sega-genesis/sonic-classics-3-in-1 
Sonic Spinball,30,8,0,http://videogames.pricecharting.com/game/sega-genesis/sonic-spinball 
Sonic the Hedgehog,90,60,1,http://videogames.pricecharting.com/game/sega-genesis/sonic-the-hedgehog 
Sonic the Hedgehog 2,90,60,1,http://videogames.pricecharting.com/game/sega-genesis/sonic-the-hedgehog-2 
Sonic the Hedgehog 3,90,30,1,http://videogames.pricecharting.com/game/sega-genesis/sonic-the-hedgehog-3 
Sorcerers Kingdom,4,1,,http://videogames.pricecharting.com/game/sega-genesis/sorcerer%27s-kingdom 
Space Harrier II,8,8,0,http://videogames.pricecharting.com/game/sega-genesis/space-harrier-ii 
Space Invaders 91,2,1,0,http://videogames.pricecharting.com/game/sega-genesis/space-invaders-91 
Sparkster,4,4,0,http://videogames.pricecharting.com/game/sega-genesis/sparkster 
Speedball 2,1,1,0,http://videogames.pricecharting.com/game/sega-genesis/speedball-2 
Spiderman,30,12,0,http://videogames.pricecharting.com/game/sega-genesis/spiderman 
Spiderman (1994),4,2,0,http://videogames.pricecharting.com/game/sega-genesis/spiderman-%281994%29 
Spiderman Maximum Carnage,30,12,0,http://videogames.pricecharting.com/game/sega-genesis/spiderman-maximum-carnage 
Spiderman Maximum Carnage Collectors Edition,0,0,,http://videogames.pricecharting.com/game/sega-genesis/spiderman-maximum-carnage-collector%27s-edition 
Spiderman X-Men Arcades Revenge,12,4,0,http://videogames.pricecharting.com/game/sega-genesis/spiderman-x-men-arcade%27s-revenge 
Spiritual Warfare,1,0,0,http://videogames.pricecharting.com/game/sega-genesis/spiritual-warfare 
Splatterhouse 2,12,4,0,http://videogames.pricecharting.com/game/sega-genesis/splatterhouse-2 
Splatterhouse 3,12,4,0,http://videogames.pricecharting.com/game/sega-genesis/splatterhouse-3 
Sports Talk Baseball,4,4,0,http://videogames.pricecharting.com/game/sega-genesis/sports-talk-baseball 
Spot Goes To Hollywood,4,4,0,http://videogames.pricecharting.com/game/sega-genesis/spot-goes-to-hollywood 
Star Control,4,4,0,http://videogames.pricecharting.com/game/sega-genesis/star-control 
Starflight,8,4,0,http://videogames.pricecharting.com/game/sega-genesis/starflight 
Stargate,4,4,0,http://videogames.pricecharting.com/game/sega-genesis/stargate 
Star Trek Deep Space Nine Crossroads of Time,2,1,0,http://videogames.pricecharting.com/game/sega-genesis/star-trek-deep-space-nine-crossroads-of-time 
Star Trek Next Generation Echoes From the Past,4,4,0,http://videogames.pricecharting.com/game/sega-genesis/star-trek-next-generation-echoes-from-the-past 
Steel Empire,12,4,0,http://videogames.pricecharting.com/game/sega-genesis/steel-empire 
Steel Talons,2,1,0,http://videogames.pricecharting.com/game/sega-genesis/steel-talons 
Stormlord,2,1,0,http://videogames.pricecharting.com/game/sega-genesis/stormlord 
Street Fighter II Special Champion Edition,60,30,1,http://videogames.pricecharting.com/game/sega-genesis/street-fighter-ii-special-champion-edition 
Street Smart,4,1,0,http://videogames.pricecharting.com/game/sega-genesis/street-smart 
Streets of Rage,30,30,0,http://videogames.pricecharting.com/game/sega-genesis/streets-of-rage 
Streets of Rage 2,60,30,0,http://videogames.pricecharting.com/game/sega-genesis/streets-of-rage-2 
Streets of Rage 3,30,8,0,http://videogames.pricecharting.com/game/sega-genesis/streets-of-rage-3 
Strider,12,12,0,http://videogames.pricecharting.com/game/sega-genesis/strider 
Strider Returns,4,4,0,http://videogames.pricecharting.com/game/sega-genesis/strider-returns 
Subterrania,8,4,4,http://videogames.pricecharting.com/game/sega-genesis/subterrania 
Summer Challenge,1,1,0,http://videogames.pricecharting.com/game/sega-genesis/summer-challenge 
Sunset Riders,30,8,0,http://videogames.pricecharting.com/game/sega-genesis/sunset-riders 
Super Baseball 2020,4,2,0,http://videogames.pricecharting.com/game/sega-genesis/super-baseball-2020 
Super Battleship,4,4,0,http://videogames.pricecharting.com/game/sega-genesis/super-battleship 
Super Battletank War in the Gulf,1,1,0,http://videogames.pricecharting.com/game/sega-genesis/super-battletank-war-in-the-gulf 
Super Hang-On,4,4,0,http://videogames.pricecharting.com/game/sega-genesis/super-hang-on 
Super High Impact,4,1,0,http://videogames.pricecharting.com/game/sega-genesis/super-high-impact 
Super Hydlide,4,4,0,http://videogames.pricecharting.com/game/sega-genesis/super-hydlide 
Superman,4,4,0,http://videogames.pricecharting.com/game/sega-genesis/superman 
Super Monaco GP,4,4,0,http://videogames.pricecharting.com/game/sega-genesis/super-monaco-gp 
Super Monaco GP II,4,2,,http://videogames.pricecharting.com/game/sega-genesis/super-monaco-gp-ii 
Super Off-Road,4,1,0,http://videogames.pricecharting.com/game/sega-genesis/super-off-road 
Super Smash TV,4,4,0,http://videogames.pricecharting.com/game/sega-genesis/super-smash-tv 
Super Street Fighter II,30,12,0,http://videogames.pricecharting.com/game/sega-genesis/super-street-fighter-ii 
Super Thunder Blade,4,4,0,http://videogames.pricecharting.com/game/sega-genesis/super-thunder-blade 
Super Volleyball,2,1,0,http://videogames.pricecharting.com/game/sega-genesis/super-volleyball 
Sword of Sodan,4,1,0,http://videogames.pricecharting.com/game/sega-genesis/sword-of-sodan 
Sword of Vermilion,4,8,0,http://videogames.pricecharting.com/game/sega-genesis/sword-of-vermilion 
Syd of Valis,4,2,0,http://videogames.pricecharting.com/game/sega-genesis/syd-of-valis 
Sylvester and Tweety in Cagey Capers,4,2,0,http://videogames.pricecharting.com/game/sega-genesis/sylvester-and-tweety-in-cagey-capers 
Syndicate,1,1,,http://videogames.pricecharting.com/game/sega-genesis/syndicate 
T2 The Arcade Game,8,8,0,http://videogames.pricecharting.com/game/sega-genesis/t2-the-arcade-game 
TaleSpin,8,4,0,http://videogames.pricecharting.com/game/sega-genesis/talespin 
Target Earth,4,4,0,http://videogames.pricecharting.com/game/sega-genesis/target-earth 
Task Force Harrier,2,1,,http://videogames.pricecharting.com/game/sega-genesis/task-force-harrier 
Taz in Escape from Mars,8,8,0,http://videogames.pricecharting.com/game/sega-genesis/taz-in-escape-from-mars 
Taz-Mania,30,12,0,http://videogames.pricecharting.com/game/sega-genesis/taz-mania 
Team USA Basketball,4,2,0,http://videogames.pricecharting.com/game/sega-genesis/team-usa-basketball 
Techno Clash,2,1,0,http://videogames.pricecharting.com/game/sega-genesis/techno-clash 
Techno Cop,4,2,0,http://videogames.pricecharting.com/game/sega-genesis/techno-cop 
Tecmo Super Baseball,1,1,0,http://videogames.pricecharting.com/game/sega-genesis/tecmo-super-baseball 
Tecmo Super Bowl,12,4,1,http://videogames.pricecharting.com/game/sega-genesis/tecmo-super-bowl 
Tecmo Super Bowl III,4,2,0,http://videogames.pricecharting.com/game/sega-genesis/tecmo-super-bowl-iii 
Tecmo Super Bowl II Special Edition,4,1,,http://videogames.pricecharting.com/game/sega-genesis/tecmo-super-bowl-ii-special-edition 
Tecmo Super Hockey,1,0,0,http://videogames.pricecharting.com/game/sega-genesis/tecmo-super-hockey 
Tecmo Super NBA Basketball,4,2,0,http://videogames.pricecharting.com/game/sega-genesis/tecmo-super-nba-basketball 
Tecmo World Cup 92,0,0,,http://videogames.pricecharting.com/game/sega-genesis/tecmo-world-cup-92 
Teenage Mutant Ninja Turtles Hyperstone Heist,30,12,0,http://videogames.pricecharting.com/game/sega-genesis/teenage-mutant-ninja-turtles-hyperstone-heist 
Teenage Mutant Ninja Turtles Tournament Fighters,30,8,0,http://videogames.pricecharting.com/game/sega-genesis/teenage-mutant-ninja-turtles-tournament-fighters 
Terminator,4,4,0,http://videogames.pricecharting.com/game/sega-genesis/terminator 
Terminator 2 Judgement Day,,,,http://videogames.pricecharting.com/game/sega-genesis/terminator-2-judgement-day 
The Addams Family,4,2,,http://videogames.pricecharting.com/game/sega-genesis/the-addams-family 
The Adventures of Rocky and Bullwinkle and Friends,1,1,,http://videogames.pricecharting.com/game/sega-genesis/the-adventures-of-rocky-and-bullwinkle-and-friends 
The Death and Return of Superman,4,4,0,http://videogames.pricecharting.com/game/sega-genesis/the-death-and-return-of-superman 
The Duel Test Drive II,2,1,0,http://videogames.pricecharting.com/game/sega-genesis/the-duel-test-drive-ii 
The Flintstones,4,1,,http://videogames.pricecharting.com/game/sega-genesis/the-flintstones 
The Great Circus Mystery Starring Mickey and Minnie,4,4,0,http://videogames.pricecharting.com/game/sega-genesis/the-great-circus-mystery-starring-mickey-and-minnie 
The Humans,4,4,0,http://videogames.pricecharting.com/game/sega-genesis/the-humans 
The Immortal,4,4,0,http://videogames.pricecharting.com/game/sega-genesis/the-immortal 
The Incredible Crash Dummies,,,,http://videogames.pricecharting.com/game/sega-genesis/the-incredible-crash-dummies 
The Incredible Hulk,4,4,0,http://videogames.pricecharting.com/game/sega-genesis/the-incredible-hulk 
The Jungle Book,12,4,0,http://videogames.pricecharting.com/game/sega-genesis/the-jungle-book 
The Lion King,60,30,1,http://videogames.pricecharting.com/game/sega-genesis/the-lion-king 
The Lost Vikings,12,8,0,http://videogames.pricecharting.com/game/sega-genesis/the-lost-vikings 
The Magic School Bus,1,0,,http://videogames.pricecharting.com/game/sega-genesis/the-magic-school-bus 
Theme Park,4,1,0,http://videogames.pricecharting.com/game/sega-genesis/theme-park 
The Ooze,8,2,0,http://videogames.pricecharting.com/game/sega-genesis/the-ooze 
The Punisher,12,4,0,http://videogames.pricecharting.com/game/sega-genesis/the-punisher 
The Revenge of Shinobi,30,12,0,http://videogames.pricecharting.com/game/sega-genesis/the-revenge-of-shinobi 
The Simpsons Barts Nightmare,12,4,0,http://videogames.pricecharting.com/game/sega-genesis/the-simpsons-bart%27s-nightmare 
The Simpsons Bart vs the Space Mutants,4,4,0,http://videogames.pricecharting.com/game/sega-genesis/the-simpsons-bart-vs-the-space-mutants 
The Tick,4,1,0,http://videogames.pricecharting.com/game/sega-genesis/the-tick 
Thomas the Tank Engine,2,1,0,http://videogames.pricecharting.com/game/sega-genesis/thomas-the-tank-engine 
Thunder Force II,8,8,0,http://videogames.pricecharting.com/game/sega-genesis/thunder-force-ii 
Thunder Force III,12,4,,http://videogames.pricecharting.com/game/sega-genesis/thunder-force-iii 
Thunder Fox,2,0,0,http://videogames.pricecharting.com/game/sega-genesis/thunder-fox 
Time Killers,4,1,0,http://videogames.pricecharting.com/game/sega-genesis/time-killers 
Tinhead,4,4,0,http://videogames.pricecharting.com/game/sega-genesis/tinhead 
Tiny Toon Adventures ACME All-Stars,4,4,0,http://videogames.pricecharting.com/game/sega-genesis/tiny-toon-adventures-acme-all-stars 
TNN Bass Tournament of Champions,1,0,0,http://videogames.pricecharting.com/game/sega-genesis/tnn-bass-tournament-of-champions 
TNN Outdoors Bass Tournament 96,2,1,0,http://videogames.pricecharting.com/game/sega-genesis/tnn-outdoors-bass-tournament-%2796 
Todds Adventures in Slime World,4,1,0,http://videogames.pricecharting.com/game/sega-genesis/todd%27s-adventures-in-slime-world 
ToeJam and Earl,30,30,0,http://videogames.pricecharting.com/game/sega-genesis/toejam-and-earl 
ToeJam and Earl in Panic on Funkotron,30,12,0,http://videogames.pricecharting.com/game/sega-genesis/toejam-and-earl-in-panic-on-funkotron 
Toki Going Ape Spit,4,4,0,http://videogames.pricecharting.com/game/sega-genesis/toki-going-ape-spit 
Tom and Jerry Frantic Antics,4,2,0,http://videogames.pricecharting.com/game/sega-genesis/tom-and-jerry-frantic-antics 
Tommy Lasorda Baseball,4,4,0,http://videogames.pricecharting.com/game/sega-genesis/tommy-lasorda-baseball 
Tony La Russa Baseball,1,1,0,http://videogames.pricecharting.com/game/sega-genesis/tony-la-russa-baseball 
Top Gear 2,4,1,0,http://videogames.pricecharting.com/game/sega-genesis/top-gear-2 
Toughman Contest,1,1,,http://videogames.pricecharting.com/game/sega-genesis/toughman-contest 
Toxic Crusaders,4,4,0,http://videogames.pricecharting.com/game/sega-genesis/toxic-crusaders 
Toys,1,0,0,http://videogames.pricecharting.com/game/sega-genesis/toys 
Toy Story,30,8,0,http://videogames.pricecharting.com/game/sega-genesis/toy-story 
Trampoline Terror,1,2,0,http://videogames.pricecharting.com/game/sega-genesis/trampoline-terror 
Traysia,4,1,0,http://videogames.pricecharting.com/game/sega-genesis/traysia 
Triple Play 96,2,1,0,http://videogames.pricecharting.com/game/sega-genesis/triple-play-96 
Triple Play Gold,1,1,0,http://videogames.pricecharting.com/game/sega-genesis/triple-play-gold 
Triple Score,1,1,,http://videogames.pricecharting.com/game/sega-genesis/triple-score 
Trouble Shooter,4,4,0,http://videogames.pricecharting.com/game/sega-genesis/trouble-shooter 
Troy Aikman NFL Football,1,1,0,http://videogames.pricecharting.com/game/sega-genesis/troy-aikman-nfl-football 
True Lies,4,4,,http://videogames.pricecharting.com/game/sega-genesis/true-lies 
Truxton,8,8,0,http://videogames.pricecharting.com/game/sega-genesis/truxton 
Turrican,4,2,0,http://videogames.pricecharting.com/game/sega-genesis/turrican 
Twin Cobra,4,4,,http://videogames.pricecharting.com/game/sega-genesis/twin-cobra 
Two Crude Dudes,4,4,0,http://videogames.pricecharting.com/game/sega-genesis/two-crude-dudes 
Tyrants Fight Through Time,2,1,0,http://videogames.pricecharting.com/game/sega-genesis/tyrants-fight-through-time 
Ultimate Mortal Kombat 3,30,4,0,http://videogames.pricecharting.com/game/sega-genesis/ultimate-mortal-kombat-3 
Ultimate Qix,4,1,0,http://videogames.pricecharting.com/game/sega-genesis/ultimate-qix 
Uncharted Waters,2,1,0,http://videogames.pricecharting.com/game/sega-genesis/uncharted-waters 
Uncharted Waters New Horizons,1,1,0,http://videogames.pricecharting.com/game/sega-genesis/uncharted-waters-new-horizons 
Universal Soldier,4,1,0,http://videogames.pricecharting.com/game/sega-genesis/universal-soldier 
Unnecessary Roughness 95,1,0,0,http://videogames.pricecharting.com/game/sega-genesis/unnecessary-roughness-%2795 
Urban Strike,8,4,0,http://videogames.pricecharting.com/game/sega-genesis/urban-strike 
Valis III,4,4,0,http://videogames.pricecharting.com/game/sega-genesis/valis-iii 
Valis The Fantasm Soldier,4,4,0,http://videogames.pricecharting.com/game/sega-genesis/valis-the-fantasm-soldier 
Vapor Trail: Hyper Offence Formation,2,2,,http://videogames.pricecharting.com/game/sega-genesis/vapor-trail-hyper-offence-formation 
Vectorman,30,8,4,http://videogames.pricecharting.com/game/sega-genesis/vectorman 
Vectorman 2,30,8,2,http://videogames.pricecharting.com/game/sega-genesis/vectorman-2 
Viewpoint,4,2,0,http://videogames.pricecharting.com/game/sega-genesis/viewpoint 
Virtua Fighter 2,4,1,0,http://videogames.pricecharting.com/game/sega-genesis/virtua-fighter-2 
Virtual Bart,8,2,0,http://videogames.pricecharting.com/game/sega-genesis/virtual-bart 
Virtual Pinball,1,1,0,http://videogames.pricecharting.com/game/sega-genesis/virtual-pinball 
Virtua Racing,12,8,0,http://videogames.pricecharting.com/game/sega-genesis/virtua-racing 
VR Troopers,4,1,,http://videogames.pricecharting.com/game/sega-genesis/vr-troopers 
Wacky Worlds Creativity Studio,4,1,0,http://videogames.pricecharting.com/game/sega-genesis/wacky-worlds-creativity-studio 
Wardner,4,1,0,http://videogames.pricecharting.com/game/sega-genesis/wardner 
Warlock,4,4,0,http://videogames.pricecharting.com/game/sega-genesis/warlock 
WarpSpeed,1,1,,http://videogames.pricecharting.com/game/sega-genesis/warpspeed 
Warrior of Rome,1,2,0,http://videogames.pricecharting.com/game/sega-genesis/warrior-of-rome 
Warrior of Rome II,1,1,0,http://videogames.pricecharting.com/game/sega-genesis/warrior-of-rome-ii 
Warsong,4,4,,http://videogames.pricecharting.com/game/sega-genesis/warsong 
Wayne Gretzky and the NHLPA All-Stars,1,0,0,http://videogames.pricecharting.com/game/sega-genesis/wayne-gretzky-and-the-nhlpa-all-stars 
Waynes World,2,2,0,http://videogames.pricecharting.com/game/sega-genesis/wayne%27s-world 
WeaponLord,4,1,,http://videogames.pricecharting.com/game/sega-genesis/weaponlord 
Whac-A-Critter,0,0,,http://videogames.pricecharting.com/game/sega-genesis/whac-a-critter 
Wheel of Fortune,4,4,0,http://videogames.pricecharting.com/game/sega-genesis/wheel-of-fortune 
Where in the World is Carmen Sandiego,1,0,,http://videogames.pricecharting.com/game/sega-genesis/where-in-the-world-is-carmen-sandiego 
Where in Time is Carmen Sandiego,4,1,0,http://videogames.pricecharting.com/game/sega-genesis/where-in-time-is-carmen-sandiego 
Whip Rush,4,4,,http://videogames.pricecharting.com/game/sega-genesis/whip-rush 
Williams Arcades Greatest Hits,4,1,0,http://videogames.pricecharting.com/game/sega-genesis/williams-arcade%27s-greatest-hits 
Wimbledon Championship Tennis,1,1,0,http://videogames.pricecharting.com/game/sega-genesis/wimbledon-championship-tennis 
Wings of Wor,4,4,0,http://videogames.pricecharting.com/game/sega-genesis/wings-of-wor 
Winter Challenge,1,1,,http://videogames.pricecharting.com/game/sega-genesis/winter-challenge 
Winter Olympic Games Lillehammer 94,1,1,0,http://videogames.pricecharting.com/game/sega-genesis/winter-olympic-games-lillehammer-94 
Wiz n Liz,4,4,0,http://videogames.pricecharting.com/game/sega-genesis/wiz-%27n%27-liz 
Wolfchild,4,2,,http://videogames.pricecharting.com/game/sega-genesis/wolfchild 
Wolverine Adamantium Rage,8,4,0,http://videogames.pricecharting.com/game/sega-genesis/wolverine-adamantium-rage 
Wonder Boy in Monster World,30,4,0,http://videogames.pricecharting.com/game/sega-genesis/wonder-boy-in-monster-world 
World Championship Soccer,1,1,0,http://videogames.pricecharting.com/game/sega-genesis/world-championship-soccer 
World Championship Soccer 2,1,1,0,http://videogames.pricecharting.com/game/sega-genesis/world-championship-soccer-2 
World Class Leader Board Golf,0,0,,http://videogames.pricecharting.com/game/sega-genesis/world-class-leader-board-golf 
World Cup USA 94,1,0,0,http://videogames.pricecharting.com/game/sega-genesis/world-cup-usa-94 
World Heroes,2,1,0,http://videogames.pricecharting.com/game/sega-genesis/world-heroes 
World of Illusion,30,8,0,http://videogames.pricecharting.com/game/sega-genesis/world-of-illusion 
World Series Baseball,4,4,0,http://videogames.pricecharting.com/game/sega-genesis/world-series-baseball 
World Series Baseball 95,4,1,1,http://videogames.pricecharting.com/game/sega-genesis/world-series-baseball-95 
World Series Baseball 96,2,0,0,http://videogames.pricecharting.com/game/sega-genesis/world-series-baseball-96 
World Series Baseball 98,1,0,0,http://videogames.pricecharting.com/game/sega-genesis/world-series-baseball-98 
World Trophy Soccer,0,0,,http://videogames.pricecharting.com/game/sega-genesis/world-trophy-soccer 
WWF Raw,8,4,,http://videogames.pricecharting.com/game/sega-genesis/wwf-raw 
WWF Royal Rumble,30,8,0,http://videogames.pricecharting.com/game/sega-genesis/wwf-royal-rumble 
WWF Super Wrestlemania,8,4,0,http://videogames.pricecharting.com/game/sega-genesis/wwf-super-wrestlemania 
WWF Wrestlemania Arcade Game,8,4,0,http://videogames.pricecharting.com/game/sega-genesis/wwf-wrestlemania-arcade-game 
X-Men,60,30,0,http://videogames.pricecharting.com/game/sega-genesis/x-men 
X-Men 2 The Clone Wars,30,8,0,http://videogames.pricecharting.com/game/sega-genesis/x-men-2-the-clone-wars 
X-Perts,1,0,0,http://videogames.pricecharting.com/game/sega-genesis/x-perts 
Ys III Wanderers from Ys,2,1,30,http://videogames.pricecharting.com/game/sega-genesis/ys-iii-wanderers-from-ys 
Zany Golf,1,0,0,http://videogames.pricecharting.com/game/sega-genesis/zany-golf 
Zero the Kamikaze Squirrel,1,0,0,http://videogames.pricecharting.com/game/sega-genesis/zero-the-kamikaze-squirrel 
Zero Tolerance,4,4,0,http://videogames.pricecharting.com/game/sega-genesis/zero-tolerance 
Zombies Ate My Neighbors,30,12,0,http://videogames.pricecharting.com/game/sega-genesis/zombies-ate-my-neighbors 
Zool Ninja of the Nth Dimension,1,1,0,http://videogames.pricecharting.com/game/sega-genesis/zool-ninja-of-the-nth-dimension 
Zoom,4,2,0,http://videogames.pricecharting.com/game/sega-genesis/zoom 
Zoop,4,1,1,http://videogames.pricecharting.com/game/sega-genesis/zoop 
