007 Legends,8.99,19.99,19.99,047875844704,33629,https://www.pricecharting.com/game/wii-u/007-legends 
Adventure Time: Explore the Dungeon Because I Don't Know,6.99,11.99,24.99,879278005112,34585,https://www.pricecharting.com/game/wii-u/adventure-time-explore-the-dungeon-because-i-don%27t-know 
Adventure Time: Finn and Jake Investigations,3.99,6.99,7.99,815403010682,36131,https://www.pricecharting.com/game/wii-u/adventure-time-finn-and-jake-investigations 
Amazing Spiderman,19.99,29.99,79.99,047875846371,33888,https://www.pricecharting.com/game/wii-u/amazing-spiderman 
Amazing Spiderman 2,13.99,19.99,29.99,047875849426,34838,https://www.pricecharting.com/game/wii-u/amazing-spiderman-2 
Angry Birds Star Wars,3.99,5.99,11.99,047875767881,34469,https://www.pricecharting.com/game/wii-u/angry-birds-star-wars 
Angry Birds Trilogy,14.99,19.99,34.99,047875767461,34159,https://www.pricecharting.com/game/wii-u/angry-birds-trilogy 
Animal Crossing Amiibo Festival,3.99,8.99,10.99,045496903879,36266,https://www.pricecharting.com/game/wii-u/animal-crossing-amiibo-festival 
Animal Crossing Amiibo Festival [amiibo Bundle],3.99,4.99,8.99,045496903817,45081,https://www.pricecharting.com/game/wii-u/animal-crossing-amiibo-festival-%5bamiibo-bundle%5d 
Assassin's Creed III,3.99,3.99,8.99,008888187233008888187370,33310,https://www.pricecharting.com/game/wii-u/assassin%27s-creed-iii 
Assassin's Creed IV: Black Flag,6.99,9.99,29.99,008888188117,34473,https://www.pricecharting.com/game/wii-u/assassin%27s-creed-iv-black-flag 
Barbie and Her Sisters: Puppy Rescue,7.99,9.99,18.99,815403010835,36214,https://www.pricecharting.com/game/wii-u/barbie-and-her-sisters-puppy-rescue 
Barbie: Dreamhouse Party,13.99,19.99,29.99,815403010286,34591,https://www.pricecharting.com/game/wii-u/barbie-dreamhouse-party 
Batman: Arkham City Armored Edition,7.99,10.99,29.99,883929255122883929254736,33312,https://www.pricecharting.com/game/wii-u/batman-arkham-city-armored-edition 
Batman: Arkham Origins,6.99,11.99,29.99,883929319640883929326730,34460,https://www.pricecharting.com/game/wii-u/batman-arkham-origins 
Bayonetta 2,12.99,29.99,54.99,045496903466,35450,https://www.pricecharting.com/game/wii-u/bayonetta-2 
Bayonetta 2 (Single Disc),12.99,18.99,29.99,045496904210,36933,https://www.pricecharting.com/game/wii-u/bayonetta-2-%28single-disc%29 
Ben 10: Omniverse,7.99,10.99,19.99,879278350007,33634,https://www.pricecharting.com/game/wii-u/ben-10-omniverse 
Ben 10: Omniverse 2,13.99,24.99,39.99,879278005129,34506,https://www.pricecharting.com/game/wii-u/ben-10-omniverse-2 
Brunswick Pro Bowling,6.99,6.99,11.99,862001000058,37481,https://www.pricecharting.com/game/wii-u/brunswick-pro-bowling 
Cabela's Big Game Hunter: Pro Hunts,44.99,74.99,119.99,047875770096,34758,https://www.pricecharting.com/game/wii-u/cabela%27s-big-game-hunter-pro-hunts 
Cabela's Dangerous Hunts 2013,6.99,11.99,19.99,047875769618047875769625,33570,https://www.pricecharting.com/game/wii-u/cabela%27s-dangerous-hunts-2013 
Call of Duty Black Ops II,14.99,19.99,39.99,047875843875047875843882,33398,https://www.pricecharting.com/game/wii-u/call-of-duty-black-ops-ii 
Call of Duty Ghosts,10.99,11.99,19.99,047875846852047875846869,34509,https://www.pricecharting.com/game/wii-u/call-of-duty-ghosts 
Captain Toad: Treasure Tracker,7.99,9.99,24.99,045496903459,35398,https://www.pricecharting.com/game/wii-u/captain-toad-treasure-tracker 
Captain Toad: Treasure Tracker [amiibo Bundle],10.99,19.99,44.99,045496904371,37771,https://www.pricecharting.com/game/wii-u/captain-toad-treasure-tracker-%5bamiibo-bundle%5d 
Cars 3 Driven to Win,7.99,8.99,9.99,883929589067,37757,https://www.pricecharting.com/game/wii-u/cars-3-driven-to-win 
Darksiders II,8.99,12.99,24.99,785138322711,33399,https://www.pricecharting.com/game/wii-u/darksiders-ii 
Darksiders Warmastered Edition,9.99,12.99,17.99,811994020635,37790,https://www.pricecharting.com/game/wii-u/darksiders-warmastered-edition 
Deus Ex: Human Revolution Director's Cut,24.99,29.99,44.99,662248913254662248913261,34456,https://www.pricecharting.com/game/wii-u/deus-ex-human-revolution-director%27s-cut 
Devil's Third,114.99,264.99,344.99,045496903442,36332,https://www.pricecharting.com/game/wii-u/devil%27s-third 
Disney Infinity 3.0 Starter Pack,7.99,8.99,11.99,712725026745,35918,https://www.pricecharting.com/game/wii-u/disney-infinity-30-starter-pack 
Disney Infinity Starter Pack,11.99,19.99,24.99,712725023645712725024208,34174,https://www.pricecharting.com/game/wii-u/disney-infinity-starter-pack 
Disney Infinity: Marvel Super Heroes Starter Pak 2.0,18.99,19.99,29.99,712725025663,35078,https://www.pricecharting.com/game/wii-u/disney-infinity-marvel-super-heroes-starter-pak-20 
Disney Infinity: Toy Box Starter Pack 2.0,7.99,17.99,24.99,712725025564,35271,https://www.pricecharting.com/game/wii-u/disney-infinity-toy-box-starter-pack-20 
Disney's Planes,ND,ND,ND,,,https://www.pricecharting.com/game/wii-u/disney%27s-planes 
Donkey Kong Country: Tropical Freeze,8.99,11.99,29.99,045496903190,34695,https://www.pricecharting.com/game/wii-u/donkey-kong-country-tropical-freeze 
Donkey Kong Country: Tropical Freeze: Nintendo Selects,8.99,10.99,19.99,045496904241,36490,https://www.pricecharting.com/game/wii-u/donkey-kong-country-tropical-freeze-nintendo-selects 
DuckTales Remastered,19.99,24.99,54.99,013388390076,34527,https://www.pricecharting.com/game/wii-u/ducktales-remastered 
ESPN Sports Connection,6.99,7.99,19.99,008888187189008888187615,33323,https://www.pricecharting.com/game/wii-u/espn-sports-connection 
Epic Mickey 2: The Power of Two,3.99,6.99,14.99,712725022440712725023041,33403,https://www.pricecharting.com/game/wii-u/epic-mickey-2-the-power-of-two 
FIFA Soccer 13,6.99,6.99,24.99,014633197617,33326,https://www.pricecharting.com/game/wii-u/fifa-soccer-13 
Family Party: 30 Great Games Obstacle Arcade,3.99,3.99,7.99,879278350038,33574,https://www.pricecharting.com/game/wii-u/family-party-30-great-games-obstacle-arcade 
Fast and the Furious: Showdown,13.99,19.99,29.99,047875767386,34034,https://www.pricecharting.com/game/wii-u/fast-and-the-furious-showdown 
Funky Barn,19.99,44.99,84.99,812872012193,34328,https://www.pricecharting.com/game/wii-u/funky-barn 
Game & Wario,74.99,89.99,134.99,045496903138,34084,https://www.pricecharting.com/game/wii-u/game-&-wario 
Game Party Champions,2.99,5.99,8.99,883929280490883929280483,33327,https://www.pricecharting.com/game/wii-u/game-party-champions 
Gamecube Controller Adapter,24.99,29.99,44.99,045496891619,50228,https://www.pricecharting.com/game/wii-u/gamecube-controller-adapter 
Giana Sisters Twisted Dreams Director's Cut,4.99,7.99,11.99,862001000041,36435,https://www.pricecharting.com/game/wii-u/giana-sisters-twisted-dreams-director%27s-cut 
Guitar Hero Live 2 Pack Bundle,39.99,44.99,64.99,047875876163,36139,https://www.pricecharting.com/game/wii-u/guitar-hero-live-2-pack-bundle 
Guitar Hero Live Bundle,4.99,34.99,49.99,047875874244,36142,https://www.pricecharting.com/game/wii-u/guitar-hero-live-bundle 
Hello Kitty Kruisers,24.99,29.99,49.99,793573035912,35451,https://www.pricecharting.com/game/wii-u/hello-kitty-kruisers 
Hot Wheels: World's Best Driver,19.99,19.99,39.99,883929360734883929361878,34280,https://www.pricecharting.com/game/wii-u/hot-wheels-world's-best-driver 
How to Train Your Dragon 2,18.99,24.99,34.99,815403010415,34931,https://www.pricecharting.com/game/wii-u/how-to-train-your-dragon-2 
Hyrule Warriors,7.99,9.99,34.99,045496903435,35089,https://www.pricecharting.com/game/wii-u/hyrule-warriors 
Hyrule Warriors: Limited Edition,339.99,1759.99,2254.99,,35090,https://www.pricecharting.com/game/wii-u/hyrule-warriors-limited-edition 
Injustice: Gods Among Us,6.99,6.99,19.99,883929266333883929266326,33981,https://www.pricecharting.com/game/wii-u/injustice-gods-among-us 
Jeopardy!,14.99,24.99,44.99,785138322698,33631,https://www.pricecharting.com/game/wii-u/jeopardy 
Just Dance 2014,2.99,3.99,14.99,008888188223008888188247,34319,https://www.pricecharting.com/game/wii-u/just-dance-2014 
Just Dance 2014 Wii Remote Bundle,24.99,29.99,39.99,008888188797,34321,https://www.pricecharting.com/game/wii-u/just-dance-2014-wii-remote-bundle 
Just Dance 2015,3.99,3.99,11.99,887256301101,35193,https://www.pricecharting.com/game/wii-u/just-dance-2015 
Just Dance 2016,3.99,3.99,11.99,887256014001887256014315,36153,https://www.pricecharting.com/game/wii-u/just-dance-2016 
Just Dance 2016: Gold Edition,13.99,15.99,34.99,887256014278,36159,https://www.pricecharting.com/game/wii-u/just-dance-2016-gold-edition 
Just Dance 2017,3.99,5.99,6.99,887256023041887256023096,37044,https://www.pricecharting.com/game/wii-u/just-dance-2017 
Just Dance 2017 Gold Edition,13.99,15.99,29.99,887256023201,37051,https://www.pricecharting.com/game/wii-u/just-dance-2017-gold-edition 
Just Dance 2018,8.99,11.99,17.99,887256028602887256028619,40323,https://www.pricecharting.com/game/wii-u/just-dance-2018 
Just Dance 2019,34.99,34.99,64.99,887256036249,52663,https://www.pricecharting.com/game/wii-u/just-dance-2019 
Just Dance 4,3.99,6.99,10.99,008888187202008888187486,33332,https://www.pricecharting.com/game/wii-u/just-dance-4 
Just Dance Kids 2014,6.99,7.99,19.99,008888188162008888188179,34432,https://www.pricecharting.com/game/wii-u/just-dance-kids-2014 
Just Dance: Disney Party 2,3.99,6.99,11.99,887256014216,36160,https://www.pricecharting.com/game/wii-u/just-dance-disney-party-2 
Kirby and the Rainbow Curse,19.99,24.99,44.99,045496903497,35560,https://www.pricecharting.com/game/wii-u/kirby-and-the-rainbow-curse 
Kung Fu Panda Showdown of the Legendary Legends,7.99,9.99,19.99,815403010620,36315,https://www.pricecharting.com/game/wii-u/kung-fu-panda-showdown-of-the-legendary-legends 
LEGO Batman 2,3.99,6.99,12.99,883929243709,34037,https://www.pricecharting.com/game/wii-u/lego-batman-2 
LEGO Batman 3: Beyond Gotham,2.99,2.99,7.99,883929427390883929427444,35306,https://www.pricecharting.com/game/wii-u/lego-batman-3-beyond-gotham 
LEGO City Undercover,3.99,4.99,14.99,045496902971045496904401,33928,https://www.pricecharting.com/game/wii-u/lego-city-undercover 
LEGO Dimensions Starter Pack,3.99,4.99,13.99,883929450398,36074,https://www.pricecharting.com/game/wii-u/lego-dimensions-starter-pack 
LEGO Jurassic World,3.99,3.99,6.99,883929472840883929473076,35779,https://www.pricecharting.com/game/wii-u/lego-jurassic-world 
LEGO Marvel Super Heroes,2.99,3.99,9.99,883929319718883929326969,34435,https://www.pricecharting.com/game/wii-u/lego-marvel-super-heroes 
LEGO Marvel's Avengers,3.99,3.99,9.99,883929474066883929474035,36410,https://www.pricecharting.com/game/wii-u/lego-marvel's-avengers 
LEGO Movie Videogame,1.99,2.99,4.99,883929375295883929374465,34671,https://www.pricecharting.com/game/wii-u/lego-movie-videogame 
LEGO Star Wars The Force Awakens,2.99,3.99,6.99,883929531837883929531882,36683,https://www.pricecharting.com/game/wii-u/lego-star-wars-the-force-awakens 
LEGO The Hobbit,4.99,6.99,15.99,883929399277883929399215,34806,https://www.pricecharting.com/game/wii-u/lego-the-hobbit 
Legend of Kay Anniversary,8.99,8.99,13.99,811994020321,35832,https://www.pricecharting.com/game/wii-u/legend-of-kay-anniversary 
Madden NFL 13,3.99,8.99,29.99,014633197358,33337,https://www.pricecharting.com/game/wii-u/madden-nfl-13 
Mario & Sonic at the Rio 2016 Olympic Games,44.99,54.99,79.99,045496904302,36678,https://www.pricecharting.com/game/wii-u/mario-&-sonic-at-the-rio-2016-olympic-games 
Mario & Sonic at the Sochi 2014 Olympic Games,11.99,14.99,44.99,045496903206045496903268,34554,https://www.pricecharting.com/game/wii-u/mario-&-sonic-at-the-sochi-2014-olympic-games 
Mario & Sonic at the Sochi 2014 Olympic Games [Controller Bundle]pardltrpar,64.99,109.99,154.99,045496903275,34555,https://www.pricecharting.com/game/wii-u/mario-&-sonic-at-the-sochi-2014-olympic-games-%5bcontroller-bundle%5d 
Mario Kart 8,11.99,12.99,39.99,045496903367045496903381,34919,https://www.pricecharting.com/game/wii-u/mario-kart-8 
Mario Kart 8 Limited Edition,889.99,1084.99,1519.99,,34960,https://www.pricecharting.com/game/wii-u/mario-kart-8-limited-edition 
Mario Party 10,18.99,19.99,44.99,045496903510045496903718,35693,https://www.pricecharting.com/game/wii-u/mario-party-10 
Mario Party 10 Bowser [amiibo Bundle],19.99,19.99,64.99,045496904364,37786,https://www.pricecharting.com/game/wii-u/mario-party-10-bowser-%5bamiibo-bundle%5d 
Mario Party 10 Mario [amiibo Bundle],19.99,19.99,64.99,045496903701,35694,https://www.pricecharting.com/game/wii-u/mario-party-10-mario-%5bamiibo-bundle%5d 
Mario Party 10 Peach [amiibo Bundle],24.99,59.99,84.99,045496904357,37787,https://www.pricecharting.com/game/wii-u/mario-party-10-peach-%5bamiibo-bundle%5d 
Mario Tennis Ultra Smash,9.99,11.99,13.99,045496903770,36280,https://www.pricecharting.com/game/wii-u/mario-tennis-ultra-smash 
Marvel Avengers: Battle For Earth,4.99,9.99,29.99,008888187387008888187516,33579,https://www.pricecharting.com/game/wii-u/marvel-avengers-battle-for-earth 
Mass Effect 3,4.99,6.99,10.99,014633197846,33338,https://www.pricecharting.com/game/wii-u/mass-effect-3 
Mighty No. 9,3.99,4.99,7.99,816819012734816819012727,36428,https://www.pricecharting.com/game/wii-u/mighty-no-9 
Minecraft,12.99,19.99,39.99,045496904296,36667,https://www.pricecharting.com/game/wii-u/minecraft 
Minecraft: Story Mode Complete Adventure,11.99,14.99,29.99,894515001696894515001740,37479,https://www.pricecharting.com/game/wii-u/minecraft-story-mode-complete-adventure 
Monster High: 13 Wishes,6.99,12.99,19.99,815403010248,34487,https://www.pricecharting.com/game/wii-u/monster-high-13-wishes 
Monster High: New Ghoul in School,3.99,7.99,15.99,815403010781,36294,https://www.pricecharting.com/game/wii-u/monster-high-new-ghoul-in-school 
Monster Hunter 3 Ultimate,7.99,12.99,29.99,013388390014013388914005,33929,https://www.pricecharting.com/game/wii-u/monster-hunter-3-ultimate 
NBA 2K13,9.99,13.99,29.99,710425442223,33383,https://www.pricecharting.com/game/wii-u/nba-2k13 
NES Remix Pack,12.99,18.99,49.99,045496903374,35399,https://www.pricecharting.com/game/wii-u/nes-remix-pack 
NES Remix Pack: Nintendo Selects,19.99,19.99,29.99,045496904265,36494,https://www.pricecharting.com/game/wii-u/nes-remix-pack-nintendo-selects 
Need for Speed Most Wanted,12.99,14.99,39.99,014633197495014633733266,33931,https://www.pricecharting.com/game/wii-u/need-for-speed-most-wanted 
New Super Luigi U,17.99,24.99,134.99,045496903152,34225,https://www.pricecharting.com/game/wii-u/new-super-luigi-u 
New Super Mario Bros. U,10.99,13.99,49.99,045496902995,33397,https://www.pricecharting.com/game/wii-u/new-super-mario-bros-u 
New Super Mario Bros. U + New Super Luigi U,13.99,17.99,54.99,045496903749045496903251,35650,https://www.pricecharting.com/game/wii-u/new-super-mario-bros-u-+-new-super-luigi-u 
Ninja Gaiden 3: Razor's Edge,3.99,6.99,9.99,045496902964,33405,https://www.pricecharting.com/game/wii-u/ninja-gaiden-3-razor's-edge 
Nintendo Fit Meter,ND,ND,ND,,,https://www.pricecharting.com/game/wii-u/nintendo-fit-meter 
Nintendo Land,4.99,6.99,19.99,045496903008045496903060,33396,https://www.pricecharting.com/game/wii-u/nintendo-land 
Nintendo Land with Luigi Wii Remote,ND,ND,ND,,,https://www.pricecharting.com/game/wii-u/nintendo-land-with-luigi-wii-remote 
Pac-Man and the Ghostly Adventures,7.99,9.99,14.99,722674810043,34489,https://www.pricecharting.com/game/wii-u/pac-man-and-the-ghostly-adventures 
Pac-Man and the Ghostly Adventures 2,8.99,14.99,24.99,722674820066,35170,https://www.pricecharting.com/game/wii-u/pac-man-and-the-ghostly-adventures-2 
Paper Mario Color Splash,29.99,39.99,59.99,045496904326,36974,https://www.pricecharting.com/game/wii-u/paper-mario-color-splash 
Penguins of Madagascar,7.99,19.99,29.99,815403010569,35385,https://www.pricecharting.com/game/wii-u/penguins-of-madagascar 
Phineas & Ferb: Quest for Cool Stuff,19.99,29.99,84.99,096427018001,34164,https://www.pricecharting.com/game/wii-u/phineas-&-ferb-quest-for-cool-stuff 
Pikmin 3,10.99,12.99,29.99,045496902988,34143,https://www.pricecharting.com/game/wii-u/pikmin-3 
Pikmin 3: Nintendo Selects,10.99,12.99,24.99,045496904258,36493,https://www.pricecharting.com/game/wii-u/pikmin-3-nintendo-selects 
Planes: Fire & Rescue,11.99,19.99,59.99,815403010576,35276,https://www.pricecharting.com/game/wii-u/planes-fire-&-rescue 
Pokken Tournament,6.99,6.99,29.99,045496904227,36567,https://www.pricecharting.com/game/wii-u/pokken-tournament 
Rabbids Land,7.99,10.99,29.99,008888187677008888187684,33341,https://www.pricecharting.com/game/wii-u/rabbids-land 
Rapala Pro Bass Fishing,24.99,34.99,49.99,047875767317,33582,https://www.pricecharting.com/game/wii-u/rapala-pro-bass-fishing 
Rayman Legends,8.99,11.99,29.99,008888187660008888187691,34245,https://www.pricecharting.com/game/wii-u/rayman-legends 
Resident Evil Revelations,10.99,12.99,24.99,013388390021013388914012,34040,https://www.pricecharting.com/game/wii-u/resident-evil-revelations 
Rise Of The Guardians,9.99,11.99,29.99,879278350014,33584,https://www.pricecharting.com/game/wii-u/rise-of-the-guardians 
Rodea the Sky Soldier,11.99,15.99,24.99,813633015156,36261,https://www.pricecharting.com/game/wii-u/rodea-the-sky-soldier 
Rodea the Sky Soldier Limited Edition,54.99,64.99,99.99,635231875846,36436,https://www.pricecharting.com/game/wii-u/rodea-the-sky-soldier-limited-edition 
Runbow Deluxe Edition,4.99,13.99,19.99,865790000131,37480,https://www.pricecharting.com/game/wii-u/runbow-deluxe-edition 
SING Party,1.99,3.99,13.99,045496903022045496903053,33407,https://www.pricecharting.com/game/wii-u/sing-party 
Scribblenauts Unlimited,3.99,3.99,8.99,883929161973,33346,https://www.pricecharting.com/game/wii-u/scribblenauts-unlimited 
Scribblenauts Unmasked: A DC Comics Adventure,3.99,3.99,9.99,883929323302883929331017,34294,https://www.pricecharting.com/game/wii-u/scribblenauts-unmasked-a-dc-comics-adventure 
Scribblenauts Unmasked: A DC Comics Adventure [DVD Bundle],3.99,12.99,19.99,883929370825,38409,https://www.pricecharting.com/game/wii-u/scribblenauts-unmasked-a-dc-comics-adventure-%5bdvd-bundle%5d 
Shantae Half-Genie Hero,24.99,44.99,59.99,859716006017,37188,https://www.pricecharting.com/game/wii-u/shantae-half-genie-hero 
Shovel Knight,11.99,19.99,39.99,812303010439,36231,https://www.pricecharting.com/game/wii-u/shovel-knight 
Skylander's Giants Starter Pack,12.99,14.99,19.99,047875844377,33411,https://www.pricecharting.com/game/wii-u/skylander's-giants-starter-pack 
Skylanders Imaginators: Starter Pack,ND,ND,ND,,,https://www.pricecharting.com/game/wii-u/skylanders-imaginators-starter-pack- 
Skylanders SuperChargers Starter Pack,9.99,15.99,19.99,047875875104,35990,https://www.pricecharting.com/game/wii-u/skylanders-superchargers-starter-pack 
Skylanders SuperChargers: Dark Edition Starter Pack,29.99,54.99,79.99,047875875692,35996,https://www.pricecharting.com/game/wii-u/skylanders-superchargers-dark-edition-starter-pack 
Skylanders Swap Force: Starter Pack,9.99,18.99,29.99,047875847163,34410,https://www.pricecharting.com/game/wii-u/skylanders-swap-force-starter-pack 
Skylanders Trap Team Dark Edition: Starter Pack,29.99,29.99,74.99,047875871908,35132,https://www.pricecharting.com/game/wii-u/skylanders-trap-team-dark-edition-starter-pack 
Skylanders Trap Team: Starter Pack,9.99,19.99,34.99,047875870451,35126,https://www.pricecharting.com/game/wii-u/skylanders-trap-team-starter-pack 
Sniper Elite V2,8.99,13.99,39.99,812872014289,35452,https://www.pricecharting.com/game/wii-u/sniper-elite-v2 
Snoopy's Grand Adventure,6.99,8.99,10.99,047875770867,36229,https://www.pricecharting.com/game/wii-u/snoopy's-grand-adventure 
Sonic & All-Stars Racing Transformed,8.99,10.99,19.99,010086671018,33349,https://www.pricecharting.com/game/wii-u/sonic-&-all-stars-racing-transformed 
Sonic Boom: Rise of Lyric,10.99,19.99,59.99,010086671100,35313,https://www.pricecharting.com/game/wii-u/sonic-boom-rise-of-lyric 
Sonic Lost World,15.99,19.99,44.99,010086671063,34495,https://www.pricecharting.com/game/wii-u/sonic-lost-world 
Splatoon,6.99,9.99,39.99,045496903527,35765,https://www.pricecharting.com/game/wii-u/splatoon 
Splinter Cell: Blacklist,8.99,12.99,19.99,008888187462,34187,https://www.pricecharting.com/game/wii-u/splinter-cell-blacklist 
Splinter Cell: Blacklist Upper Echelon Edition,7.99,13.99,19.99,008888198352008888188575,34956,https://www.pricecharting.com/game/wii-u/splinter-cell-blacklist-upper-echelon-edition 
SpongeBob SquarePants: Plankton's Robotic Revenge,10.99,12.99,49.99,047875767546047875767553,34448,https://www.pricecharting.com/game/wii-u/spongebob-squarepants-plankton's-robotic-revenge 
Star Fox Guard,1.99,2.99,3.99,045496904289,37156,https://www.pricecharting.com/game/wii-u/star-fox-guard 
Star Fox Zero,6.99,9.99,13.99,045496904272,36571,https://www.pricecharting.com/game/wii-u/star-fox-zero 
Star Fox Zero & Star Fox Guard Bundle,6.99,10.99,14.99,045496903794,45082,https://www.pricecharting.com/game/wii-u/star-fox-zero-&-star-fox-guard-bundle 
SteamWorld Collection,15.99,39.99,59.99,887195000295,37088,https://www.pricecharting.com/game/wii-u/steamworld-collection 
Super Mario 3D World,9.99,11.99,34.99,045496903213,34615,https://www.pricecharting.com/game/wii-u/super-mario-3d-world 
Super Mario 3D World: Nintendo Selects,10.99,12.99,29.99,045496904234,36492,https://www.pricecharting.com/game/wii-u/super-mario-3d-world-nintendo-selects 
Super Mario Maker,6.99,9.99,34.99,045496903800,35958,https://www.pricecharting.com/game/wii-u/super-mario-maker 
Super Smash Bros. for Wii U,ND,ND,ND,,,https://www.pricecharting.com/game/wii-u/super-smash-bros-for-wii-u 
Super Smash Bros. for Wii U [Controller Bundle],ND,ND,ND,,,https://www.pricecharting.com/game/wii-u/super-smash-bros-for-wii-u-%5bcontroller-bundle%5d 
Tank! Tank! Tank!,19.99,24.99,44.99,722674810005,33406,https://www.pricecharting.com/game/wii-u/tank-tank-tank 
Tekken Tag Tournament 2,19.99,29.99,64.99,722674810012,33417,https://www.pricecharting.com/game/wii-u/tekken-tag-tournament-2 
Terraria,7.99,12.99,24.99,812872018560,36690,https://www.pricecharting.com/game/wii-u/terraria 
The Book of Unwritten Tales 2,39.99,209.99,319.99,811994020437,36664,https://www.pricecharting.com/game/wii-u/the-book-of-unwritten-tales-2 
The Croods: Prehistoric Party,19.99,34.99,54.99,879278350021,33921,https://www.pricecharting.com/game/wii-u/the-croods-prehistoric-party 
The Smurfs 2,7.99,12.99,49.99,008888188148008888188155,34128,https://www.pricecharting.com/game/wii-u/the-smurfs-2 
The Voice with Microphone,10.99,13.99,29.99,047875770256,35206,https://www.pricecharting.com/game/wii-u/the-voice-with-microphone 
Tokyo Mirage Sessions #FE,7.99,13.99,15.99,045496904319,36680,https://www.pricecharting.com/game/wii-u/tokyo-mirage-sessions-fe 
Tokyo Mirage Sessions #FE: Special Edition,19.99,44.99,69.99,045496904333,36679,https://www.pricecharting.com/game/wii-u/tokyo-mirage-sessions-fe-special-edition 
Transformers: Prime,7.99,8.99,19.99,047875845817,33418,https://www.pricecharting.com/game/wii-u/transformers-prime 
Transformers: Rise of the Dark Spark,7.99,10.99,34.99,047875849549,34948,https://www.pricecharting.com/game/wii-u/transformers-rise-of-the-dark-spark 
Tumblestone,17.99,17.99,24.99,868738000200,37080,https://www.pricecharting.com/game/wii-u/tumblestone 
Turbo: Super Stunt Squad,54.99,144.99,294.99,879278350045879278005105,34110,https://www.pricecharting.com/game/wii-u/turbo-super-stunt-squad 
Walking Dead: Survival Instinct,10.99,18.99,34.99,047875767423047875767430,33934,https://www.pricecharting.com/game/wii-u/walking-dead-survival-instinct 
Warriors Orochi 3 Hyper,9.99,14.99,24.99,040198002301,33419,https://www.pricecharting.com/game/wii-u/warriors-orochi-3-hyper 
Watch Dogs,9.99,14.99,39.99,008888188049008888188056,34913,https://www.pricecharting.com/game/wii-u/watch-dogs 
Wheel of Fortune,24.99,34.99,79.99,785138322704,33633,https://www.pricecharting.com/game/wii-u/wheel-of-fortune 
Wii Fit U (game only),3.99,4.99,6.99,045496903114,36525,https://www.pricecharting.com/game/wii-u/wii-fit-u-(game-only) 
Wii Fit U with Balance Board and Fit Meter,24.99,29.99,69.99,045496903107,34646,https://www.pricecharting.com/game/wii-u/wii-fit-u-with-balance-board-and-fit-meter 
Wii Fit U with Fit Meter,3.99,7.99,14.99,045496903091,34645,https://www.pricecharting.com/game/wii-u/wii-fit-u-with-fit-meter 
Wii Party U,39.99,44.99,79.99,045496903305,35453,https://www.pricecharting.com/game/wii-u/wii-party-u 
Wii Sports Club,39.99,54.99,69.99,045496903398,34979,https://www.pricecharting.com/game/wii-u/wii-sports-club 
Wii U Console Basic White 8GB,104.99,159.99,434.99,045496880859,33364,https://www.pricecharting.com/game/wii-u/wii-u-console-basic-white-8gb 
Wii U Console Deluxe Black 32GB,149.99,189.99,644.99,045496880866,33363,https://www.pricecharting.com/game/wii-u/wii-u-console-deluxe-black-32gb 
Wii U Console Deluxe: Mario & Luigi Edition,169.99,189.99,444.99,045496881245,34958,https://www.pricecharting.com/game/wii-u/wii-u-console-deluxe-mario-&-luigi-edition 
Wii U Console Deluxe: Mario Kart 8 Edition,164.99,169.99,339.99,045496881733,34957,https://www.pricecharting.com/game/wii-u/wii-u-console-deluxe-mario-kart-8-edition 
Wii U Console Deluxe: Smash Splat Edition,ND,ND,ND,,,https://www.pricecharting.com/game/wii-u/wii-u-console-deluxe-smash-splat-edition 
Wii U Console Deluxe: Super Mario World Edition,164.99,189.99,629.99,045496881627,37113,https://www.pricecharting.com/game/wii-u/wii-u-console-deluxe-super-mario-world-edition 
Wii U Console Deluxe: Zelda Wind Waker Edition,229.99,329.99,859.99,045496881238,34959,https://www.pricecharting.com/game/wii-u/wii-u-console-deluxe-zelda-wind-waker-edition 
Wii U Console Deluxe: ZombiU Edition,174.99,194.99,274.99,,34822,https://www.pricecharting.com/game/wii-u/wii-u-console-deluxe-zombiu-edition 
Wii U Party [Controller Bundle],49.99,64.99,84.99,045496903183,45083,https://www.pricecharting.com/game/wii-u/wii-u-party-%5bcontroller-bundle%5d 
Wii U Pro Controller Black,24.99,49.99,104.99,045496891022,33366,https://www.pricecharting.com/game/wii-u/wii-u-pro-controller-black 
Wii U Pro Controller White,24.99,34.99,94.99,045496891039,33367,https://www.pricecharting.com/game/wii-u/wii-u-pro-controller-white 
Wipeout 3,6.99,8.99,29.99,047875769366047875769373,33420,https://www.pricecharting.com/game/wii-u/wipeout-3 
Wipeout: Create & Crash,8.99,12.99,34.99,047875767669,34420,https://www.pricecharting.com/game/wii-u/wipeout-create-&-crash 
Wonderful 101,8.99,12.99,19.99,045496903145,34271,https://www.pricecharting.com/game/wii-u/wonderful-101 
Xenoblade Chronicles X,24.99,29.99,39.99,045496903664045496903855,36322,https://www.pricecharting.com/game/wii-u/xenoblade-chronicles-x 
Xenoblade Chronicles X Special Edition,64.99,94.99,134.99,045496903824,36323,https://www.pricecharting.com/game/wii-u/xenoblade-chronicles-x-special-edition 
Yoshi's Woolly World,12.99,14.99,34.99,045496903534045496903732,36115,https://www.pricecharting.com/game/wii-u/yoshi's-woolly-world 
Yoshi's Woolly World [amiibo Bundle],ND,ND,ND,,,https://www.pricecharting.com/game/wii-u/yoshi's-woolly-world-%5bamiibo-bundle%5d 
Your Shape Fitness Evolved 2013,1.99,1.99,3.99,008888187400008888187622,33358,https://www.pricecharting.com/game/wii-u/your-shape-fitness-evolved-2013 
Zelda Breath of the Wild,24.99,29.99,54.99,045496904159,37321,https://www.pricecharting.com/game/wii-u/zelda-breath-of-the-wild 
Zelda Twilight Princess HD,59.99,64.99,99.99,045496904142,36467,https://www.pricecharting.com/game/wii-u/zelda-twilight-princess-hd 
Zelda Twilight Princess HD [amiibo Bundle],94.99,104.99,134.99,045496903763,36483,https://www.pricecharting.com/game/wii-u/zelda-twilight-princess-hd-%5bamiibo-bundle%5d 
Zelda Wind Waker HD,24.99,34.99,114.99,045496903169,34270,https://www.pricecharting.com/game/wii-u/zelda-wind-waker-hd 
Zelda Wind Waker HD Limited Edition,184.99,194.99,299.99,045496903176,34405,https://www.pricecharting.com/game/wii-u/zelda-wind-waker-hd-limited-edition 
ZombiU,ND,ND,ND,,,https://www.pricecharting.com/game/wii-u/zombiu" 
Zumba Fitness World Party,8.99,11.99,24.99,096427018063,34522,https://www.pricecharting.com/game/wii-u/zumba-fitness-world-party 
