50 Classic Games,15.99,34.99,39.99,814290011840,32693,https://www.pricecharting.com/game/nintendo-3ds/50-classic-games 
7th Dragon III Code VFD,39.99,49.99,64.99,010086611212,36722,https://www.pricecharting.com/game/nintendo-3ds/7th-dragon-iii-code-vfd 
7th Dragon III Code VFD Launch Edition,54.99,64.99,94.99,,37776,https://www.pricecharting.com/game/nintendo-3ds/7th-dragon-iii-code-vfd-launch-edition 
Ace Combat Assault Horizon,ND,ND,ND,,,https://www.pricecharting.com/game/nintendo-3ds/ace-combat-assault-horizon 
Ace Combat: Assault Horizon Legacy+,ND,ND,ND,,,https://www.pricecharting.com/game/nintendo-3ds/ace-combat-assault-horizon-legacy+ 
Adventure Time: Explore the Dungeon Because I Don't Know,4.99,4.99,8.99,879278006126,34583,https://www.pricecharting.com/game/nintendo-3ds/adventure-time-explore-the-dungeon-because-i-don%27t-know 
Adventure Time: Explore the Dungeon Because I Don't Know Collector's Edition,15.99,19.99,39.99,879278006225,34584,https://www.pricecharting.com/game/nintendo-3ds/adventure-time-explore-the-dungeon-because-i-don%27t-know-collector%27s-edition 
Adventure Time: Finn and Jake Investigations,4.99,5.99,8.99,815403010675,36134,https://www.pricecharting.com/game/nintendo-3ds/adventure-time-finn-and-jake-investigations 
Adventure Time: Hey Ice King,7.99,10.99,14.99,879278360082879278006089,33368,https://www.pricecharting.com/game/nintendo-3ds/adventure-time-hey-ice-king 
Adventure Time: Hey Ice King Collector's Edition,24.99,29.99,54.99,879278369085,33919,https://www.pricecharting.com/game/nintendo-3ds/adventure-time-hey-ice-king-collector%27s-edition 
Adventure Time: The Secret of the Nameless Kingdom,9.99,10.99,15.99,815403010507,35328,https://www.pricecharting.com/game/nintendo-3ds/adventure-time-the-secret-of-the-nameless-kingdom 
Adventures of Tintin: The Game,5.99,6.99,8.99,008888166641,32374,https://www.pricecharting.com/game/nintendo-3ds/adventures-of-tintin-the-game 
Alien Chaos,64.99,164.99,454.99,857398003010,40258,https://www.pricecharting.com/game/nintendo-3ds/alien-chaos 
Alliance Alive,29.99,39.99,49.99,730865300280,45706,https://www.pricecharting.com/game/nintendo-3ds/alliance-alive 
Amazing Spiderman,7.99,10.99,24.99,047875843530,32877,https://www.pricecharting.com/game/nintendo-3ds/amazing-spiderman 
Amazing Spiderman 2,10.99,10.99,24.99,047875849440,34839,https://www.pricecharting.com/game/nintendo-3ds/amazing-spiderman-2 
American Mensa Academy,10.99,19.99,34.99,814290012304,33424,https://www.pricecharting.com/game/nintendo-3ds/american-mensa-academy 
Angry Birds Star Wars,3.99,4.99,8.99,047875767904,34466,https://www.pricecharting.com/game/nintendo-3ds/angry-birds-star-wars 
Angry Birds Trilogy,5.99,7.99,19.99,047875767294,33110,https://www.pricecharting.com/game/nintendo-3ds/angry-birds-trilogy 
Animal Crossing Happy Home Designer,12.99,15.99,19.99,045496743284045496743338,36069,https://www.pricecharting.com/game/nintendo-3ds/animal-crossing-happy-home-designer 
Animal Crossing: New Leaf,11.99,13.99,19.99,045496742393045496744434045496742409,34064,https://www.pricecharting.com/game/nintendo-3ds/animal-crossing-new-leaf 
Are You Smarter Than A 5th Grader?,2.99,3.99,4.99,834656000288,46405,https://www.pricecharting.com/game/nintendo-3ds/are-you-smarter-than-a-5th-grader 
Art Academy: Lessons for Everyone,9.99,11.99,34.99,045496742119,33152,https://www.pricecharting.com/game/nintendo-3ds/art-academy-lessons-for-everyone 
Asphalt: 3D,7.99,8.99,19.99,008888166696,31094,https://www.pricecharting.com/game/nintendo-3ds/asphalt-3d 
Asphalt: 3D [Not for Resale],3.99,-.01,-.01,,39504,https://www.pricecharting.com/game/nintendo-3ds/asphalt-3d-%5bnot-for-resale%5d 
Azure Striker Gunvolt Striker Pack,12.99,19.99,24.99,812303010859,36971,https://www.pricecharting.com/game/nintendo-3ds/azure-striker-gunvolt-striker-pack 
Barbie and Her Sisters: Puppy Rescue,8.99,9.99,19.99,815403010811,36217,https://www.pricecharting.com/game/nintendo-3ds/barbie-and-her-sisters-puppy-rescue 
Barbie: Dreamhouse Party,8.99,9.99,29.99,815403010309,34590,https://www.pricecharting.com/game/nintendo-3ds/barbie-dreamhouse-party 
Batman: Arkham Origins Blackgate,8.99,10.99,15.99,883929319671,34462,https://www.pricecharting.com/game/nintendo-3ds/batman-arkham-origins-blackgate 
Battleship,3.99,5.99,10.99,047875769205047875769212,32739,https://www.pricecharting.com/game/nintendo-3ds/battleship 
Ben 10: Galactic Racing,5.99,5.99,17.99,879278360020,31840,https://www.pricecharting.com/game/nintendo-3ds/ben-10-galactic-racing 
Ben 10: Omniverse,8.99,9.99,19.99,879278360068,33313,https://www.pricecharting.com/game/nintendo-3ds/ben-10-omniverse 
Ben 10: Omniverse 2,10.99,12.99,29.99,879278006133,34505,https://www.pricecharting.com/game/nintendo-3ds/ben-10-omniverse-2 
Beyblade: Evolution,7.99,9.99,11.99,887195000165,34482,https://www.pricecharting.com/game/nintendo-3ds/beyblade-evolution 
Beyblade: Evolution Collector's Edition,3.99,34.99,39.99,887195000158,34483,https://www.pricecharting.com/game/nintendo-3ds/beyblade-evolution-collector%27s-edition 
Big Hero 6: Battle in the Bay,3.99,3.99,7.99,834656090241,35609,https://www.pricecharting.com/game/nintendo-3ds/big-hero-6-battle-in-the-bay 
Bit.Trip Saga,7.99,9.99,12.99,893610001464,31710,https://www.pricecharting.com/game/nintendo-3ds/bittrip-saga 
BlazBlue: Continuum Shift II,34.99,49.99,69.99,893610001471,31447,https://www.pricecharting.com/game/nintendo-3ds/blazblue-continuum-shift-ii 
Boulder Dash-XL 3D,12.99,17.99,24.99,857398003003,35828,https://www.pricecharting.com/game/nintendo-3ds/boulder-dash-xl-3d 
Brain Age: Concentration Training,17.99,17.99,24.99,045496742232,33841,https://www.pricecharting.com/game/nintendo-3ds/brain-age-concentration-training 
Bratz Fashion Boutique,5.99,7.99,9.99,047875767164,33234,https://www.pricecharting.com/game/nintendo-3ds/bratz-fashion-boutique 
Bravely Default,29.99,34.99,64.99,045496742652045496742669,34665,https://www.pricecharting.com/game/nintendo-3ds/bravely-default 
Bravely Default: Collector's Edition,79.99,89.99,134.99,045496742744,34666,https://www.pricecharting.com/game/nintendo-3ds/bravely-default-collector%27s-edition 
Bravely Second: End Layer,19.99,19.99,24.99,045496743673045496743680,36531,https://www.pricecharting.com/game/nintendo-3ds/bravely-second-end-layer 
Bravely Second: End Layer Collector's Edition,49.99,69.99,104.99,045496743666,36532,https://www.pricecharting.com/game/nintendo-3ds/bravely-second-end-layer-collector%27s-edition 
Brunswick Pro Bowling,13.99,16.99,29.99,650008501230,31737,https://www.pricecharting.com/game/nintendo-3ds/brunswick-pro-bowling 
Bust-a-Move Universe,4.99,6.99,11.99,662248910444,31264,https://www.pricecharting.com/game/nintendo-3ds/bust-a-move-universe 
Captain America: Super Soldier,24.99,29.99,39.99,010086611021,32217,https://www.pricecharting.com/game/nintendo-3ds/captain-america-super-soldier 
Captain Toad: Treasure Tracker,19.99,29.99,34.99,045496745103,47060,https://www.pricecharting.com/game/nintendo-3ds/captain-toad-treasure-tracker 
Carnival Games Wild West 3D,4.99,5.99,11.99,710425450990,32261,https://www.pricecharting.com/game/nintendo-3ds/carnival-games-wild-west-3d 
Cars 2,4.99,7.99,13.99,712725020422712725021351,32150,https://www.pricecharting.com/game/nintendo-3ds/cars-2 
Cartoon Network Battle Crashers,4.99,4.99,8.99,834656000387,37104,https://www.pricecharting.com/game/nintendo-3ds/cartoon-network-battle-crashers 
Cartoon Network: Punch Time Explosion,14.99,19.99,24.99,650008500936,31750,https://www.pricecharting.com/game/nintendo-3ds/cartoon-network-punch-time-explosion 
Castlevania: Mirror Of Fate,ND,ND,ND,,,https://www.pricecharting.com/game/nintendo-3ds/castlevania-mirror-of-fate 
Cave Story 3D,24.99,39.99,59.99,813633011059,32094,https://www.pricecharting.com/game/nintendo-3ds/cave-story-3d 
Centipede: Infestation,8.99,11.99,16.99,742725281943,31887,https://www.pricecharting.com/game/nintendo-3ds/centipede-infestation 
Chibi-Robo Zip Lash,3.99,5.99,12.99,045496743253045496743222,36098,https://www.pricecharting.com/game/nintendo-3ds/chibi-robo-zip-lash 
Chibi-Robo Zip Lash [amiibo Bundle],11.99,12.99,19.99,045496743246,42361,https://www.pricecharting.com/game/nintendo-3ds/chibi-robo-zip-lash-%5bamiibo-bundle%5d 
Circle Pad Pro,24.99,24.99,34.99,,32513,https://www.pricecharting.com/game/nintendo-3ds/circle-pad-pro 
Classic Games Overload,12.99,13.99,19.99,834815006014,33421,https://www.pricecharting.com/game/nintendo-3ds/classic-games-overload 
Cloudy Chance Meatballs 2,ND,ND,ND,,,https://www.pricecharting.com/game/nintendo-3ds/cloudy-chance-meatballs-2 
Code Name: S.T.E.A.M.,2.99,3.99,4.99,045496743024045496743031,35760,https://www.pricecharting.com/game/nintendo-3ds/code-name-steam 
Code of Princess,29.99,34.99,54.99,730865300112,33153,https://www.pricecharting.com/game/nintendo-3ds/code-of-princess 
Code of Princess [Soundtrack Bundle],29.99,49.99,54.99,,45062,https://www.pricecharting.com/game/nintendo-3ds/code-of-princess-%5bsoundtrack-bundle%5d 
Combat of Giants: Dinosaurs 3D,6.99,7.99,24.99,008888166702,31093,https://www.pricecharting.com/game/nintendo-3ds/combat-of-giants-dinosaurs-3d 
Conception II: Children of the Seven Stars,11.99,19.99,29.99,730865300167,34812,https://www.pricecharting.com/game/nintendo-3ds/conception-ii-children-of-the-seven-stars 
Conception II: Children of the Seven Stars Limited Edition,24.99,29.99,49.99,,39056,https://www.pricecharting.com/game/nintendo-3ds/conception-ii-children-of-the-seven-stars-limited-edition 
Cooking Mama 4: Kitchen Magic,13.99,15.99,24.99,096427017356,32267,https://www.pricecharting.com/game/nintendo-3ds/cooking-mama-4-kitchen-magic 
Cooking Mama 5: Bon Appetit,29.99,34.99,54.99,096427018377,35055,https://www.pricecharting.com/game/nintendo-3ds/cooking-mama-5-bon-appetit 
Cooking Mama Sweet Shop,19.99,24.99,29.99,887195000325,37583,https://www.pricecharting.com/game/nintendo-3ds/cooking-mama-sweet-shop 
Corpse Party: Back to School Edition,74.99,149.99,189.99,853466001940,37064,https://www.pricecharting.com/game/nintendo-3ds/corpse-party-back-to-school-edition 
Cradle of Rome 2,3.99,6.99,8.99,887195000035,32880,https://www.pricecharting.com/game/nintendo-3ds/cradle-of-rome-2 
Crash City Mayhem,16.99,29.99,49.99,096427017332,34093,https://www.pricecharting.com/game/nintendo-3ds/crash-city-mayhem 
Crosswords Plus,3.99,4.99,5.99,045496742096,33141,https://www.pricecharting.com/game/nintendo-3ds/crosswords-plus 
Crush 3D,3.99,7.99,11.99,010086611038,33864,https://www.pricecharting.com/game/nintendo-3ds/crush-3d 
Cubic Ninja,7.99,10.99,15.99,008888166863,31474,https://www.pricecharting.com/game/nintendo-3ds/cubic-ninja 
Culdcept Revolt,10.99,24.99,34.99,813633019222,39972,https://www.pricecharting.com/game/nintendo-3ds/culdcept-revolt 
Culdcept Revolt Limited Edition,29.99,34.99,49.99,813633019703,39973,https://www.pricecharting.com/game/nintendo-3ds/culdcept-revolt-limited-edition 
Cut the Rope: Triple Treat,9.99,12.99,19.99,047875849662,34761,https://www.pricecharting.com/game/nintendo-3ds/cut-the-rope-triple-treat 
Dead or Alive Dimensions,24.99,39.99,94.99,040198002141,31439,https://www.pricecharting.com/game/nintendo-3ds/dead-or-alive-dimensions 
Dead or Alive Dimensions [Not for Resale],-.01,-.01,-.01,,39489,https://www.pricecharting.com/game/nintendo-3ds/dead-or-alive-dimensions-%5bnot-for-resale%5d 
Deca Sports Extreme,5.99,7.99,29.99,083717241850,31712,https://www.pricecharting.com/game/nintendo-3ds/deca-sports-extreme 
Deer Drive Legends,12.99,16.99,19.99,814290011475,32793,https://www.pricecharting.com/game/nintendo-3ds/deer-drive-legends 
Detective Pikachu,16.99,19.99,29.99,045496744892045496744908,45691,https://www.pricecharting.com/game/nintendo-3ds/detective-pikachu 
Disney Art Academy,7.99,9.99,15.99,045496743741,36614,https://www.pricecharting.com/game/nintendo-3ds/disney-art-academy 
Disney Infinity Starter Pack,7.99,12.99,17.99,712725023607,34175,https://www.pricecharting.com/game/nintendo-3ds/disney-infinity-starter-pack 
Disney Magical World,10.99,13.99,29.99,045496742706,34808,https://www.pricecharting.com/game/nintendo-3ds/disney-magical-world 
Disney Magical World 2,24.99,29.99,49.99,045496744014,37007,https://www.pricecharting.com/game/nintendo-3ds/disney-magical-world-2 
Disney Princess: My Fairytale Adventure,10.99,13.99,24.99,712725022426,33115,https://www.pricecharting.com/game/nintendo-3ds/disney-princess-my-fairytale-adventure 
Disney's Planes,ND,ND,ND,,,https://www.pricecharting.com/game/nintendo-3ds/disney's-planes 
Doctor Lautrec and the Forgotten Knights,7.99,10.99,19.99,083717241836,32412,https://www.pricecharting.com/game/nintendo-3ds/doctor-lautrec-and-the-forgotten-knights 
Donkey Kong Country Returns 3D,10.99,12.99,29.99,045496742423045496742430,34043,https://www.pricecharting.com/game/nintendo-3ds/donkey-kong-country-returns-3d 
Donkey Kong Country Returns 3D: Nintendo Selects,10.99,11.99,17.99,045496743802045496743819,36495,https://www.pricecharting.com/game/nintendo-3ds/donkey-kong-country-returns-3d-nintendo-selects 
Doodle Jump Adventures,8.99,11.99,19.99,834656090159,36757,https://www.pricecharting.com/game/nintendo-3ds/doodle-jump-adventures 
Dragon Ball Fusions,24.99,24.99,39.99,722674700696,37126,https://www.pricecharting.com/game/nintendo-3ds/dragon-ball-fusions 
Dragon Ball Z: Extreme Butoden,19.99,24.99,54.99,722674700634,36135,https://www.pricecharting.com/game/nintendo-3ds/dragon-ball-z-extreme-butoden 
Dragon Quest VII: Fragments of the Forgotten Past,49.99,59.99,74.99,045496743703,36932,https://www.pricecharting.com/game/nintendo-3ds/dragon-quest-vii-fragments-of-the-forgotten-past 
Dragon Quest VIII: Journey of the Cursed King,74.99,84.99,114.99,045496743727045496743734,37223,https://www.pricecharting.com/game/nintendo-3ds/dragon-quest-viii-journey-of-the-cursed-king 
Dream Trigger 3D,1.99,3.99,5.99,879278360006,31407,https://www.pricecharting.com/game/nintendo-3ds/dream-trigger-3d 
Dreamworks Super Star Kartz,5.99,7.99,17.99,047875765986,32272,https://www.pricecharting.com/game/nintendo-3ds/dreamworks-super-star-kartz 
Driver: Renegade,16.99,19.99,44.99,008888166719,31683,https://www.pricecharting.com/game/nintendo-3ds/driver-renegade 
DualPenSports,5.99,7.99,10.99,722674700290,31502,https://www.pricecharting.com/game/nintendo-3ds/dualpensports 
Duck Dynasty,2.99,3.99,4.99,047875770355,35161,https://www.pricecharting.com/game/nintendo-3ds/duck-dynasty 
Epic Mickey: Power of Illusion,9.99,11.99,24.99,712725020187712725023003,33404,https://www.pricecharting.com/game/nintendo-3ds/epic-mickey-power-of-illusion 
Etrian Mystery Dungeon,24.99,34.99,44.99,730865300211,35672,https://www.pricecharting.com/game/nintendo-3ds/etrian-mystery-dungeon 
Etrian Mystery Dungeon [Soundtrack Bundle],24.99,34.99,59.99,,37777,https://www.pricecharting.com/game/nintendo-3ds/etrian-mystery-dungeon-%5bsoundtrack-bundle%5d 
Etrian Odyssey 2 Untold: The Fafnir Knight,59.99,64.99,74.99,730865300204,35836,https://www.pricecharting.com/game/nintendo-3ds/etrian-odyssey-2-untold-the-fafnir-knight 
Etrian Odyssey 2 Untold: The Fafnir Knight Limited Edition,64.99,64.99,99.99,,37778,https://www.pricecharting.com/game/nintendo-3ds/etrian-odyssey-2-untold-the-fafnir-knight-limited-edition 
Etrian Odyssey IV: Legends Of The Titan,ND,ND,ND,,,https://www.pricecharting.com/ game/nintendo-3ds/etrian-odyssey-iv-legends-of-the-titan 
Etrian Odyssey IV: Legends Of The Titan Limited Edition,54.99,59.99,94.99,,37779,https://www.pricecharting.com/game/nintendo-3ds/etrian-odyssey-iv-legends-of-the-titan-limited-edition 
Etrian Odyssey Untold: The Millennium Girl,24.99,39.99,44.99,730865300150,34300,https://www.pricecharting.com/game/nintendo-3ds/etrian-odyssey-untold-the-millennium-girl 
Etrian Odyssey Untold: The Millennium Girl [Soundtrack Bundle],44.99,59.99,69.99,,37780,https://www.pricecharting.com/game/nintendo-3ds/etrian-odyssey-untold-the-millennium-girl-%5bsoundtrack-bundle%5d 
Etrian Odyssey V: Beyond The Myth,39.99,39.99,59.99,730865300259,40281,https://www.pricecharting.com/game/nintendo-3ds/etrian-odyssey-v-beyond-the-myth 
Ever Oasis,34.99,39.99,54.99,045496744724,37805,https://www.pricecharting.com/game/nintendo-3ds/ever-oasis 
F1 2011,13.99,16.99,19.99,767649403752,32378,https://www.pricecharting.com/game/nintendo-3ds/f1-2011 
FIFA 15: Legacy Edition,11.99,11.99,29.99,014633368062,35073,https://www.pricecharting.com/game/nintendo-3ds/fifa-15-legacy-edition 
FIFA Soccer 12,5.99,7.99,16.99,014633196306,31761,https://www.pricecharting.com/game/nintendo-3ds/fifa-soccer-12 
FIFA Soccer 13,4.99,8.99,19.99,014633197624,33119,https://www.pricecharting.com/game/nintendo-3ds/fifa-soccer-13 
Face Racers: Photo Finish,4.99,4.99,9.99,096427017158,31793,https://www.pricecharting.com/game/nintendo-3ds/face-racers-photo-finish 
Fantasy Life,29.99,34.99,49.99,045496742881045496742898,35210,https://www.pricecharting.com/game/nintendo-3ds/fantasy-life 
Farming Simulator 14,5.99,7.99,15.99,814290012656,34941,https://www.pricecharting.com/game/nintendo-3ds/farming-simulator-14 
Farming Simulator 18,9.99,10.99,14.99,854952003646,37736,https://www.pricecharting.com/game/nintendo-3ds/farming-simulator-18 
Fast and the Furious: Showdown,8.99,9.99,29.99,047875767409,34036,https://www.pricecharting.com/game/nintendo-3ds/fast-and-the-furious-showdown 
Final Fantasy Explorers,12.99,15.99,39.99,662248916552662248916569,36405,https://www.pricecharting.com/game/nintendo-3ds/final-fantasy-explorers 
Final Fantasy Explorers Collector's Edition,74.99,79.99,134.99,662248916606,36406,https://www.pricecharting.com/game/nintendo-3ds/final-fantasy-explorers-collector's-edition 
Finding Nemo: Escape To The Big Blue,4.99,5.99,11.99,712725023379,33041,https://www.pricecharting.com/game/nintendo-3ds/finding-nemo-escape-to-the-big-blue 
Fire Emblem Echoes: Shadows of Valentia,24.99,29.99,34.99,045496744649045496744656045496744694,37586,https://www.pricecharting.com/game/nintendo-3ds/fire-emblem-echoes-shadows-of-valentia 
Fire Emblem Echoes: Shadows of Valentia Limited Edition,39.99,79.99,94.99,045496744687,37788,https://www.pricecharting.com/game/nintendo-3ds/fire-emblem-echoes-shadows-of-valentia-limited-edition 
Fire Emblem Fates Birthright,24.99,29.99,44.99,045496743154045496743161,36465,https://www.pricecharting.com/game/nintendo-3ds/fire-emblem-fates-birthright 
Fire Emblem Fates Conquest,24.99,29.99,34.99,045496743406045496743413,36466,https://www.pricecharting.com/game/nintendo-3ds/fire-emblem-fates-conquest 
Fire Emblem Fates Special Edition,194.99,219.99,359.99,045496743581,36468,https://www.pricecharting.com/game/nintendo-3ds/fire-emblem-fates-special-edition 
Fire Emblem Warriors,7.99,8.99,10.99,045496744663045496904531045496904548,40317,https://www.pricecharting.com/game/nintendo-3ds/fire-emblem-warriors 
Fire Emblem: Awakening,29.99,29.99,54.99,045496742355045496742362,33822,https://www.pricecharting.com/game/nintendo-3ds/fire-emblem-awakening 
Fossil Fighters: Frontier,12.99,15.99,19.99,045496743000,35674,https://www.pricecharting.com/game/nintendo-3ds/fossil-fighters-frontier 
Freakyforms Deluxe Your Creations Alive,9.99,12.99,29.99,045496742287,33284,https://www.pricecharting.com/game/nintendo-3ds/freakyforms-deluxe-your-creations-alive 
Frogger 3D,19.99,29.99,54.99,083717242055,31736,https://www.pricecharting.com/game/nintendo-3ds/frogger-3d 
Frozen & Big Hero 6 Disney 2 Pack,12.99,15.99,24.99,,37033,https://www.pricecharting.com/game/nintendo-3ds/frozen-&-big-hero-6-disney-2-pack 
Frozen: Olaf's Quest,3.99,4.99,13.99,834656090128,35412,https://www.pricecharting.com/game/nintendo-3ds/frozen-olaf's-quest 
Funky Barn 3D,7.99,14.99,15.99,008888167112,32687,https://www.pricecharting.com/game/nintendo-3ds/funky-barn-3d 
Gabrielle's Ghostly Groove 3D,12.99,19.99,24.99,719593140030,31620,https://www.pricecharting.com/game/nintendo-3ds/gabrielle's-ghostly-groove-3d 
Gardening Mama 2: Forest Friends,17.99,19.99,34.99,096427018315,34840,https://www.pricecharting.com/game/nintendo-3ds/gardening-mama-2-forest-friends 
Garfield Kart,8.99,11.99,15.99,816819012789816819012796,35858,https://www.pricecharting.com/game/nintendo-3ds/garfield-kart 
Gem Smashers,4.99,6.99,11.99,650008501001,32156,https://www.pricecharting.com/game/nintendo-3ds/gem-smashers 
Generator Rex: Agent of Providence,2.99,3.99,5.99,047875765887,31898,https://www.pricecharting.com/game/nintendo-3ds/generator-rex-agent-of-providence 
Ghost Recon: Shadow Wars,8.99,11.99,19.99,008888166078,31090,https://www.pricecharting.com/game/nintendo-3ds/ghost-recon-shadow-wars 
Goosebumps The Game,5.99,8.99,14.99,834656000295,37719,https://www.pricecharting.com/game/nintendo-3ds/goosebumps-the-game 
Gravity Falls,29.99,39.99,74.99,887256015411,36136,https://www.pricecharting.com/game/nintendo-3ds/gravity-falls 
Green Lantern: Rise of the Manhunters,2.99,3.99,8.99,883929166787,31460,https://www.pricecharting.com/game/nintendo-3ds/green-lantern-rise-of-the-manhunters 
Hakuoki: Memories of the Shinsengumi,24.99,24.99,39.99,893610001761,34861,https://www.pricecharting.com/game/nintendo-3ds/hakuoki-memories-of-the-shinsengumi 
Hakuoki: Memories of the Shinsengumi Limited Edition,34.99,34.99,69.99,893610001778,34296,https://www.pricecharting.com/game/nintendo-3ds/hakuoki-memories-of-the-shinsengumi-limited-edition 
Happy Feet Two,ND,ND,ND,,,https://www.pricecharting.com/game/nintend o-3ds/happy-feet-two 
Harvest Moon 3D: The Lost Valley,10.99,11.99,17.99,719593140108,35266,https://www.pricecharting.com/game/nintendo-3ds/harvest-moon-3d-the-lost-valley 
Harvest Moon: A New Beginning,11.99,12.99,24.99,719593140078,33306,https://www.pricecharting.com/game/nintendo-3ds/harvest-moon-a-new-beginning 
Harvest Moon: Skytree Village,13.99,14.99,24.99,719593140122,37101,https://www.pricecharting.com/game/nintendo-3ds/harvest-moon-skytree-village 
Harvest Moon: Skytree Village Limited Edition,39.99,69.99,69.99,,37930,https://www.pricecharting.com/game/nintendo-3ds/harvest-moon-skytree-village-limited-edition 
Harvest Moon: Tale Of Two Towns,ND,ND,ND,,,https://www.pricecharting.com/game/nintendo-3ds/harvest-moon-tale-of-two-towns 
Hatsune Miku: Project Mirai DX,34.99,39.99,64.99,010086611175,35956,https://www.pricecharting.com/game/nintendo-3ds/hatsune-miku-project-mirai-dx 
Heavy Fire: The Chosen Few,19.99,99.99,144.99,859292000492,32111,https://www.pricecharting.com/game/nintendo-3ds/heavy-fire-the-chosen-few 
Hello Kitty Picnic,7.99,7.99,15.99,096427017905,33235,https://www.pricecharting.com/game/nintendo-3ds/hello-kitty-picnic 
Hello Kitty and Sanrio Friends 3D Racing,15.99,19.99,29.99,096427018490,35319,https://www.pricecharting.com/game/nintendo-3ds/hello-kitty-and-sanrio-friends-3d-racing 
Heroes of Ruin,10.99,15.99,24.99,662248911069662248912233,32927,https://www.pricecharting.com/game/nintendo-3ds/heroes-of-ruin 
Hey Pikmin,15.99,19.99,24.99,045496744564045496744571,38066,https://www.pricecharting.com/game/nintendo-3ds/hey-pikmin 
Hometown Story,4.99,6.99,11.99,719593140092,35570,https://www.pricecharting.com/game/nintendo-3ds/hometown-story 
Horses 3D,19.99,19.99,34.99,008888166917,32669,https://www.pricecharting.com/game/nintendo-3ds/horses-3d 
Hot Wheels: World's Best Driver,5.99,7.99,34.99,883929361151,34281,https://www.pricecharting.com/game/nintendo-3ds/hot-wheels-world's-best-driver 
Hotel Transylvania,4.99,6.99,15.99,834656086503,35221,https://www.pricecharting.com/game/nintendo-3ds/hotel-transylvania 
How to Train Your Dragon 2,9.99,12.99,29.99,815403010422,34933,https://www.pricecharting.com/game/nintendo-3ds/how-to-train-your-dragon-2 
Hyrule Warriors Legends,13.99,15.99,34.99,045496743642045496743659,36500,https://www.pricecharting.com/game/nintendo-3ds/hyrule-warriors-legends 
Hyrule Warriors Legends [Not for Resale],29.99,-.01,-.01,,37962,https://www.pricecharting.com/game/nintendo-3ds/hyrule-warriors-legends-%5bnot-for-resale%5d 
Ice Age: Continental Drift Arctic Games,4.99,4.99,8.99,047875769304,32908,https://www.pricecharting.com/game/nintendo-3ds/ice-age-continental-drift-arctic-games 
Imagine Babyz 3D,3.99,3.99,5.99,008888166894,33213,https://www.pricecharting.com/game/nintendo-3ds/imagine-babyz-3d 
Imagine Fashion Designer,4.99,4.99,8.99,008888167051,32279,https://www.pricecharting.com/game/nintendo-3ds/imagine-fashion-designer 
Imagine Fashion Life,3.99,4.99,7.99,008888166900,33214,https://www.pricecharting.com/game/nintendo-3ds/imagine-fashion-life 
Jake Hunter: Ghost of the Dusk,12.99,14.99,24.99,853736006521,51991,https://www.pricecharting.com/game/nintendo-3ds/jake-hunter-ghost-of-the-dusk 
James Noir's Hollywood Crimes,3.99,3.99,7.99,008888166726,32171,https://www.pricecharting.com/game/nintendo-3ds/james-noir's-hollywood-crimes 
Jaws: Ultimate Predator,12.99,13.99,34.99,096427017455,32365,https://www.pricecharting.com/game/nintendo-3ds/jaws-ultimate-predator 
Jr Classic Games,12.99,14.99,19.99,814290011826,33632,https://www.pricecharting.com/game/nintendo-3ds/jr-classic-games 
Kid Icarus Uprising,29.99,39.99,54.99,045496741686045496741945045496741693,32655,https://www.pricecharting.com/game/nintendo-3ds/kid-icarus-uprising 
Kingdom Hearts 3D Dream Drop Distance,14.99,19.99,44.99,662248912400662248912011662248912028662248912523,32969,https://www.pricecharting.com/game/nintendo-3ds/kingdom-hearts-3d-dream-drop-distance 
Kingdom Hearts 3D Dream Drop Distance Limited Edition,13.99,79.99,144.99,662248912417,32970,https://www.pricecharting.com/game/nintendo-3ds/kingdom-hearts-3d-dream-drop-distance-limited-edition 
Kirby Battle Royale,16.99,17.99,24.99,045496591168,45224,https://www.pricecharting.com/game/nintendo-3ds/kirby-battle-royale 
Kirby Planet Robobot,29.99,34.99,49.99,045496743901045496743918,36665,https://www.pricecharting.com/game/nintendo-3ds/kirby-planet-robobot 
Kirby Planet Robobot [Not for Resale],34.99,-.01,-.01,,39501,https://www.pricecharting.com/game/nintendo-3ds/kirby-planet-robobot-%5bnot-for-resale%5d 
Kirby Triple Deluxe,13.99,15.99,29.99,045496742768045496743864045496742775,34841,https://www.pricecharting.com/game/nintendo-3ds/kirby-triple-deluxe 
Kirby Triple Deluxe [Not for Resale],10.99,-.01,-.01,,39500,https://www.pricecharting.com/game/nintendo-3ds/kirby-triple-deluxe-%5bnot-for-resale%5d 
Kung Fu Panda Showdown of the Legendary Legends,3.99,4.99,7.99,815403010613,36314,https://www.pricecharting.com/game/nintendo-3ds/kung-fu-panda-showdown-of-the-legendary-legends 
LBX: Little Battlers Experience,8.99,12.99,13.99,045496743260,35874,https://www.pricecharting.com/game/nintendo-3ds/lbx-little-battlers-experience 
LEGO Batman 2,4.99,5.99,13.99,883929242580883929244164883929261482,32855,https://www.pricecharting.com/game/nintendo-3ds/lego-batman-2 
LEGO Batman 3: Beyond Gotham,5.99,5.99,9.99,883929427413883929427666,35302,https://www.pricecharting.com/game/nintendo-3ds/lego-batman-3-beyond-gotham 
LEGO City Undercover: The Chase Begins,4.99,6.99,24.99,045496742317045496742324,33995,https://www.pricecharting.com/game/nintendo-3ds/lego-city-undercover-the-chase-begins 
LEGO Friends,5.99,6.99,13.99,883929331079,34535,https://www.pricecharting.com/game/nintendo-3ds/lego-friends 
LEGO Harry Potter Years 5-7,7.99,7.99,13.99,883929186181,32121,https://www.pricecharting.com/game/nintendo-3ds/lego-harry-potter-years-5-7 
LEGO Jurassic World,5.99,7.99,19.99,883929472857,35781,https://www.pricecharting.com/game/nintendo-3ds/lego-jurassic-world 
LEGO Legends of Chima: Laval's Journey,1.99,2.99,4.99,883929319626883929326945,34088,https://www.pricecharting.com/game/nintendo-3ds/lego-legends-of-chima-laval's-journey 
LEGO Lord Of The Rings,5.99,5.99,11.99,883929248513883929248940,33242,https://www.pricecharting.com/game/nintendo-3ds/lego-lord-of-the-rings 
LEGO Marvel Super Heroes: Universe in Peril,3.99,4.99,10.99,883929319800883929326952,34437,https://www.pricecharting.com/game/nintendo-3ds/lego-marvel-super-heroes-universe-in-peril 
LEGO Marvel's Avengers,5.99,7.99,12.99,883929474189,36408,https://www.pricecharting.com/game/nintendo-3ds/lego-marvel's-avengers 
LEGO Movie Videogame,2.99,3.99,4.99,883929375288,34673,https://www.pricecharting.com/game/nintendo-3ds/lego-movie-videogame 
LEGO Ninjago: Nindroids,4.99,5.99,9.99,883929418879,34982,https://www.pricecharting.com/game/nintendo-3ds/lego-ninjago-nindroids 
LEGO Ninjago: Shadow of Ronin,5.99,7.99,10.99,883929468584883929468621,35647,https://www.pricecharting.com/game/nintendo-3ds/lego-ninjago-shadow-of-ronin 
LEGO Pirates of the Caribbean: The Video Game,4.99,5.99,15.99,712725021177712725021320,31414,https://www.pricecharting.com/game/nintendo-3ds/lego-pirates-of-the-caribbean-the-video-game 
LEGO Star Wars III: The Clone Wars,4.99,6.99,24.99,023272342654023272342661,31109,https://www.pricecharting.com/game/nintendo-3ds/lego-star-wars-iii-the-clone-wars 
LEGO Star Wars III: The Clone Wars [Not for Resale],5.99,-.01,-.01,,39495,https://www.pricecharting.com/game/nintendo-3ds/lego-star-wars-iii-the-clone-wars-%5bnot-for-resale%5d 
LEGO Star Wars The Force Awakens,4.99,5.99,9.99,883929531776883929532629,36686,https://www.pricecharting.com/game/nintendo-3ds/lego-star-wars-the-force-awakens 
LEGO The Hobbit,6.99,7.99,11.99,883929399314883929399291,34802,https://www.pricecharting.com/game/nintendo-3ds/lego-the-hobbit 
Lalaloopsy: Carnival of Friends,2.99,3.99,7.99,047875767126,33238,https://www.pricecharting.com/game/nintendo-3ds/lalaloopsy-carnival-of-friends 
Langrisser Re:Incarnation Tensei,24.99,29.99,39.99,853736006033,37215,https://www.pricecharting.com/game/nintendo-3ds/langrisser-reincarnation-tensei 
Layton's Mystery Journey: Katrielle and the Millionaires' Conspiracy,ND,ND,ND,,,https://www.pricecharting.com/game/nintendo-3ds/layton's-mystery-journey-katrielle-and-the-millionaires'-conspiracy- 
Legend of Korra: A New Era Begins,5.99,7.99,11.99,047875770379047875770386,35233,https://www.pricecharting.com/game/nintendo-3ds/legend-of-korra-a-new-era-begins 
Legend of Legacy,12.99,16.99,24.99,730865300228,36126,https://www.pricecharting.com/game/nintendo-3ds/legend-of-legacy 
Legend of Legacy Launch Edition,29.99,39.99,49.99,,37781,https://www.pricecharting.com/game/nintendo-3ds/legend-of-legacy-launch-edition 
Legends of Oz Dorothy's Return,3.99,4.99,8.99,834656090234,36981,https://www.pricecharting.com/game/nintendo-3ds/legends-of-oz-dorothy's-return- 
Let's Ride: Best of Breed,4.99,6.99,19.99,755142330002,32657,https://www.pricecharting.com/game/nintendo-3ds/let's-ride-best-of-breed 
Lord of Magna: Maiden Heaven,19.99,24.99,39.99,853466001742,35767,https://www.pricecharting.com/game/nintendo-3ds/lord-of-magna-maiden-heaven 
Lord of Magna: Maiden Heaven Limited Edition,34.99,49.99,64.99,,37782,https://www.pricecharting.com/game/nintendo-3ds/lord-of-magna-maiden-heaven-limited-edition 
Louvre Guide,ND,ND,ND,,,https://www.pricecharting.com/game/nintendo-3ds/louvre-guide 
Luigi's Mansion,24.99,34.99,44.99,045496745066045496745073,52146,https://www.pricecharting.com/game/nintendo-3ds/luigi's-mansion 
Luigi's Mansion: Dark Moon,10.99,13.99,19.99,045496742157045496744106045496742164045496744151,33937,https://www.pricecharting.com/game/nintendo-3ds/luigi's-mansion-dark-moon 
Madagascar 3,4.99,7.99,10.99,879278360044,32808,https://www.pricecharting.com/game/nintendo-3ds/madagascar-3 
Madden NFL Football,13.99,16.99,44.99,014633194661,31634,https://www.pricecharting.com/game/nintendo-3ds/madden-nfl-football 
Mahjong 3D: Warriors of the Emperor,3.99,5.99,6.99,857398003065,50105,https://www.pricecharting.com/game/nintendo-3ds/mahjong-3d-warriors-of-the-emperor 
Mahjong Cub3d,7.99,9.99,19.99,730865300013,32868,https://www.pricecharting.com/game/nintendo-3ds/mahjong-cub3d 
Mario & Luigi: Paper Jam,24.99,29.99,44.99,045496743598045496743604,36415,https://www.pricecharting.com/game/nintendo-3ds/mario-&-luigi-paper-jam 
Mario & Luigi: Superstar Saga + Bowser's Minions,29.99,39.99,49.99,045496591243,40237,https://www.pricecharting.com/game/nintendo-3ds/mario-&-luigi-superstar-saga-+-bowser's-minions 
Mario & Sonic at the London 2012 Olympic Games,5.99,8.99,29.99,010086611069,32492,https://www.pricecharting.com/game/nintendo-3ds/mario-&-sonic-at-the-london-2012-olympic-games 
Mario & Sonic at the Rio 2016 Olympic Games,14.99,24.99,39.99,045496743628,36676,https://www.pricecharting.com/game/nintendo-3ds/mario-&-sonic-at-the-rio-2016-olympic-games 
Mario Golf: World Tour,19.99,19.99,29.99,045496742447045496742454,34842,https://www.pricecharting.com/game/nintendo-3ds/mario-golf-world-tour 
Mario Kart 7,9.99,10.99,19.99,045496741747045496741754,32384,https://www.pricecharting.com/game/nintendo-3ds/mario-kart-7 
Mario Kart 7 [Not for Resale],10.99,-.01,-.01,,39493,https://www.pricecharting.com/game/nintendo-3ds/mario-kart-7-%5bnot-for-resale%5d 
Mario Party Island Tour: Nintendo Selects,8.99,12.99,19.99,,36497,https://www.pricecharting.com/game/nintendo-3ds/mario-party-island-tour-nintendo-selects 
Mario Party Star Rush,14.99,16.99,29.99,045496744182,37093,https://www.pricecharting.com/game/nintendo-3ds/mario-party-star-rush 
Mario Party: Island Tour,11.99,12.99,24.99,045496742553045496742560,34614,https://www.pricecharting.com/game/nintendo-3ds/mario-party-island-tour 
Mario Party: The Top 100,15.99,19.99,29.99,045496744847045496744854,40473,https://www.pricecharting.com/game/nintendo-3ds/mario-party-the-top-100 
Mario Sports Superstars,13.99,15.99,24.99,045496744496,37352,https://www.pricecharting.com/game/nintendo-3ds/mario-sports-superstars 
Mario Tennis Open,9.99,15.99,29.99,045496741983045496741990,32762,https://www.pricecharting.com/game/nintendo-3ds/mario-tennis-open 
Mario Tennis Open [Not for Resale],7.99,-.01,-.01,,39496,https://www.pricecharting.com/game/nintendo-3ds/mario-tennis-open-%5bnot-for-resale%5d 
Mario and Luigi: Dream Team,14.99,16.99,24.99,045496742461004549674241045496742478045496744632,34157,https://www.pricecharting.com/game/nintendo-3ds/mario-and-luigi-dream-team 
Mario and Luigi: Dream Team [Not for Resale],11.99,-.01,-.01,,39491,https://www.pricecharting.com/game/nintendo-3ds/mario-and-luigi-dream-team-%5bnot-for-resale%5d 
Marvel Super Hero Squad: The Infinity Gauntlet,7.99,9.99,17.99,785138330600,32869,https://www.pricecharting.com/game/nintendo-3ds/marvel-super-hero-squad-the-infinity-gauntlet 
Mega Man Legacy Collection,11.99,15.99,24.99,013388305230013388915033,36447,https://www.pricecharting.com/game/nintendo-3ds/mega-man-legacy-collection 
Mega Man Legacy Collection Collector's Edition,74.99,79.99,104.99,013388305247,36449,https://www.pricecharting.com/game/nintendo-3ds/mega-man-legacy-collection-collector's-edition 
Metal Gear Solid 3D,29.99,39.99,49.99,083717241911083717242093,32518,https://www.pricecharting.com/game/nintendo-3ds/metal-gear-solid-3d 
Metroid Prime Federation Force,24.99,29.99,34.99,045496743888,36755,https://www.pricecharting.com/game/nintendo-3ds/metroid-prime-federation-force 
Metroid Samus Returns,34.99,39.99,49.99,045496591229,39631,https://www.pricecharting.com/game/nintendo-3ds/metroid-samus-returns 
Metroid Samus Returns Special Edition,44.99,129.99,159.99,045496744748,39674,https://www.pricecharting.com/game/nintendo-3ds/metroid-samus-returns-special-edition 
Michael Jackson: The Experience,4.99,4.99,8.99,008888156291,32125,https://www.pricecharting.com/game/nintendo-3ds/michael-jackson-the-experience 
Miitopia,19.99,19.99,29.99,045496744700045496744717,38067,https://www.pricecharting.com/game/nintendo-3ds/miitopia 
Minecraft New Nintendo 3DS Edition,15.99,16.99,24.99,045496904517,40472,https://www.pricecharting.com/game/nintendo-3ds/minecraft-new-nintendo-3ds-edition 
Moco Moco Friends,19.99,24.99,34.99,853736006002,36296,https://www.pricecharting.com/game/nintendo-3ds/moco-moco-friends 
Monster 4x4,7.99,8.99,29.99,008888167174,33163,https://www.pricecharting.com/game/nintendo-3ds/monster-4x4 
Monster High: 13 Wishes,4.99,5.99,11.99,815403010262,34485,https://www.pricecharting.com/game/nintendo-3ds/monster-high-13-wishes 
Monster High: New Ghoul in School,9.99,11.99,19.99,815403010767,36295,https://www.pricecharting.com/game/nintendo-3ds/monster-high-new-ghoul-in-school 
Monster High: SKRM,8.99,9.99,13.99,815403010132,33912,https://www.pricecharting.com/game/nintendo-3ds/monster-high-skrm 
Monster Hunter 3 Ultimate,9.99,12.99,24.99,013388305100013388915002,33930,https://www.pricecharting.com/game/nintendo-3ds/monster-hunter-3-ultimate 
Monster Hunter 4 Ultimate,10.99,16.99,34.99,013388305193013388915019,35639,https://www.pricecharting.com/game/nintendo-3ds/monster-hunter-4-ultimate 
Monster Hunter 4 Ultimate Collector's Edition,69.99,89.99,139.99,013388305209,35640,https://www.pricecharting.com/game/nintendo-3ds/monster-hunter-4-ultimate-collector's-edition 
Monster Hunter Generations,7.99,8.99,15.99,013388305254013388915057,36744,https://www.pricecharting.com/game/nintendo-3ds/monster-hunter-generations 
Monster Hunter Stories,44.99,54.99,64.99,045496591151,39533,https://www.pricecharting.com/game/nintendo-3ds/monster-hunter-stories 
Moshi Monsters: Katsuma Unleashed,2.99,3.99,4.99,047875768062,34518,https://www.pricecharting.com/game/nintendo-3ds/moshi-monsters-katsuma-unleashed 
Moshi Monsters: Moshlings Theme Park,2.99,3.99,7.99,047875767089,33244,https://www.pricecharting.com/game/nintendo-3ds/moshi-monsters-moshlings-theme-park 
My Pet Puppy 3D,7.99,7.99,17.99,812872011370,32435,https://www.pricecharting.com/game/nintendo-3ds/my-pet-puppy-3d 
Myst 3DS,17.99,29.99,44.99,814290011789,33220,https://www.pricecharting.com/game/nintendo-3ds/myst-3ds 
NASCAR Unleashed,9.99,10.99,24.99,047875766341,32186,https://www.pricecharting.com/game/nintendo-3ds/nascar-unleashed 
NCIS,8.99,11.99,24.99,008888166931,33069,https://www.pricecharting.com/game/nintendo-3ds/ncis 
Nano Assault,29.99,44.99,54.99,096427017417,32357,https://www.pricecharting.com/game/nintendo-3ds/nano-assault 
Naruto Powerful Shippuden,12.99,24.99,34.99,722674700436,33895,https://www.pricecharting.com/game/nintendo-3ds/naruto-powerful-shippuden 
Need For Speed: The Run,16.99,24.99,39.99,014633195897,32291,https://www.pricecharting.com/game/nintendo-3ds/need-for-speed-the-run 
New Nintendo 2DS XL Black & Blue,94.99,109.99,159.99,045496782221,38508,https://www.pricecharting.com/game/nintendo-3ds/new-nintendo-2ds-xl-black-&-blue 
New Nintendo 2DS XL Hylian Shield,354.99,459.99,689.99,647731457583,49625,https://www.pricecharting.com/game/nintendo-3ds/new-nintendo-2ds-xl-hylian-shield 
New Nintendo 2DS XL Pikachu,ND,ND,ND,,,https://www.pricecharting.com/game/nintendo-3ds/new-nintendo-2ds-xl-pikachu 
New Nintendo 2DS XL Pokeball,219.99,319.99,429.99,045496782313,42396,https://www.pricecharting.com/game/nintendo-3ds/new-nintendo-2ds-xl-pokeball 
New Nintendo 2DS XL White & Orange,219.99,259.99,389.99,045496782283,42395,https://www.pricecharting.com/game/nintendo-3ds/new-nintendo-2ds-xl-white-&-orange 
New Nintendo 3DS Super Mario 3D Edition,144.99,219.99,519.99,,45793,https://www.pricecharting.com/game/nintendo-3ds/new-nintendo-3ds-super-mario-3d-edition 
New Nintendo 3DS Super Mario Black Edition,219.99,309.99,449.99,045496782078,45102,https://www.pricecharting.com/game/nintendo-3ds/new-nintendo-3ds-super-mario-black-edition 
New Nintendo 3DS Super Mario White Edition,149.99,244.99,379.99,045496782061,45215,https://www.pricecharting.com/game/nintendo-3ds/new-nintendo-3ds-super-mario-white-edition 
New Nintendo 3DS XL Black,214.99,269.99,369.99,045496781514,35826,https://www.pricecharting.com/game/nintendo-3ds/new-nintendo-3ds-xl-black 
New Nintendo 3DS XL Fire Emblem Fates Edition,349.99,489.99,604.99,,36469,https://www.pricecharting.com/game/nintendo-3ds/new-nintendo-3ds-xl-fire-emblem-fates-edition 
New Nintendo 3DS XL Galaxy,224.99,289.99,509.99,045496782023649070270359,38509,https://www.pricecharting.com/game/nintendo-3ds/new-nintendo-3ds-xl-galaxy 
New Nintendo 3DS XL Hyrule Edition,324.99,389.99,759.99,,37701,https://www.pricecharting.com/game/nintendo-3ds/new-nintendo-3ds-xl-hyrule-edition 
New Nintendo 3DS XL Lime Green,264.99,314.99,479.99,045496782092,45217,https://www.pricecharting.com/game/nintendo-3ds/new-nintendo-3ds-xl-lime-green 
New Nintendo 3DS XL Monster Hunter 4 Edition,304.99,409.99,459.99,045496781644,37599,https://www.pricecharting.com/game/nintendo-3ds/new-nintendo-3ds-xl-monster-hunter-4-edition 
New Nintendo 3DS XL Monster Hunter Generations Edition,284.99,349.99,559.99,045496782009,37600,https://www.pricecharting.com/game/nintendo-3ds/new-nintendo-3ds-xl-monster-hunter-generations-edition 
New Nintendo 3DS XL Pikachu Edition,339.99,464.99,614.99,045496782191,45216,https://www.pricecharting.com/game/nintendo-3ds/new-nintendo-3ds-xl-pikachu-edition 
New Nintendo 3DS XL Red,189.99,244.99,264.99,045496781507,35827,https://www.pricecharting.com/game/nintendo-3ds/new-nintendo-3ds-xl-red 
New Nintendo 3DS XL Samus Edition,399.99,534.99,724.99,045496591212,39534,https://www.pricecharting.com/game/nintendo-3ds/new-nintendo-3ds-xl-samus-edition 
New Nintendo 3DS XL Solgaleo Lunala Black Edition,274.99,349.99,599.99,045496782085,37138,https://www.pricecharting.com/game/nintendo-3ds/new-nintendo-3ds-xl-solgaleo-lunala-black-edition 
New Nintendo 3DS XL Super NES,374.99,419.99,629.99,045496782320,42397,https://www.pricecharting.com/game/nintendo-3ds/new-nintendo-3ds-xl-super-nes 
New Super Mario Bros. 2,9.99,11.99,19.99,045496742072045496742089,32996,https://www.pricecharting.com/game/nintendo-3ds/new-super-mario-bros-2 
Nicktoons MLB 3D,8.99,16.99,19.99,710425450976,32596,https://www.pricecharting.com/game/nintendo-3ds/nicktoons-mlb-3d 
Nikolis Pencil Puzzle,3.99,3.99,3.99,083717241843,32240,https://www.pricecharting.com/game/nintendo-3ds/nikolis-pencil-puzzle 
Nintendo 2DS Crimson Red,79.99,89.99,129.99,172304351352,35153,https://www.pricecharting.com/game/nintendo-3ds/nintendo-2ds-crimson-red 
Nintendo 2DS Crystal Red,79.99,99.99,154.99,,45738,https://www.pricecharting.com/game/nintendo-3ds/nintendo-2ds-crystal-red 
Nintendo 2DS Electric Blue,79.99,89.99,139.99,021112741636045496782504,35152,https://www.pricecharting.com/game/nintendo-3ds/nintendo-2ds-electric-blue 
Nintendo 2DS Super Mario Bros 2 Edition,64.99,74.99,174.99,045496782214,45737,https://www.pricecharting.com/game/nintendo-3ds/nintendo-2ds-super-mario-bros-2-edition 
Nintendo 2DS Zelda Ocarina of Time Edition,124.99,149.99,249.99,045496782207,45101,https://www.pricecharting.com/game/nintendo-3ds/nintendo-2ds-zelda-ocarina-of-time-edition 
Nintendo 3DS Aqua Blue,129.99,154.99,209.99,045496719227,31254,https://www.pricecharting.com/game/nintendo-3ds/nintendo-3ds-aqua-blue 
Nintendo 3DS Black Zelda Limited Edition,179.99,329.99,629.99,,32509,https://www.pricecharting.com/game/nintendo-3ds/nintendo-3ds-black-zelda-limited-edition 
Nintendo 3DS Blue Fire Emblem Limited Edition,204.99,299.99,514.99,045496780647,33826,https://www.pricecharting.com/game/nintendo-3ds/nintendo-3ds-blue-fire-emblem-limited-edition 
Nintendo 3DS Cosmo Black,124.99,179.99,279.99,045496719210,31255,https://www.pricecharting.com/game/nintendo-3ds/nintendo-3ds-cosmo-black 
Nintendo 3DS Flame Red,134.99,139.99,204.99,763615836319,35213,https://www.pricecharting.com/game/nintendo-3ds/nintendo-3ds-flame-red 
Nintendo 3DS Midnight Purple,134.99,154.99,234.99,045496819798045496719791,33036,https://www.pricecharting.com/game/nintendo-3ds/nintendo-3ds-midnight-purple 
Nintendo 3DS Pearl Pink,119.99,144.99,199.99,045496719753,33037,https://www.pricecharting.com/game/nintendo-3ds/nintendo-3ds-pearl-pink 
Nintendo 3DS Pokemon 20th Anniversary Edition,324.99,444.99,904.99,045496781941,36704,https://www.pricecharting.com/game/nintendo-3ds/nintendo-3ds-pokemon-20th-anniversary-edition 
Nintendo 3DS Silver Mario & Luigi Limited Edition,169.99,219.99,339.99,045496780883,34726,https://www.pricecharting.com/game/nintendo-3ds/nintendo-3ds-silver-mario-&-luigi-limited-edition 
Nintendo 3DS XL Black,169.99,174.99,274.99,088020701053045496780814,40455,https://www.pricecharting.com/game/nintendo-3ds/nintendo-3ds-xl-black 
Nintendo 3DS XL Black & Blue,169.99,179.99,229.99,045496780043,33034,https://www.pricecharting.com/game/nintendo-3ds/nintendo-3ds-xl-black-&-blue 
Nintendo 3DS XL Black & Red,99.99,104.99,164.99,045496780050,33035,https://www.pricecharting.com/game/nintendo-3ds/nintendo-3ds-xl-black-&-red 
Nintendo 3DS XL Blue Super Smash Limited Edition,194.99,279.99,434.99,045496781293,35092,https://www.pricecharting.com/game/nintendo-3ds/nintendo-3ds-xl-blue-super-smash-limited-edition 
Nintendo 3DS XL Groudon Edition,274.99,314.99,474.99,,42398,https://www.pricecharting.com/game/nintendo-3ds/nintendo-3ds-xl-groudon-edition 
Nintendo 3DS XL Kyogre Edition,304.99,344.99,514.99,,42399,https://www.pricecharting.com/game/nintendo-3ds/nintendo-3ds-xl-kyogre-edition 
Nintendo 3DS XL Magical World Mickey Mouse Limited Edition,119.99,144.99,219.99,045496781231,35788,https://www.pricecharting.com/game/nintendo-3ds/nintendo-3ds-xl-magical-world-mickey-mouse-limited-edition 
Nintendo 3DS XL Mario Kart Black/Blue Limited Edition,ND,ND,ND,,,https://www.pricecharting.com/game/nintendo-3ds/nintendo-3ds-xl-mario-kart-blackblue-limited-edition 
Nintendo 3DS XL Nintendo NES Limited Edition,ND,ND,ND,,,https://www.pricecharting.com/game/nintendo-3ds/nintendo-3ds-xl-nintendo-nes-limited-edition 
Nintendo 3DS XL Persona Q Limited Edition,264.99,274.99,399.99,,35390,https://www.pricecharting.com/game/nintendo-3ds/nintendo-3ds-xl-persona-q-limited-edition 
Nintendo 3DS XL Pink & White,209.99,214.99,394.99,,33976,https://www.pricecharting.com/game/nintendo-3ds/nintendo-3ds-xl-pink-&-white 
Nintendo 3DS XL Pokemon X Y Blue Limited Edition,134.99,149.99,249.99,045496780906,34325,https://www.pricecharting.com/game/nintendo-3ds/nintendo-3ds-xl-pokemon-x-y-blue-limited-edition 
Nintendo 3DS XL Pokemon X Y Red Limited Edition,174.99,249.99,449.99,045496780890,34324,https://www.pricecharting.com/game/nintendo-3ds/nintendo-3ds-xl-pokemon-x-y-red-limited-edition 
Nintendo 3DS XL Red Super Smash Limited Edition,204.99,299.99,409.99,045496781309,35091,https://www.pricecharting.com/game/nintendo-3ds/nintendo-3ds-xl-red-super-smash-limited-edition 
Nintendo 3DS XL Super Mario Bros 2 Limited Edition,164.99,339.99,439.99,045496781347,36802,https://www.pricecharting.com/game/nintendo-3ds/nintendo-3ds-xl-super-mario-bros-2-limited-edition 
Nintendo 3DS XL White Animal Crossing Limited Edition,214.99,294.99,334.99,,34725,https://www.pricecharting.com/game/nintendo-3ds/nintendo-3ds-xl-white-animal-crossing-limited-edition 
Nintendo 3DS XL Yellow Pikachu Limited Edition,224.99,329.99,484.99,,33975,https://www.pricecharting.com/game/nintendo-3ds/nintendo-3ds-xl-yellow-pikachu-limited-edition 
Nintendo 3DS XL Yoshi Limited Edition,209.99,254.99,399.99,045496881177,35789,https://www.pricecharting.com/game/nintendo-3ds/nintendo-3ds-xl-yoshi-limited-edition 
Nintendo 3DS XL Zelda Link Between Worlds Limited Edition,234.99,239.99,494.99,045496780975,34618,https://www.pricecharting.com/game/nintendo-3ds/nintendo-3ds-xl-zelda-link-between-worlds-limited-edition 
Nintendo 3DS XL Zelda Majora's Mask Limited Edition,324.99,419.99,594.99,045496781576,35460,https://www.pricecharting.com/game/nintendo-3ds/nintendo-3ds-xl-zelda-majora's-mask-limited-edition 
Nintendogs + Cats: French Bulldog & New Friends,12.99,15.99,24.99,045496741402045496741457,31258,https://www.pricecharting.com/game/nintendo-3ds/nintendogs-+-cats-french-bulldog-&-new-friends 
Nintendogs + Cats: Golden Retriever & New Friends,16.99,19.99,19.99,045496741396045496744113,31257,https://www.pricecharting.com/game/nintendo-3ds/nintendogs-+-cats-golden-retriever-&-new-friends 
Nintendogs + Cats: Golden Retriever & New Friends [Not for Resale],-.01,-.01,-.01,,39506,https://www.pricecharting.com/game/nintendo-3ds/nintendogs-+-cats-golden-retriever-&-new-friends-%5bnot-for-resale%5d 
Nintendogs + Cats: Toy Poodle & New Friends,13.99,15.99,29.99,045496741419,31259,https://www.pricecharting.com/game/nintendo-3ds/nintendogs-+-cats-toy-poodle-&-new-friends 
One Piece: Romance Dawn,13.99,29.99,54.99,722674700566,34855,https://www.pricecharting.com/game/nintendo-3ds/one-piece-romance-dawn 
One Piece: Unlimited World Red Day One Edition,ND,ND,ND,,1721331,https://www.pricecharting.com/game/nintendo-3ds/one-piece-unlimited-world-red-day-one-edition 
Oregon Trail,34.99,44.99,64.99,650008501193,32414,https://www.pricecharting.com/game/nintendo-3ds/oregon-trail 
Outdoors Unleashed: Africa,2.99,5.99,7.99,,32382,https://www.pricecharting.com/game/nintendo-3ds/outdoors-unleashed-africa 
Outdoors Unleashed: Alaska,ND,ND,ND,,,https://www.pricecharting.com/game/nintendo-3ds/outdoors-unleashed-alaska 
Pac Man Party 3D,8.99,12.99,39.99,722674700337,32128,https://www.pricecharting.com/game/nintendo-3ds/pac-man-party-3d 
Pac-Man & Galaga Dimensions,14.99,19.99,39.99,722674700313,31619,https://www.pricecharting.com/game/nintendo-3ds/pac-man-&-galaga-dimensions 
Pac-Man and the Ghostly Adventures,8.99,9.99,19.99,722674700474,34490,https://www.pricecharting.com/game/nintendo-3ds/pac-man-and-the-ghostly-adventures 
Pac-Man and the Ghostly Adventures 2,9.99,12.99,29.99,722674700573,35168,https://www.pricecharting.com/game/nintendo-3ds/pac-man-and-the-ghostly-adventures-2 
Paddington: Adventures in London,3.99,3.99,7.99,816819012802816819012819,35859,https://www.pricecharting.com/game/nintendo-3ds/paddington-adventures-in-london 
Paper Mario: Sticker Star,11.99,16.99,29.99,045496742133,33359,https://www.pricecharting.com/game/nintendo-3ds/paper-mario-sticker-star 
Paws & Claws Pampered Pets Resort 3D,4.99,11.99,19.99,755142330019,32662,https://www.pricecharting.com/game/nintendo-3ds/paws-&-claws-pampered-pets-resort-3d 
Penguins of Madagascar,5.99,7.99,11.99,815403010545,35386,https://www.pricecharting.com/game/nintendo-3ds/penguins-of-madagascar 
Persona Q: Shadow of the Labyrinth,24.99,29.99,44.99,730865300174,35388,https://www.pricecharting.com/game/nintendo-3ds/persona-q-shadow-of-the-labyrinth 
Persona Q: Shadow of the Labyrinth Wild Cards Premium Edition,94.99,119.99,149.99,730865300181,35389,https://www.pricecharting.com/game/nintendo-3ds/persona-q-shadow-of-the-labyrinth-wild-cards-premium-edition 
Pet Zombies,3.99,8.99,15.99,096427017233,32867,https://www.pricecharting.com/game/nintendo-3ds/pet-zombies 
Petz Beach,3.99,4.99,14.99,008888167426,35172,https://www.pricecharting.com/game/nintendo-3ds/petz-beach 
Petz Countryside,4.99,8.99,16.99,008888167433,35173,https://www.pricecharting.com/game/nintendo-3ds/petz-countryside 
Petz Fantasy 3D,5.99,10.99,19.99,008888166764,32329,https://www.pricecharting.com/game/nintendo-3ds/petz-fantasy-3d 
Phineas & Ferb: Quest for Cool Stuff,4.99,5.99,10.99,096427018032,34162,https://www.pricecharting.com/game/nintendo-3ds/phineas-&-ferb-quest-for-cool-stuff 
PilotWings Resort,7.99,10.99,19.99,045496741389,31260,https://www.pricecharting.com/game/nintendo-3ds/pilotwings-resort 
PilotWings Resort [Not for Resale],5.99,-.01,-.01,,39492,https://www.pricecharting.com/game/nintendo-3ds/pilotwings-resort-%5bnot-for-resale%5d 
Pinball Hall of Fame: The Williams Collection,24.99,29.99,34.99,650008500974,31475,https://www.pricecharting.com/game/nintendo-3ds/pinball-hall-of-fame-the-williams-collection 
Planes: Fire & Rescue,5.99,8.99,15.99,815403010484,35278,https://www.pricecharting.com/game/nintendo-3ds/planes-fire-&-rescue 
Pokemon Alpha Sapphire,24.99,29.99,54.99,045496742942045496742959,35411,https://www.pricecharting.com/game/nintendo-3ds/pokemon-alpha-sapphire 
Pokemon Art Academy,29.99,34.99,69.99,045496742867045496742874,35211,https://www.pricecharting.com/game/nintendo-3ds/pokemon-art-academy 
Pokemon Moon,13.99,15.99,34.99,045496743949045496744304045496743956045496744618,37128,https://www.pricecharting.com/game/nintendo-3ds/pokemon-moon 
Pokemon Mystery Dungeon Gates To Infinity,16.99,19.99,44.99,045496742379,33938,https://www.pricecharting.com/game/nintendo-3ds/pokemon-mystery-dungeon-gates-to-infinity 
Pokemon Omega Ruby,24.99,29.99,54.99,045496742928045496742935,35410,https://www.pricecharting.com/game/nintendo-3ds/pokemon-omega-ruby 
Pokemon Omega Ruby & Alpha Sapphire Dual Pack,69.99,84.99,584.99,045496743062,35469,https://www.pricecharting.com/game/nintendo-3ds/pokemon-omega-ruby-&-alpha-sapphire-dual-pack 
Pokemon Rumble Blast,10.99,11.99,24.99,045496741709045496741716,32241,https://www.pricecharting.com/game/nintendo-3ds/pokemon-rumble-blast 
Pokemon Rumble World,17.99,19.99,49.99,045496743765045496743772,36591,https://www.pricecharting.com/game/nintendo-3ds/pokemon-rumble-world 
Pokemon Sun,13.99,16.99,59.99,045496743925045496744601045496743932045496744298,37127,https://www.pricecharting.com/game/nintendo-3ds/pokemon-sun 
Pokemon Sun and Moon Dual Pack,ND,ND,ND,,,https://www.pricecharting.com/game/nintendo-3ds/pokemon-sun-and-moon-dual-pack 
Pokemon Super Mystery Dungeon,19.99,19.99,44.99,045496743314045496743321,36279,https://www.pricecharting.com/game/nintendo-3ds/pokemon-super-mystery-dungeon 
Pokemon Ultra Moon,24.99,29.99,39.99,045496904579,40528,https://www.pricecharting.com/game/nintendo-3ds/pokemon-ultra-moon 
Pokemon Ultra Moon [Starter Bundle],29.99,34.99,54.99,,40537,https://www.pricecharting.com/game/nintendo-3ds/pokemon-ultra-moon-%5bstarter-bundle%5d 
Pokemon Ultra Sun,29.99,29.99,39.99,045496904555045496904562045496744823,40527,https://www.pricecharting.com/game/nintendo-3ds/pokemon-ultra-sun 
Pokemon Ultra Sun & Pokemon Ultra Moon Dual Pack,69.99,79.99,169.99,045496744816,40529,https://www.pricecharting.com/game/nintendo-3ds/pokemon-ultra-sun-&-pokemon-ultra-moon-dual-pack 
Pokemon Ultra Sun & Pokemon Ultra Moon [Steelbook Edition],114.99,179.99,254.99,045496744809,40539,https://www.pricecharting.com/game/nintendo-3ds/pokemon-ultra-sun-&-pokemon-ultra-moon-%5bsteelbook-edition%5d 
Pokemon Ultra Sun [Starter Bundle],19.99,24.99,44.99,,40538,https://www.pricecharting.com/game/nintendo-3ds/pokemon-ultra-sun-%5bstarter-bundle%5d 
Pokemon X,24.99,24.99,44.99,045496742485045496742492,34322,https://www.pricecharting.com/game/nintendo-3ds/pokemon-x 
Pokemon Y,24.99,29.99,54.99,045496742508045496742515,34323,https://www.pricecharting.com/game/nintendo-3ds/pokemon-y 
Poochy & Yoshi's Woolly World,24.99,29.99,44.99,045496744519045496744526045496744557,37247,https://www.pricecharting.com/game/nintendo-3ds/poochy-&-yoshi's-woolly-world 
Poochy & Yoshi's Woolly World [amiibo Bundle],89.99,134.99,164.99,045496744533,37246,https://www.pricecharting.com/game/nintendo-3ds/poochy-&-yoshi's-woolly-world-%5bamiibo-bundle%5d 
Poptropica: Forgotten Islands,3.99,3.99,5.99,887256301255,35174,https://www.pricecharting.com/game/nintendo-3ds/poptropica-forgotten-islands 
Power Rangers Megaforce,6.99,9.99,17.99,722674700467,34519,https://www.pricecharting.com/game/nintendo-3ds/power-rangers-megaforce 
Power Rangers Super Megaforce,8.99,10.99,19.99,722674700603,35241,https://www.pricecharting.com/game/nintendo-3ds/power-rangers-super-megaforce 
Pro Evolution Soccer 2011,2.99,3.99,5.99,083717241867,31092,https://www.pricecharting.com/game/nintendo-3ds/pro-evolution-soccer-2011 
Pro Evolution Soccer 2012,5.99,7.99,10.99,083717241928083717241935,32454,https://www.pricecharting.com/game/nintendo-3ds/pro-evolution-soccer-2012 
Pro Evolution Soccer 2013,6.99,7.99,11.99,083717242109,33839,https://www.pricecharting.com/game/nintendo-3ds/pro-evolution-soccer-2013 
Professor Layton and The Miracle Mask,19.99,24.99,34.99,045496742218,33274,https://www.pricecharting.com/game/nintendo-3ds/professor-layton-and-the-miracle-mask 
Professor Layton and the Azran Legacy,69.99,79.99,109.99,045496742720,34711,https://www.pricecharting.com/game/nintendo-3ds/professor-layton-and-the-azran-legacy 
Professor Layton vs. Phoenix Wright: Ace Attorney,69.99,79.99,129.99,045496742966045496742973,35017,https://www.pricecharting.com/game/nintendo-3ds/professor-layton-vs-phoenix-wright-ace-attorney 
Project X Zone,24.99,29.99,49.99,722674700450,34082,https://www.pricecharting.com/game/nintendo-3ds/project-x-zone 
Project X Zone 2,34.99,34.99,49.99,722674700641,36437,https://www.pricecharting.com/game/nintendo-3ds/project-x-zone-2 
Project X Zone: Limited Edition,24.99,34.99,64.99,,34083,https://www.pricecharting.com/game/nintendo-3ds/project-x-zone-limited-edition 
Puppies 3D,4.99,8.99,24.99,008888166948,32129,https://www.pricecharting.com/game/nintendo-3ds/puppies-3d 
Purr Pals: Purrfection,6.99,8.99,12.99,785138330839,32758,https://www.pricecharting.com/game/nintendo-3ds/purr-pals-purrfection 
Putty Squad,8.99,9.99,19.99,814290012694,34736,https://www.pricecharting.com/game/nintendo-3ds/putty-squad 
Puzzle & Dragons Z + Puzzle & Dragons: Super Mario Bros. Edition     intbl,11.99,12.99,19.99,045496743130045496743147,36120,https://www.pricecharting.com/game/nintendo-3ds/puzzle-&-dragons-z-+-puzzle-&-dragons-super-mario-bros-edition 
Puzzler Mind Gym 3D,3.99,5.99,16.99,008888166986,32949,https://www.pricecharting.com/game/nintendo-3ds/puzzler-mind-gym-3d 
Puzzler World 2012 3D,4.99,5.99,10.99,008888167396,33871,https://www.pricecharting.com/game/nintendo-3ds/puzzler-world-2012-3d 
Puzzler World 2013,19.99,44.99,54.99,814290012328,46424,https://www.pricecharting.com/game/nintendo-3ds/puzzler-world-2013 
RPG Maker FES Limited Edition,29.99,39.99,74.99,,38528,https://www.pricecharting.com/game/nintendo-3ds/rpg-maker-fes-limited-edition 
RPG Maker Fes,9.99,12.99,24.99,813633019239,37835,https://www.pricecharting.com/game/nintendo-3ds/rpg-maker-fes 
Rabbids Rumble,6.99,8.99,14.99,008888166962,33342,https://www.pricecharting.com/game/nintendo-3ds/rabbids-rumble 
Radiant Historia Perfect Chronology,69.99,74.99,94.99,730865300266,45053,https://www.pricecharting.com/game/nintendo-3ds/radiant-historia-perfect-chronology 
Radiant Historia Perfect Chronology [Launch Edition],79.99,94.99,114.99,,45065,https://www.pricecharting.com/game/nintendo-3ds/radiant-historia-perfect-chronology-%5blaunch-edition%5d 
Raving Rabbids: Travel in Time 3D,4.99,7.99,14.99,008888166733,31314,https://www.pricecharting.com/game/nintendo-3ds/raving-rabbids-travel-in-time-3d 
Rayman 3D,7.99,10.99,24.99,008888166740,31087,https://www.pricecharting.com/game/nintendo-3ds/rayman-3d 
Rayman Origins,13.99,19.99,29.99,008888166856,33387,https://www.pricecharting.com/game/nintendo-3ds/rayman-origins 
Real Heroes: Firefighter 3D,4.99,4.99,7.99,857398003041,52683,https://www.pricecharting.com/game/nintendo-3ds/real-heroes-firefighter-3d 
Reel Fishing Paradise 3D,12.99,15.99,24.99,719593140016,31501,https://www.pricecharting.com/game/nintendo-3ds/reel-fishing-paradise-3d 
Regular Show: Mordecai & Rigby in 8-Bit Land,7.99,9.99,15.99,879278006119,34493,https://www.pricecharting.com/game/nintendo-3ds/regular-show-mordecai-&-rigby-in-8-bit-land 
Resident Evil Revelations,15.99,16.99,29.99,013388305087,32474,https://www.pricecharting.com/game/nintendo-3ds/resident-evil-revelations 
Resident Evil: The Mercenaries 3D,15.99,19.99,29.99,013388305018,31527,https://www.pricecharting.com/game/nintendo-3ds/resident-evil-the-mercenaries-3d 
Return to PoPoLoCrois: A Story of Seasons Fairytale,9.99,14.99,19.99,853466001841,36438,https://www.pricecharting.com/game/nintendo-3ds/return-to-popolocrois-a-story-of-seasons-fairytale 
Rhythm Thief & The Emperors Treasure,69.99,114.99,169.99,010086611052,32913,https://www.pricecharting.com/game/nintendo-3ds/rhythm-thief-&-the-emperors-treasure 
Ridge Racer 3D,12.99,19.99,54.99,722674700306,31089,https://www.pricecharting.com/game/nintendo-3ds/ridge-racer-3d 
Rise Of The Guardians,4.99,5.99,12.99,879278360051,33390,https://www.pricecharting.com/game/nintendo-3ds/rise-of-the-guardians 
River City Rival Showdown,16.99,19.99,29.99,719593140139,43490,https://www.pricecharting.com/game/nintendo-3ds/river-city-rival-showdown 
River City Tokyo Rumble,13.99,19.99,29.99,719593140115,37319,https://www.pricecharting.com/game/nintendo-3ds/river-city-tokyo-rumble 
Rodea the Sky Soldier,10.99,13.99,24.99,813633015125,36260,https://www.pricecharting.com/game/nintendo-3ds/rodea-the-sky-soldier 
Rodea the Sky Soldier Limited Edition,39.99,49.99,74.99,615867928543,38383,https://www.pricecharting.com/game/nintendo-3ds/rodea-the-sky-soldier-limited-edition 
Roller Coaster Tycoon 3D,13.99,16.99,29.99,742725278844,33195,https://www.pricecharting.com/game/nintendo-3ds/roller-coaster-tycoon-3d 
Runbow Pocket Deluxe Edition,12.99,16.99,24.99,865810000219,37798,https://www.pricecharting.com/game/nintendo-3ds/runbow-pocket-deluxe-edition 
Rune Factory 4,12.99,17.99,29.99,853466001568,34305,https://www.pricecharting.com/game/nintendo-3ds/rune-factory-4 
Samurai Warriors Chronicles,5.99,8.99,16.99,040198002158,31263,https://www.pricecharting.com/game/nintendo-3ds/samurai-warriors-chronicles 
Scooby-Doo! & Looney Tunes Cartoon Universe Adventure,15.99,24.99,34.99,883929422548,34971,https://www.pricecharting.com/game/nintendo-3ds/scooby-doo-&-looney-tunes-cartoon-universe-adventure 
Scribblenauts Unlimited,3.99,4.99,13.99,883929162130,33345,https://www.pricecharting.com/game/nintendo-3ds/scribblenauts-unlimited 
Scribblenauts Unmasked: A DC Comics Adventure,3.99,3.99,9.99,883929323319,34293,https://www.pricecharting.com/game/nintendo-3ds/scribblenauts-unmasked-a-dc-comics-adventure 
Sega 3D Classics Collection,9.99,10.99,15.99,010086611205,36590,https://www.pricecharting.com/game/nintendo-3ds/sega-3d-classics-collection 
Senran Kagura 2: Deep Crimson Double D Edition,39.99,74.99,104.99,853466001766,35985,https://www.pricecharting.com/game/nintendo-3ds/senran-kagura-2-deep-crimson-double-d-edition 
Shantae and the Pirate's Curse,54.99,74.99,104.99,887195000233,37030,https://www.pricecharting.com/game/nintendo-3ds/shantae-and-the-pirate's-curse 
Shifting World,3.99,8.99,11.99,893610001587,32716,https://www.pricecharting.com/game/nintendo-3ds/shifting-world 
Shin Megami Tensei IV,39.99,49.99,59.99,730865300143,34106,https://www.pricecharting.com/game/nintendo-3ds/shin-megami-tensei-iv 
Shin Megami Tensei IV Apocalypse,59.99,74.99,94.99,730865300242,36939,https://www.pricecharting.com/game/nintendo-3ds/shin-megami-tensei-iv-apocalypse 
Shin Megami Tensei IV Apocalypse Launch Edition,44.99,79.99,89.99,,37783,https://www.pricecharting.com/game/nintendo-3ds/shin-megami-tensei-iv-apocalypse-launch-edition 
Shin Megami Tensei IV Limited Edition,74.99,79.99,119.99,,37197,https://www.pricecharting.com/game/nintendo-3ds/shin-megami-tensei-iv-limited-edition 
Shin Megami Tensei: Devil Summoner: Soul Hackers,39.99,59.99,84.99,730865300136,33980,https://www.pricecharting.com/game/nintendo-3ds/shin-megami-tensei-devil-summoner-soul-hackers 
Shin Megami Tensei: Devil Summoner: Soul Hackers [Soundtrack Bundle],94.99,104.99,129.99,,37784,https://www.pricecharting.com/game/nintendo-3ds/shin-megami-tensei-devil-summoner-soul-hackers-%5bsoundtrack-bundle%5d 
Shin Megami Tensei: Devil Survivor 2 Record Breaker,39.99,49.99,69.99,730865300198,35707,https://www.pricecharting.com/game/nintendo-3ds/shin-megami-tensei-devil-survivor-2-record-breaker 
Shin Megami Tensei: Devil Survivor Overclocked,44.99,59.99,69.99,730865300006,31654,https://www.pricecharting.com/game/nintendo-3ds/shin-megami-tensei-devil-survivor-overclocked 
Shin Megami Tensei: Strange Journey Redux,44.99,54.99,59.99,730865300273,46431,https://www.pricecharting.com/game/nintendo-3ds/shin-megami-tensei-strange-journey-redux 
Shinobi,14.99,19.99,34.99,010086611076,32306,https://www.pricecharting.com/game/nintendo-3ds/shinobi 
Shovel Knight,24.99,29.99,49.99,812303010415,36232,https://www.pricecharting.com/game/nintendo-3ds/shovel-knight 
Skylander's Giants Portal Owners Pack,2.99,5.99,10.99,047875844858,33416,https://www.pricecharting.com/game/nintendo-3ds/skylander's-giants-portal-owners-pack 
Skylander's Giants Starter Pack,5.99,19.99,34.99,047875843943047875844407,33412,https://www.pricecharting.com/game/nintendo-3ds/skylander's-giants-starter-pack 
Skylanders Spyro's Adventure,4.99,10.99,54.99,047875841543,31816,https://www.pricecharting.com/game/nintendo-3ds/skylanders-spyro's-adventure 
Skylanders SuperChargers Starter Pack,11.99,13.99,19.99,047875875708,35986,https://www.pricecharting.com/game/nintendo-3ds/skylanders-superchargers-starter-pack 
Skylanders Swap Force: Starter Pack,9.99,19.99,49.99,047875847217,34409,https://www.pricecharting.com/game/nintendo-3ds/skylanders-swap-force-starter-pack 
Skylanders Trap Team: Starter Pack,12.99,24.99,39.99,047875870505,35124,https://www.pricecharting.com/game/nintendo-3ds/skylanders-trap-team-starter-pack 
Snoopy's Grand Adventure,4.99,6.99,14.99,047875770881,36228,https://www.pricecharting.com/game/nintendo-3ds/snoopy's-grand-adventure 
Sonic & All-Stars Racing Transformed,7.99,9.99,19.99,010086611083,33840,https://www.pricecharting.com/game/nintendo-3ds/sonic-&-all-stars-racing-transformed 
Sonic Boom: Fire & Ice,12.99,15.99,24.99,010086611182,36963,https://www.pricecharting.com/game/nintendo-3ds/sonic-boom-fire-&-ice 
Sonic Boom: Shattered Crystal,10.99,11.99,24.99,010086611144,35314,https://www.pricecharting.com/game/nintendo-3ds/sonic-boom-shattered-crystal 
Sonic Generations,12.99,14.99,29.99,010086611045,32345,https://www.pricecharting.com/game/nintendo-3ds/sonic-generations 
Sonic Lost World,11.99,15.99,24.99,010086611113,34494,https://www.pricecharting.com/game/nintendo-3ds/sonic-lost-world 
Spiderman: Edge of Time,17.99,24.99,49.99,047875841321047875841338,31789,https://www.pricecharting.com/game/nintendo-3ds/spiderman-edge-of-time 
Spirit Camera The Cursed Memoir,19.99,29.99,39.99,045496741969045496741976,32695,https://www.pricecharting.com/game/nintendo-3ds/spirit-camera-the-cursed-memoir 
Splinter Cell 3D,8.99,9.99,16.99,008888166757,31313,https://www.pricecharting.com/game/nintendo-3ds/splinter-cell-3d 
SpongeBob HeroPants,8.99,10.99,24.99,047875770515,35480,https://www.pricecharting.com/game/nintendo-3ds/spongebob-heropants 
SpongeBob SquarePants: Plankton's Robotic Revenge,7.99,7.99,19.99,047875767522,34446,https://www.pricecharting.com/game/nintendo-3ds/spongebob-squarepants-plankton's-robotic-revenge 
SpongeBob SquigglePants uDraw,ND,ND,ND,,,https://www.pricecharting.com/game/nintendo-3ds/spongebob-squigglepants-udraw 
Spy Hunter,8.99,9.99,15.99,883929254828,33169,https://www.pricecharting.com/game/nintendo-3ds/spy-hunter 
Star Fox 64 3D,14.99,24.99,39.99,045496741624045496745233045496741631045496745226,31682,https://www.pricecharting.com/game/nintendo-3ds/star-fox-64-3d 
Star Fox 64 3D [Not for Resale],8.99,-.01,-.01,,39488,https://www.pricecharting.com/game/nintendo-3ds/star-fox-64-3d-%5bnot-for-resale%5d 
Steel Diver,1.99,1.99,4.99,045496741426045496741471,31261,https://www.pricecharting.com/game/nintendo-3ds/steel-diver 
Steel Diver [Not for Resale],2.99,-.01,-.01,,39497,https://www.pricecharting.com/game/nintendo-3ds/steel-diver-%5bnot-for-resale%5d 
Stella Glow,29.99,39.99,74.99,730865300235,36276,https://www.pricecharting.com/game/nintendo-3ds/stella-glow 
Stella Glow Limited Edition,59.99,74.99,114.99,,37785,https://www.pricecharting.com/game/nintendo-3ds/stella-glow-limited-edition 
Story of Seasons,24.99,29.99,54.99,853466001711853466001735,35661,https://www.pricecharting.com/game/nintendo-3ds/story-of-seasons 
Story of Seasons: Trio of Towns,39.99,54.99,69.99,859716006086859716006116,37284,https://www.pricecharting.com/game/nintendo-3ds/story-of-seasons-trio-of-towns 
Style Savvy Trendsetter,12.99,14.99,16.99,045496742270,33224,https://www.pricecharting.com/game/nintendo-3ds/style-savvy-trendsetter 
Style Savvy Trendsetter [Not for Resale],10.99,-.01,-.01,,39494,https://www.pricecharting.com/game/nintendo-3ds/style-savvy-trendsetter-%5bnot-for-resale%5d 
Style Savvy: Fashion Forward,34.99,39.99,54.99,045496743994045496744007,36756,https://www.pricecharting.com/game/nintendo-3ds/style-savvy-fashion-forward 
Super Black Bass 3D,5.99,5.99,9.99,887195000059,33965,https://www.pricecharting.com/game/nintendo-3ds/super-black-bass-3d 
Super Mario 3D Land,8.99,9.99,17.99,045496741723045496741730045496741884,32578,https://www.pricecharting.com/game/nintendo-3ds/super-mario-3d-land 
Super Mario 3D Land [Not for Resale],9.99,-.01,-.01,,39490,https://www.pricecharting.com/game/nintendo-3ds/super-mario-3d-land-%5bnot-for-resale%5d 
Super Mario Maker,8.99,9.99,13.99,045496744472045496745219045496744489,37153,https://www.pricecharting.com/game/nintendo-3ds/super-mario-maker 
Super Monkey Ball 3D,9.99,14.99,16.99,010086611007,31262,https://www.pricecharting.com/game/nintendo-3ds/super-monkey-ball-3d 
Super Smash Bros for Nintendo 3DS,9.99,11.99,24.99,045496742904045496742911,35151,https://www.pricecharting.com/game/nintendo-3ds/super-smash-bros-for-nintendo-3ds 
Super Smash Bros for Nintendo 3DS [Not for Resale],8.99,-.01,-.01,,39498,https://www.pricecharting.com/game/nintendo-3ds/super-smash-bros-for-nintendo-3ds-%5bnot-for-resale%5d 
Super Street Fighter IV 3D Edition,10.99,11.99,29.99,013388305025,31256,https://www.pricecharting.com/game/nintendo-3ds/super-street-fighter-iv-3d-edition 
Super Street Fighter IV 3D Edition [Not for Resale],12.99,-.01,-.01,,39505,https://www.pricecharting.com/game/nintendo-3ds/super-street-fighter-iv-3d-edition-%5bnot-for-resale%5d 
Sushi Striker,1.99,4.99,7.99,045496904593045496904609,46961,https://www.pricecharting.com/game/nintendo-3ds/sushi-striker 
Tales of the Abyss,34.99,44.99,79.99,722674700320,32496,https://www.pricecharting.com/game/nintendo-3ds/tales-of-the-abyss 
Teenage Mutant Ninja Turtles,4.99,5.99,14.99,047875767621047875767638,34453,https://www.pricecharting.com/game/nintendo-3ds/teenage-mutant-ninja-turtles 
Teenage Mutant Ninja Turtles (Movie),10.99,12.99,19.99,047875770126,36121,https://www.pricecharting.com/game/nintendo-3ds/teenage-mutant-ninja-turtles-(movie) 
Teenage Mutant Ninja Turtles Master Splinter's Training Pack,10.99,16.99,24.99,047875770645,36234,https://www.pricecharting.com/game/nintendo-3ds/teenage-mutant-ninja-turtles-master-splinter's-training-pack 
Teenage Mutant Ninja Turtles: Danger of the Ooze,5.99,8.99,15.99,047875770430047875770447,35315,https://www.pricecharting.com/game/nintendo-3ds/teenage-mutant-ninja-turtles-danger-of-the-ooze 
Tekken 3DS Prime Edition,39.99,64.99,79.99,722674700375,32497,https://www.pricecharting.com/game/nintendo-3ds/tekken-3ds-prime-edition 
Tenkai Knights: Brave Battle,3.99,4.99,8.99,722674700597,35145,https://www.pricecharting.com/game/nintendo-3ds/tenkai-knights-brave-battle 
Tenkai Knights: Brave Battle Limited Edition,9.99,9.99,15.99,722674700658,35146,https://www.pricecharting.com/game/nintendo-3ds/tenkai-knights-brave-battle-limited-edition 
Terraria,24.99,24.99,34.99,812872018553812872018614,37318,https://www.pricecharting.com/game/nintendo-3ds/terraria 
Tetris Axis,11.99,12.99,29.99,045496741808,31791,https://www.pricecharting.com/game/nintendo-3ds/tetris-axis 
Tetris Ultimate,17.99,19.99,34.99,887256000073,35316,https://www.pricecharting.com/game/nintendo-3ds/tetris-ultimate 
The Croods: Prehistoric Party,4.99,4.99,8.99,879278360037,33922,https://www.pricecharting.com/game/nintendo-3ds/the-croods-prehistoric-party 
The Hidden,9.99,12.99,19.99,096427017370,31792,https://www.pricecharting.com/game/nintendo-3ds/the-hidden 
The Sims 3,13.99,14.99,29.99,014633195477,31645,https://www.pricecharting.com/game/nintendo-3ds/the-sims-3 
The Sims 3: Pets,19.99,24.99,49.99,014633196184,32428,https://www.pricecharting.com/game/nintendo-3ds/the-sims-3-pets 
The Smurfs,4.99,8.99,15.99,887256015398,36936,https://www.pricecharting.com/game/nintendo-3ds/the-smurfs 
Theatrhythm Final Fantasy: Curtain Call,7.99,8.99,13.99,662248914152662248914169,35060,https://www.pricecharting.com/game/nintendo-3ds/theatrhythm-final-fantasy-curtain-call 
Theatrhythm Final Fantasy: Curtain Call Collector's Edition,54.99,64.99,99.99,662248914824,35062,https://www.pricecharting.com/game/nintendo-3ds/theatrhythm-final-fantasy-curtain-call-collector's-edition 
Theatrhythm Final Fantasy: Curtain Call Limited Edition,10.99,14.99,24.99,662248914800,35061,https://www.pricecharting.com/game/nintendo-3ds/theatrhythm-final-fantasy-curtain-call-limited-edition 
Theatrhythm: Final Fantasy,5.99,8.99,11.99,662248912219662248912226662248912424,32900,https://www.pricecharting.com/game/nintendo-3ds/theatrhythm-final-fantasy 
Thor: God of Thunder,12.99,16.99,19.99,010086611014,31528,https://www.pricecharting.com/game/nintendo-3ds/thor-god-of-thunder 
Tomodachi Life,19.99,24.99,39.99,045496742782045496744120,34927,https://www.pricecharting.com/game/nintendo-3ds/tomodachi-life 
Top Trumps: NBA All-Stars,5.99,7.99,11.99,857398003102,35216,https://www.pricecharting.com/game/nintendo-3ds/top-trumps-nba-all-stars 
Transformers: Dark of the Moon Stealth Force Edition,4.99,5.99,19.99,047875841444,31471,https://www.pricecharting.com/game/nintendo-3ds/transformers-dark-of-the-moon-stealth-force-edition 
Transformers: Prime,7.99,9.99,24.99,047875843424,33262,https://www.pricecharting.com/game/nintendo-3ds/transformers-prime 
Transformers: Rise of the Dark Spark,7.99,10.99,29.99,047875849563,34949,https://www.pricecharting.com/game/nintendo-3ds/transformers-rise-of-the-dark-spark 
Trash Packs,2.99,3.99,5.99,047875767225,33264,https://www.pricecharting.com/game/nintendo-3ds/trash-packs 
Travel Adventures with Hello Kitty,7.99,19.99,29.99,793573196385,39604,https://www.pricecharting.com/game/nintendo-3ds/travel-adventures-with-hello-kitty 
Turbo: Super Stunt Squad,3.99,5.99,9.99,879278360099,34113,https://www.pricecharting.com/game/nintendo-3ds/turbo-super-stunt-squad 
Ultimate NES Remix,9.99,10.99,19.99,045496742980045496744960045496744977045496742997,35400,https://www.pricecharting.com/game/nintendo-3ds/ultimate-nes-remix 
WWE All Stars,13.99,15.99,34.99,785138330716,32351,https://www.pricecharting.com/game/nintendo-3ds/wwe-all-stars 
Wario Ware Gold,34.99,34.99,39.99,045496745004045496745011,49698,https://www.pricecharting.com/game/nintendo-3ds/wario-ware-gold 
Winx Club: Saving Alfea,34.99,39.99,54.99,815403010453,35317,https://www.pricecharting.com/game/nintendo-3ds/winx-club-saving-alfea 
Wipeout 2,3.99,4.99,7.99,047875765764047875765771,31925,https://www.pricecharting.com/game/nintendo-3ds/wipeout-2 
Wipeout 3,3.99,4.99,7.99,047875769380,33134,https://www.pricecharting.com/game/nintendo-3ds/wipeout-3 
Wipeout: Create & Crash,3.99,3.99,8.99,047875767706,34418,https://www.pricecharting.com/game/nintendo-3ds/wipeout-create-&-crash 
Wreck It Ralph,3.99,4.99,12.99,047875769755,33268,https://www.pricecharting.com/game/nintendo-3ds/wreck-it-ralph 
Xenoblade Chronicles 3D,15.99,17.99,44.99,045496743178045496743185,35673,https://www.pricecharting.com/game/nintendo-3ds/xenoblade-chronicles-3d 
Yo-Kai Watch,5.99,7.99,8.99,045496743369045496743376,36242,https://www.pricecharting.com/game/nintendo-3ds/yo-kai-watch 
Yo-Kai Watch 2 Bony Spirits,11.99,13.99,19.99,045496744229045496744045045496744052,36967,https://www.pricecharting.com/game/nintendo-3ds/yo-kai-watch-2-bony-spirits 
Yo-Kai Watch 2 Bony Spirits [Not for Resale],5.99,-.01,-.01,,39503,https://www.pricecharting.com/game/nintendo-3ds/yo-kai-watch-2-bony-spirits-%5bnot-for-resale%5d 
Yo-Kai Watch 2 Fleshy Souls,11.99,14.99,19.99,045496744205045496744021045496744038,36966,https://www.pricecharting.com/game/nintendo-3ds/yo-kai-watch-2-fleshy-souls 
Yo-Kai Watch 2: Psychic Specters,54.99,64.99,74.99,045496591144,39960,https://www.pricecharting.com/game/nintendo-3ds/yo-kai-watch-2-psychic-specters 
Yo-Kai Watch Blasters: Red Cat Corps,64.99,114.99,154.99,045496745141,50182,https://www.pricecharting.com/game/nintendo-3ds/yo-kai-watch-blasters-red-cat-corps 
Yo-Kai Watch Blasters: White Dog Squad,84.99,94.99,134.99,045496745165,50183,https://www.pricecharting.com/game/nintendo-3ds/yo-kai-watch-blasters-white-dog-squad 
Yo-Kai Watch [Not for Resale],4.99,-.01,-.01,,39502,https://www.pricecharting.com/game/nintendo-3ds/yo-kai-watch-%5bnot-for-resale%5d 
Yoshi's New Island,11.99,12.99,24.99,045496742683045496743840,34744,https://www.pricecharting.com/game/nintendo-3ds/yoshi's-new-island 
Yoshi's New Island [Not for Resale],12.99,-.01,-.01,,39507,https://www.pricecharting.com/game/nintendo-3ds/yoshi's-new-island-%5bnot-for-resale%5d 
Young Justice: Legacy,4.99,5.99,9.99,815403010231,34606,https://www.pricecharting.com/game/nintendo-3ds/young-justice-legacy 
Zelda A Link Between Worlds,15.99,19.99,64.99,045496742539045496742546,34613,https://www.pricecharting.com/game/nintendo-3ds/zelda-a-link-between-worlds 
Zelda A Link Between Worlds [Not for Resale],24.99,-.01,-.01,,37963,https://www.pricecharting.com/game/nintendo-3ds/zelda-a-link-between-worlds-%5bnot-for-resale%5d 
Zelda Majora's Mask 3D,ND,ND,ND,,,https://www.pricecharting.com/game/nintendo-3ds/ze lda-majora's-mask-3d 
Zelda Majora's Mask 3D Limited Edition,79.99,99.99,149.99,045496743116,35554,https://www.pricecharting.com/game/nintendo-3ds/zelda-majora's-mask-3d-limited-edition 
Zelda Majora's Mask 3D [Not for Resale],13.99,-.01,-.01,,39499,https://www.pricecharting.com/game/nintendo-3ds/zelda-majora's-mask-3d-%5bnot-for-resale%5d 
Zelda Ocarina of Time 3D,13.99,16.99,24.99,045496741556045496741563,31500,https://www.pricecharting.com/game/nintendo-3ds/zelda-ocarina-of-time-3d 
Zelda Ocarina of Time 3D [Not for Resale],12.99,-.01,-.01,,37961,https://www.pricecharting.com/game/nintendo-3ds/zelda-ocarina-of-time-3d-%5bnot-for-resale%5d 
Zelda Ocarina of Time 3D: Nintendo Selects,11.99,15.99,19.99,045496743789045496743796,36496,https://www.pricecharting.com/game/nintendo-3ds/zelda-ocarina-of-time-3d-nintendo-selects 
Zelda Tri Force Heroes,9.99,11.99,15.99,045496743345045496743352,36172,https://www.pricecharting.com/game/nintendo-3ds/zelda-tri-force-heroes 
Zero Escape: Virtues Last Reward,13.99,17.99,34.99,893610001631,33227,https://www.pricecharting.com/game/nintendo-3ds/zero-escape-virtues-last-reward 
Zero Time Dilemma,24.99,29.99,39.99,865415000195,36702,https://www.pricecharting.com/game/nintendo-3ds/zero-time-dilemma 
Zoo Resort 3D,5.99,8.99,15.99,008888166870,32248,https://www.pricecharting.com/game/nintendo-3ds/zoo-resort-3d 
