3 Ninjas Kick Back,114.99,594.99,1914.99,735009215109,6828,https://www.pricecharting.com/game/super-nintendo/3-ninjas-kick-back 
AAAHH Real Monsters,7.99,39.99,79.99,040824212036,7258,https://www.pricecharting.com/game/super-nintendo/aaahh-real-monsters 
ABC Monday Night Football,5.99,14.99,49.99,013250011054,13002,https://www.pricecharting.com/game/super-nintendo/abc-monday-night-football 
ACME Animation Factory,14.99,44.99,149.99,020763110426,13003,https://www.pricecharting.com/game/super-nintendo/acme-animation-factory 
ActRaiser,44.99,164.99,419.99,719631000036,6830,https://www.pricecharting.com/game/super-nintendo/actraiser 
ActRaiser 2,39.99,124.99,244.99,719631000098,6831,https://www.pricecharting.com/game/super-nintendo/actraiser-2 
Addams Family Pugsley's Scavenger Hunt,17.99,34.99,229.99,020295030094,6832,https://www.pricecharting.com/game/super-nintendo/addams-family-pugsley's-scavenger-hunt 
Addams Family Values,19.99,74.99,249.99,020295030155,6833,https://www.pricecharting.com/game/super-nintendo/addams-family-values 
Adventures of Batman and Robin,134.99,494.99,1589.99,083717150152,7261,https://www.pricecharting.com/game/super-nintendo/adventures-of-batman-and-robin 
Adventures of Dr Franken,12.99,44.99,119.99,739711811086,7262,https://www.pricecharting.com/game/super-nintendo/adventures-of-dr-franken 
Adventures of Mighty Max,9.99,44.99,314.99,020295050160,7263,https://www.pricecharting.com/game/super-nintendo/adventures-of-mighty-max 
Adventures of Yogi Bear,19.99,49.99,134.99,043948510224,8473,https://www.pricecharting.com/game/super-nintendo/adventures-of-yogi-bear 
Aerobiz,29.99,89.99,294.99,040198000512,6836,https://www.pricecharting.com/game/super-nintendo/aerobiz 
Aerobiz Supersonic,39.99,99.99,204.99,040198000741,6837,https://www.pricecharting.com/game/super-nintendo/aerobiz-supersonic 
Aero Fighters,804.99,1324.99,4879.99,724817930021,12576,https://www.pricecharting.com/game/super-nintendo/aero-fighters 
Aero the Acro-Bat,8.99,49.99,114.99,020763110310,8475,https://www.pricecharting.com/game/super-nintendo/aero-the-acro-bat 
Aero the Acro-Bat 2,49.99,134.99,404.99,020763110464,6835,https://www.pricecharting.com/game/super-nintendo/aero-the-acro-bat-2 
Air Cavalry,16.99,54.99,159.99,043948600024,13004,https://www.pricecharting.com/game/super-nintendo/air-cavalry 
Aladdin,12.99,49.99,254.99,013388130122,6839,https://www.pricecharting.com/game/super-nintendo/aladdin 
Alien 3,24.99,94.99,414.99,023582087061,6840,https://www.pricecharting.com/game/super-nintendo/alien-3 
Alien vs Predator,29.99,194.99,644.99,047875540026,10414,https://www.pricecharting.com/game/super-nintendo/alien-vs-predator 
Al Unser Jr.'s Road To The Top,8.99,44.99,84.99,050047114857,6838,https://www.pricecharting.com/game/super-nintendo/al-unser-jr's-road-to-the-top 
American Gladiators,7.99,34.99,249.99,043948510101,6841,https://www.pricecharting.com/game/super-nintendo/american-gladiators 
An American Tail Fievel Goes West,79.99,144.99,429.99,039854000362,6842,https://www.pricecharting.com/game/super-nintendo/an-american-tail-fievel-goes-west 
Andre Agassi Tennis,16.99,19.99,69.99,751571220013,6843,https://www.pricecharting.com/game/super-nintendo/andre-agassi-tennis 
Animaniacs,10.99,44.99,154.99,083717150183,6844,https://www.pricecharting.com/game/super-nintendo/animaniacs 
Arcade's Greatest Hits Atari Collection 1,13.99,24.99,79.99,031719199716,30262,https://www.pricecharting.com/game/super-nintendo/arcade's-greatest-hits-atari-collection-1 
Arcana,34.99,69.99,369.99,040458855043,6845,https://www.pricecharting.com/game/super-nintendo/arcana 
Ardy Lightfoot,ND,ND,ND,,,https://www.pricecharting.com/game/super-nintendo/ardy-lightfoot 
Arkanoid Doh It Again,19.99,24.99,94.99,020588010833045496830632,6847,https://www.pricecharting.com/game/super-nintendo/arkanoid-doh-it-again 
Art of Fighting,8.99,34.99,114.99,026483340488,6848,https://www.pricecharting.com/game/super-nintendo/art-of-fighting 
A.S.P. Air Strike Patrol,24.99,69.99,219.99,092826942015,6829,https://www.pricecharting.com/game/super-nintendo/asp-air-strike-patrol 
Axelay,79.99,184.99,769.99,083717150053,6849,https://www.pricecharting.com/game/super-nintendo/axelay 
Ballz 3D,6.99,16.99,69.99,015605054136,6850,https://www.pricecharting.com/game/super-nintendo/ballz-3d 
Barbie Super Model,10.99,39.99,194.99,087855000775,6851,https://www.pricecharting.com/game/super-nintendo/barbie-super-model 
Barkley: Shut Up and Jam!,4.99,24.99,154.99,015605053115,14057,https://www.pricecharting.com/game/super-nintendo/barkley-shut-up-and-jam 
Baseball Simulator 1.000,ND,ND,ND,,,https://www.pricecharting.com/game/super-nintendo/baseball-simulator-1000 
Bassin's Black Bass,12.99,29.99,94.99,093455100128,6865,https://www.pricecharting.com/game/super-nintendo/bassin's-black-bass 
Bass Masters Classic,6.99,19.99,64.99,758739230112,16436,https://www.pricecharting.com/game/super-nintendo/bass-masters-classic 
Bass Masters Classic Pro Edition,6.99,12.99,34.99,785138330075,13006,https://www.pricecharting.com/game/super-nintendo/bass-masters-classic-pro-edition 
Batman Forever,6.99,29.99,159.99,021481620198,6853,https://www.pricecharting.com/game/super-nintendo/batman-forever 
Batman Returns,19.99,144.99,254.99,083717150084,6854,https://www.pricecharting.com/game/super-nintendo/batman-returns 
Battle Blaze,8.99,29.99,69.99,039471905163,13007,https://www.pricecharting.com/game/super-nintendo/battle-blaze 
Battle Cars,12.99,29.99,139.99,722674020183,6855,https://www.pricecharting.com/game/super-nintendo/battle-cars 
Battle Clash,4.99,19.99,64.99,045496830168,6856,https://www.pricecharting.com/game/super-nintendo/battle-clash 
Battle Grand Prix,12.99,34.99,344.99,039854000300,6857,https://www.pricecharting.com/game/super-nintendo/battle-grand-prix 
Battletoads and Double Dragon,ND,ND,ND,,,https://www.pricecharting.com/game/super-nintendo/battletoads-and-double-dragon 
Battletoads In Battlemaniacs,39.99,154.99,174.99,031719199204,6859,https://www.pricecharting.com/game/super-nintendo/battletoads-in-battlemaniacs 
Bazooka Blitzkrieg,24.99,74.99,134.99,045557088309,6860,https://www.pricecharting.com/game/super-nintendo/bazooka-blitzkrieg 
Beauty and the Beast,39.99,69.99,224.99,039854000379,6861,https://www.pricecharting.com/game/super-nintendo/beauty-and-the-beast 
Beavis and Butt-Head,ND,ND,ND,,,https://www.pricecharting.com/game/super-nintendo/beavis-and-butt-head 
Bebe's Kids,34.99,119.99,359.99,766938274189,6862,https://www.pricecharting.com/game/super-nintendo/bebe's-kids 
Beethoven,8.99,34.99,114.99,087855000706,13008,https://www.pricecharting.com/game/super-nintendo/beethoven 
Big Sky Trooper,24.99,64.99,139.99,009119950428,6863,https://www.pricecharting.com/game/super-nintendo/big-sky-trooper 
Biker Mice From Mars,74.99,209.99,669.99,083717150190,6864,https://www.pricecharting.com/game/super-nintendo/biker-mice-from-mars 
Bill Laimbeer's Combat Basketball,5.99,16.99,134.99,039854000140,14220,https://www.pricecharting.com/game/super-nintendo/bill-laimbeer's-combat-basketball 
Bill Walsh College Football,3.99,12.99,49.99,014633072976,16236,https://www.pricecharting.com/game/super-nintendo/bill-walsh-college-football 
Biometal,34.99,189.99,259.99,047875540170,13010,https://www.pricecharting.com/game/super-nintendo/biometal 
Blackthorne,44.99,139.99,339.99,040421820122,13012,https://www.pricecharting.com/game/super-nintendo/blackthorne 
BlaZeon,54.99,179.99,244.99,730865300020,13011,https://www.pricecharting.com/game/super-nintendo/blazeon 
Blues Brothers,24.99,69.99,229.99,091493041595,6866,https://www.pricecharting.com/game/super-nintendo/blues-brothers 
B.O.B.,17.99,24.99,89.99,014633070859,6867,https://www.pricecharting.com/game/super-nintendo/bob 
Bonkers,24.99,104.99,674.99,013388130245,13013,https://www.pricecharting.com/game/super-nintendo/bonkers 
Boogerman A Pick and Flick Adventure,69.99,159.99,514.99,040421820184,6868,https://www.pricecharting.com/game/super-nintendo/boogerman-a-pick-and-flick-adventure 
Boxing Legends Of The Ring,3.99,15.99,109.99,099451111557,13838,https://www.pricecharting.com/game/super-nintendo/boxing-legends-of-the-ring 
Brain Lord,44.99,104.99,249.99,719631000128,6869,https://www.pricecharting.com/game/super-nintendo/brain-lord 
Bram Stoker's Dracula,8.99,29.99,169.99,090451301061,13014,https://www.pricecharting.com/game/super-nintendo/bram-stoker's-dracula 
Brandish,59.99,169.99,544.99,040198000833,6870,https://www.pricecharting.com/game/super-nintendo/brandish 
Brawl Brothers,34.99,99.99,279.99,032264700082,6871,https://www.pricecharting.com/game/super-nintendo/brawl-brothers 
BreakThru,10.99,19.99,84.99,085004153303,6872,https://www.pricecharting.com/game/super-nintendo/breakthru 
Breath of Fire,39.99,154.99,289.99,094629147048094689141048,6873,https://www.pricecharting.com/game/super-nintendo/breath-of-fire 
Breath of Fire II,89.99,289.99,594.99,013388130306,6874,https://www.pricecharting.com/game/super-nintendo/breath-of-fire-ii 
Brett Hull Hockey,5.99,17.99,84.99,015605013027,13015,https://www.pricecharting.com/game/super-nintendo/brett-hull-hockey 
Brett Hull Hockey '95,6.99,19.99,89.99,015605054105,14877,https://www.pricecharting.com/game/super-nintendo/brett-hull-hockey-'95 
Bronkie The Bronchiasaurus,344.99,394.99,649.99,747484003027,14358,https://www.pricecharting.com/game/super-nintendo/bronkie-the-bronchiasaurus 
Brunswick World Tournament of Champions,3.99,10.99,24.99,785138330136,12965,https://www.pricecharting.com/game/super-nintendo/brunswick-world-tournament-of-champions 
Brutal Paws of Fury,8.99,29.99,104.99,043948510187,7282,https://www.pricecharting.com/game/super-nintendo/brutal-paws-of-fury 
Bubsy,11.99,29.99,114.99,015605052118,12550,https://www.pricecharting.com/game/super-nintendo/bubsy 
Bubsy II,13.99,39.99,1339.99,015605054037,6875,https://www.pricecharting.com/game/super-nintendo/bubsy-ii 
Bugs Bunny Rabbit Rampage,9.99,34.99,119.99,020763110341,10576,https://www.pricecharting.com/game/super-nintendo/bugs-bunny-rabbit-rampage 
Bulls Vs Blazers and the NBA Playoffs,2.99,12.99,594.99,014633070781,13819,https://www.pricecharting.com/game/super-nintendo/bulls-vs-blazers-and-the-nba-playoffs 
Burn-In/Test Cartridge,34.99,-.01,-.01,,33055,https://www.pricecharting.com/game/super-nintendo/burn-intest-cartridge 
Bust-A-Move,29.99,54.99,189.99,020588010956,6876,https://www.pricecharting.com/game/super-nintendo/bust-a-move 
Cacoma Knight in Bizyland,29.99,74.99,239.99,092826932016,6877,https://www.pricecharting.com/game/super-nintendo/cacoma-knight-in-bizyland 
California Games II,8.99,19.99,49.99,739711810386,6878,https://www.pricecharting.com/game/super-nintendo/california-games-ii 
Cal Ripken Jr. Baseball,5.99,12.99,334.99,050047111368,18557,https://www.pricecharting.com/game/super-nintendo/cal-ripken-jr-baseball 
Cannondale Cup,17.99,44.99,284.99,729627121119,12948,https://www.pricecharting.com/game/super-nintendo/cannondale-cup 
Capcom's MVP Football,5.99,19.99,109.99,013388130092,14228,https://www.pricecharting.com/game/super-nintendo/capcom's-mvp-football 
Capcom's Soccer Shootout,24.99,99.99,109.99,013388130214,6879,https://www.pricecharting.com/game/super-nintendo/capcom's-soccer-shootout 
Captain America and the Avengers,17.99,79.99,334.99,050047113720,7288,https://www.pricecharting.com/game/super-nintendo/captain-america-and-the-avengers 
Captain Commando,134.99,299.99,964.99,013388130269,6880,https://www.pricecharting.com/game/super-nintendo/captain-commando 
Captain Novolin,104.99,239.99,369.99,747484001016,6881,https://www.pricecharting.com/game/super-nintendo/captain-novolin 
Carrier Aces,7.99,29.99,64.99,043948600017,6882,https://www.pricecharting.com/game/super-nintendo/carrier-aces 
Casper,89.99,334.99,1079.99,719593030096,6883,https://www.pricecharting.com/game/super-nintendo/casper 
Castlevania Dracula X,339.99,869.99,2784.99,083717150237,6884,https://www.pricecharting.com/game/super-nintendo/castlevania-dracula-x 
Championship Karate,ND,ND,ND,,,https://www.pricecharting.com/game/super-nintendo/championship-karate 
Championship Pool,3.99,11.99,54.99,050047113676,6885,https://www.pricecharting.com/game/super-nintendo/championship-pool 
Championship Soccer '94,11.99,29.99,84.99,735009216809,6886,https://www.pricecharting.com/game/super-nintendo/championship-soccer-'94 
Champions World Class Soccer,4.99,11.99,39.99,021481601081,13016,https://www.pricecharting.com/game/super-nintendo/champions-world-class-soccer 
Chavez Boxing,34.99,54.99,254.99,729627121096,32682,https://www.pricecharting.com/game/super-nintendo/chavez-boxing 
Chavez Boxing II,44.99,99.99,719.99,729627121126,12588,https://www.pricecharting.com/game/super-nintendo/chavez-boxing-ii 
Chessmaster,5.99,16.99,54.99,050047110118,6887,https://www.pricecharting.com/game/super-nintendo/chessmaster 
Chester Cheetah Too Cool to Fool,16.99,59.99,174.99,021996000065,13770,https://www.pricecharting.com/game/super-nintendo/chester-cheetah-too-cool-to-fool 
Chester Cheetah Wild Wild Quest,24.99,59.99,269.99,021996000164,13756,https://www.pricecharting.com/game/super-nintendo/chester-cheetah-wild-wild-quest 
Choplifter 3,24.99,69.99,134.99,027479800030,6888,https://www.pricecharting.com/game/super-nintendo/choplifter-3 
Chrono Trigger,219.99,699.99,2249.99,094689151047,6889,https://www.pricecharting.com/game/super-nintendo/chrono-trigger 
Chuck Rock,9.99,39.99,124.99,090451304055,7293,https://www.pricecharting.com/game/super-nintendo/chuck-rock 
ClayFighter,11.99,64.99,124.99,040421820115,10421,https://www.pricecharting.com/game/super-nintendo/clayfighter 
ClayFighter 2 Judgement Clay,ND,ND,ND,,,https://www.pricecharting.com/game/super-nintendo/clayfighter-2-judgement-clay 
Clay Fighter Tournament Edition,14.99,69.99,219.99,040421820153,6890,https://www.pricecharting.com/game/super-nintendo/clay-fighter-tournament-edition 
Claymates,14.99,29.99,94.99,040421820061,6891,https://www.pricecharting.com/game/super-nintendo/claymates 
Cliffhanger,7.99,34.99,209.99,090451306035,7294,https://www.pricecharting.com/game/super-nintendo/cliffhanger 
Clue,5.99,19.99,69.99,073000040994,7295,https://www.pricecharting.com/game/super-nintendo/clue 
College Football 97,ND,ND,ND,,,https://www.pricecharting.com/game/super-nintendo/college-football-97 
College Slam,5.99,19.99,64.99,021481620563,16206,https://www.pricecharting.com/game/super-nintendo/college-slam 
Congo's Caper,24.99,89.99,294.99,013252011045,6893,https://www.pricecharting.com/game/super-nintendo/congo's-caper 
Contra III The Alien Wars,44.99,184.99,434.99,083717150039,6894,https://www.pricecharting.com/game/super-nintendo/contra-iii-the-alien-wars 
Cool Spot,17.99,44.99,149.99,052145840041,8762,https://www.pricecharting.com/game/super-nintendo/cool-spot 
Cool World,13.99,89.99,434.99,020295030087,13018,https://www.pricecharting.com/game/super-nintendo/cool-world 
Cutthroat Island,12.99,24.99,79.99,021481620228,10902,https://www.pricecharting.com/game/super-nintendo/cutthroat-island 
Cybernator,39.99,124.99,384.99,083717150060,6895,https://www.pricecharting.com/game/super-nintendo/cybernator 
Cyber Spin,8.99,24.99,84.99,026483340280,13019,https://www.pricecharting.com/game/super-nintendo/cyber-spin 
Daffy Duck Marvin Missions,11.99,39.99,134.99,020763110327,7303,https://www.pricecharting.com/game/super-nintendo/daffy-duck-marvin-missions 
Darius Twin,16.99,54.99,119.99,020588010413,13020,https://www.pricecharting.com/game/super-nintendo/darius-twin 
David Crane's Amazing Tennis,5.99,13.99,114.99,099451032227,19250,https://www.pricecharting.com/game/super-nintendo/david-crane's-amazing-tennis 
Demolition Man,14.99,29.99,179.99,021481620419,7304,https://www.pricecharting.com/game/super-nintendo/demolition-man 
Demon's Crest,139.99,399.99,1274.99,013388130283,6896,https://www.pricecharting.com/game/super-nintendo/demon's-crest 
Dennis the Menace,7.99,24.99,84.99,020295030117,10579,https://www.pricecharting.com/game/super-nintendo/dennis-the-menace 
Desert Strike Return to the Gulf,10.99,29.99,59.99,014633071405,13021,https://www.pricecharting.com/game/super-nintendo/desert-strike-return-to-the-gulf 
D-Force,5.99,29.99,89.99,096066911114,6897,https://www.pricecharting.com/game/super-nintendo/d-force 
Dig and Spike Volleyball,7.99,19.99,79.99,039854000317,6898,https://www.pricecharting.com/game/super-nintendo/dig-and-spike-volleyball 
Dino City,12.99,79.99,184.99,715664392049,6899,https://www.pricecharting.com/game/super-nintendo/dino-city 
Dirt Trax FX,10.99,34.99,114.99,021481620501,13022,https://www.pricecharting.com/game/super-nintendo/dirt-trax-fx 
Donkey Kong Country,19.99,99.99,1214.99,045496830359,6900,https://www.pricecharting.com/game/super-nintendo/donkey-kong-country 
Donkey Kong Country 2,24.99,89.99,794.99,045496830489,6901,https://www.pricecharting.com/game/super-nintendo/donkey-kong-country-2 
Donkey Kong Country 3,29.99,114.99,829.99,045496830557,6902,https://www.pricecharting.com/game/super-nintendo/donkey-kong-country-3 
Donkey Kong Country Competition Edition,ND,ND,ND,,,https://www.pricecharting.com/game/super-nintendo/donkey-kong-country-competition-edition 
Doom,34.99,129.99,409.99,031719199501,6903,https://www.pricecharting.com/game/super-nintendo/doom 
Doomsday Warrior,14.99,44.99,84.99,720238102405,13773,https://www.pricecharting.com/game/super-nintendo/doomsday-warrior 
Doom Troopers,34.99,114.99,374.99,796298067503,6904,https://www.pricecharting.com/game/super-nintendo/doom-troopers 
Double Dragon V The Shadow Falls,19.99,49.99,234.99,031719199419,6905,https://www.pricecharting.com/game/super-nintendo/double-dragon-v-the-shadow-falls 
Dragon Bruce Lee,ND,ND,ND,,,https://www.pricecharting.com/game/super-nintendo/dragon-bruce-lee 
Dragon's Lair,14.99,59.99,149.99,013252011038,11861,https://www.pricecharting.com/game/super-nintendo/dragon's-lair 
Dragon View,169.99,304.99,979.99,741648001102,6906,https://www.pricecharting.com/game/super-nintendo/dragon-view 
Drakkhen,8.99,39.99,99.99,044499006013,6907,https://www.pricecharting.com/game/super-nintendo/drakkhen 
Dream TV,12.99,39.99,129.99,726268001572,6908,https://www.pricecharting.com/game/super-nintendo/dream-tv 
Dungeon Master,24.99,69.99,234.99,009119920315,6909,https://www.pricecharting.com/game/super-nintendo/dungeon-master 
Dungeons and Dragons Eye of the Beholder,ND,ND,ND,,,https://www.pricecharting.com/game/super-nintendo/dungeons-and-dragons-eye-of-the-beholder 
EarthBound,374.99,2384.99,7629.99,045496830434,6910,https://www.pricecharting.com/game/super-nintendo/earthbound 
Earth Defense Force,16.99,39.99,139.99,032264700037,8892,https://www.pricecharting.com/game/super-nintendo/earth-defense-force 
Earthworm Jim,34.99,104.99,859.99,796298022502,6911,https://www.pricecharting.com/game/super-nintendo/earthworm-jim 
Earthworm Jim 2,29.99,94.99,709.99,796498067549796298067541,6912,https://www.pricecharting.com/game/super-nintendo/earthworm-jim-2 
Eek The Cat,29.99,89.99,284.99,020295030131,6913,https://www.pricecharting.com/game/super-nintendo/eek-the-cat 
Elite Soccer,19.99,34.99,124.99,043948510170,6914,https://www.pricecharting.com/game/super-nintendo/elite-soccer 
Emmitt Smith Football,3.99,24.99,89.99,009119950435,18616,https://www.pricecharting.com/game/super-nintendo/emmitt-smith-football 
Equinox,29.99,74.99,249.99,090451304031,6915,https://www.pricecharting.com/game/super-nintendo/equinox 
ESPN Baseball Tonight,2.99,10.99,34.99,090451306059,17618,https://www.pricecharting.com/game/super-nintendo/espn-baseball-tonight 
ESPN National Hockey Night,5.99,13.99,99.99,735009215703,18586,https://www.pricecharting.com/game/super-nintendo/espn-national-hockey-night 
ESPN Speed World,8.99,24.99,84.99,735009216007,13023,https://www.pricecharting.com/game/super-nintendo/espn-speed-world 
ESPN Sunday Night NFL,3.99,8.99,49.99,090451306066,16167,https://www.pricecharting.com/game/super-nintendo/espn-sunday-night-nfl 
EVO the Search for Eden,299.99,719.99,2299.99,719631000067,6916,https://www.pricecharting.com/game/super-nintendo/evo-the-search-for-eden 
Exertainment Mountain Bike Rally,39.99,104.99,229.99,790716102043,14836,https://www.pricecharting.com/game/super-nintendo/exertainment-mountain-bike-rally 
Exertainment Mountain Bikerally Speed Racer,1339.99,2679.99,3939.99,790716102326,15930,https://www.pricecharting.com/game/super-nintendo/exertainment-mountain-bikerally-speed-racer 
Extra Innings,10.99,17.99,59.99,090451304017,6917,https://www.pricecharting.com/game/super-nintendo/extra-innings 
F1 Pole Position,10.99,24.99,84.99,008888060970,6918,https://www.pricecharting.com/game/super-nintendo/f1-pole-position 
F1 ROC II Race of Champions,10.99,24.99,174.99,092826932047,6919,https://www.pricecharting.com/game/super-nintendo/f1-roc-ii-race-of-champions 
F1 ROC Race of Champions,10.99,24.99,109.99,092826912018,6920,https://www.pricecharting.com/game/super-nintendo/f1-roc-race-of-champions 
Faceball 2000,9.99,24.99,79.99,715504030407,13024,https://www.pricecharting.com/game/super-nintendo/faceball-2000 
Family Dog,10.99,39.99,134.99,758739230013,6921,https://www.pricecharting.com/game/super-nintendo/family-dog 
Family Feud,5.99,9.99,44.99,043948510606,7324,https://www.pricecharting.com/game/super-nintendo/family-feud 
Fatal Fury,13.99,39.99,344.99,026483340389,6922,https://www.pricecharting.com/game/super-nintendo/fatal-fury 
Fatal Fury 2,15.99,54.99,184.99,026483340587,7328,https://www.pricecharting.com/game/super-nintendo/fatal-fury-2 
Fatal Fury Special,34.99,149.99,479.99,796298067534,6923,https://www.pricecharting.com/game/super-nintendo/fatal-fury-special 
FIFA 97,ND,ND,ND,,,https://www.pricecharting.com/game/super-nintendo/fifa-97 
FIFA International Soccer,4.99,19.99,64.99,014633073546,8959,https://www.pricecharting.com/game/super-nintendo/fifa-international-soccer 
FIFA Soccer 96,6.99,19.99,69.99,014633075731,18679,https://www.pricecharting.com/game/super-nintendo/fifa-soccer-96 
Fighter's History,17.99,44.99,169.99,013252011090,13025,https://www.pricecharting.com/game/super-nintendo/fighter's-history 
Final Fantasy II,54.99,239.99,774.99,094689111041,6925,https://www.pricecharting.com/game/super-nintendo/final-fantasy-ii 
Final Fantasy III,74.99,329.99,1244.99,094689141055,6926,https://www.pricecharting.com/game/super-nintendo/final-fantasy-iii 
Final Fantasy Mystic Quest,14.99,84.99,304.99,094689121088,6927,https://www.pricecharting.com/game/super-nintendo/final-fantasy-mystic-quest 
Final Fight,12.99,94.99,314.99,013388130016,6928,https://www.pricecharting.com/game/super-nintendo/final-fight 
Final Fight 2,59.99,199.99,629.99,013388130115,7330,https://www.pricecharting.com/game/super-nintendo/final-fight-2 
Final Fight 3,144.99,629.99,2014.99,013388130337,6929,https://www.pricecharting.com/game/super-nintendo/final-fight-3 
Final Fight Guy,484.99,1234.99,3949.99,013388130221,6930,https://www.pricecharting.com/game/super-nintendo/final-fight-guy 
Firepower 2000,24.99,79.99,259.99,020763110303,7331,https://www.pricecharting.com/game/super-nintendo/firepower-2000 
Fire Striker,144.99,279.99,894.99,739711811284,6931,https://www.pricecharting.com/game/super-nintendo/fire-striker 
First Samurai,29.99,59.99,199.99,741648001072,13026,https://www.pricecharting.com/game/super-nintendo/first-samurai 
Flashback The Quest for Identity,13.99,44.99,154.99,743175790023,7333,https://www.pricecharting.com/game/super-nintendo/flashback-the-quest-for-identity 
Flintstones the Movie,13.99,44.99,154.99,020295050184,13165,https://www.pricecharting.com/game/super-nintendo/flintstones-the-movie 
Football Fury,19.99,54.99,149.99,039471905170,16053,https://www.pricecharting.com/game/super-nintendo/football-fury 
Foreman For Real,4.99,19.99,69.99,021481620211,16209,https://www.pricecharting.com/game/super-nintendo/foreman-for-real 
Frank Thomas Big Hurt Baseball,3.99,10.99,59.99,021481620181,13879,https://www.pricecharting.com/game/super-nintendo/frank-thomas-big-hurt-baseball 
Frantic Flea,8.99,29.99,159.99,043948510279,6932,https://www.pricecharting.com/game/super-nintendo/frantic-flea 
Frogger,9.99,29.99,99.99,096427011569,6933,https://www.pricecharting.com/game/super-nintendo/frogger 
Full Throttle Racing,ND,ND,ND,,,https://www.pricecharting.com/game/super-nintendo/full-throttle-racing 
Fun 'n Games,34.99,644.99,2059.99,031719199389,6935,https://www.pricecharting.com/game/super-nintendo/fun-'n-games 
F-Zero,13.99,59.99,159.99,045496830021,6936,https://www.pricecharting.com/game/super-nintendo/f-zero 
Game Genie,29.99,49.99,114.99,047246073535,9009,https://www.pricecharting.com/game/super-nintendo/game-genie 
Gemfire,34.99,79.99,254.99,040198000505,6937,https://www.pricecharting.com/game/super-nintendo/gemfire 
Genghis Khan II Clan of the Gray Wolf,19.99,59.99,204.99,040198000475,6938,https://www.pricecharting.com/game/super-nintendo/genghis-khan-ii-clan-of-the-gray-wolf 
George Foreman's KO Boxing,5.99,19.99,84.99,021481601050,16086,https://www.pricecharting.com/game/super-nintendo/george-foreman's-ko-boxing 
Ghoul Patrol,194.99,409.99,1314.99,009119940382,6939,https://www.pricecharting.com/game/super-nintendo/ghoul-patrol 
Goal,7.99,34.99,119.99,032264700044,33842,https://www.pricecharting.com/game/super-nintendo/goal 
Gods,19.99,24.99,129.99,050047110316,6940,https://www.pricecharting.com/game/super-nintendo/gods 
Goof Troop,19.99,74.99,224.99,013388130108,6941,https://www.pricecharting.com/game/super-nintendo/goof-troop 
GP-1,10.99,39.99,139.99,730865300068,6942,https://www.pricecharting.com/game/super-nintendo/gp-1 
GP-1 Part II,10.99,14.99,49.99,730865300105,6943,https://www.pricecharting.com/game/super-nintendo/gp-1-part-ii 
Gradius III,12.99,74.99,169.99,083717150008,6944,https://www.pricecharting.com/game/super-nintendo/gradius-iii 
Gunforce,19.99,44.99,159.99,715664391035,6945,https://www.pricecharting.com/game/super-nintendo/gunforce 
Hagane The Final Conflict,839.99,2274.99,7279.99,039854000423,6946,https://www.pricecharting.com/game/super-nintendo/hagane-the-final-conflict 
Hal's Hole in One Golf,4.99,19.99,34.99,040458855012,14053,https://www.pricecharting.com/game/super-nintendo/hal's-hole-in-one-golf 
Hammerlock Wrestling,19.99,44.99,179.99,032264700167,12949,https://www.pricecharting.com/game/super-nintendo/hammerlock-wrestling 
HardBall III,5.99,13.99,59.99,015605013058,13005,https://www.pricecharting.com/game/super-nintendo/hardball-iii 
Harley's Humongous Adventure,12.99,39.99,84.99,087855000737,11862,https://www.pricecharting.com/game/super-nintendo/harley's-humongous-adventure 
Harvest Moon,354.99,729.99,1764.99,719593030102,6947,https://www.pricecharting.com/game/super-nintendo/harvest-moon 
Head-On Soccer,19.99,79.99,184.99,743175790092,13027,https://www.pricecharting.com/game/super-nintendo/head-on-soccer 
Hit the Ice,13.99,34.99,109.99,020588010574,13028,https://www.pricecharting.com/game/super-nintendo/hit-the-ice 
Home Alone,11.99,34.99,249.99,719575030007,6948,https://www.pricecharting.com/game/super-nintendo/home-alone 
Home Alone 2 Lost In New York,8.99,24.99,89.99,719575030090,6949,https://www.pricecharting.com/game/super-nintendo/home-alone-2-lost-in-new-york 
Home Improvement,89.99,214.99,359.99,018706114938,6950,https://www.pricecharting.com/game/super-nintendo/home-improvement 
Hook,24.99,64.99,209.99,090451304048,7347,https://www.pricecharting.com/game/super-nintendo/hook 
Hunt for Red October,7.99,29.99,89.99,087855000713,13029,https://www.pricecharting.com/game/super-nintendo/hunt-for-red-october 
Hurricanes,99.99,1029.99,3294.99,743175790061,12590,https://www.pricecharting.com/game/super-nintendo/hurricanes 
Hyper V-Ball,24.99,34.99,164.99,724817930014,13030,https://www.pricecharting.com/game/super-nintendo/hyper-v-ball 
Hyperzone,8.99,24.99,79.99,040458855029,7348,https://www.pricecharting.com/game/super-nintendo/hyperzone 
Illusion of Gaia,29.99,89.99,549.99,045496830311,6951,https://www.pricecharting.com/game/super-nintendo/illusion-of-gaia 
Imperium,104.99,159.99,509.99,034912784710,6952,https://www.pricecharting.com/game/super-nintendo/imperium 
Incantation,209.99,584.99,1879.99,091493041151,6953,https://www.pricecharting.com/game/super-nintendo/incantation 
Indiana Jones' Greatest Adventures,29.99,94.99,164.99,009119940399,6954,https://www.pricecharting.com/game/super-nintendo/indiana-jones'-greatest-adventures 
Inindo,24.99,64.99,219.99,040198000482,7350,https://www.pricecharting.com/game/super-nintendo/inindo 
Inspector Gadget,29.99,154.99,499.99,039854000355,6956,https://www.pricecharting.com/game/super-nintendo/inspector-gadget 
International Superstar Soccer,139.99,674.99,1379.99,083717150206,33054,https://www.pricecharting.com/game/super-nintendo/international-superstar-soccer 
International Superstar Soccer Deluxe,74.99,214.99,689.99,083717150251,13031,https://www.pricecharting.com/game/super-nintendo/international-superstar-soccer-deluxe 
International Tennis Tour,6.99,19.99,54.99,020588010826,14204,https://www.pricecharting.com/game/super-nintendo/international-tennis-tour 
Izzy's Quest for the Olympic Rings,9.99,29.99,104.99,743175791464,13032,https://www.pricecharting.com/game/super-nintendo/izzy's-quest-for-the-olympic-rings 
Jack Nicklaus Golf,5.99,9.99,79.99,031719199105,18600,https://www.pricecharting.com/game/super-nintendo/jack-nicklaus-golf 
James Bond Jr,10.99,29.99,104.99,719575030076,7352,https://www.pricecharting.com/game/super-nintendo/james-bond-jr 
Jammit,7.99,14.99,119.99,794546300013,13033,https://www.pricecharting.com/game/super-nintendo/jammit 
Jeopardy,3.99,12.99,29.99,043948510507,10445,https://www.pricecharting.com/game/super-nintendo/jeopardy 
Jeopardy Deluxe Edition,3.99,11.99,39.99,043948510163,7353,https://www.pricecharting.com/game/super-nintendo/jeopardy-deluxe-edition 
Jeopardy Sports Edition,3.99,14.99,59.99,043948510132,7354,https://www.pricecharting.com/game/super-nintendo/jeopardy-sports-edition 
Jimmy Connors Pro Tennis Tour,6.99,19.99,74.99,008888060819,18636,https://www.pricecharting.com/game/super-nintendo/jimmy-connors-pro-tennis-tour 
Jimmy Houston's Bass Tournament U.S.A.,12.99,39.99,119.99,039471905187,21553,https://www.pricecharting.com/game/super-nintendo/jimmy-houston's-bass-tournament-usa 
Jim Power,9.99,59.99,114.99,099451610937,6958,https://www.pricecharting.com/game/super-nintendo/jim-power 
Joe and Mac,17.99,59.99,129.99,013252011014,6959,https://www.pricecharting.com/game/super-nintendo/joe-and-mac 
Joe and Mac 2 Lost in the Tropics,94.99,239.99,769.99,013252011083,6960,https://www.pricecharting.com/game/super-nintendo/joe-and-mac-2-lost-in-the-tropics 
John Madden Football,3.99,19.99,939.99,014633070705,13824,https://www.pricecharting.com/game/super-nintendo/john-madden-football 
Judge Dredd,7.99,29.99,114.99,021481620174,6961,https://www.pricecharting.com/game/super-nintendo/judge-dredd 
Jungle Strike,8.99,29.99,74.99,014633075533,13034,https://www.pricecharting.com/game/super-nintendo/jungle-strike 
Jurassic Park,8.99,39.99,299.99,096427010807020295030100,7359,https://www.pricecharting.com/game/super-nintendo/jurassic-park 
Jurassic Park 2 The Chaos Continues,19.99,84.99,164.99,020295030209,7360,https://www.pricecharting.com/game/super-nintendo/jurassic-park-2-the-chaos-continues 
Justice League Task Force,13.99,54.99,339.99,021481620334,13035,https://www.pricecharting.com/game/super-nintendo/justice-league-task-force 
Ka-blooey,5.99,24.99,104.99,741648001027,6962,https://www.pricecharting.com/game/super-nintendo/ka-blooey 
Kawasaki Caribbean Challenge,4.99,17.99,59.99,043948510118,6963,https://www.pricecharting.com/game/super-nintendo/kawasaki-caribbean-challenge 
Kawasaki Superbike Challenge,11.99,34.99,114.99,031763069904,9201,https://www.pricecharting.com/game/super-nintendo/kawasaki-superbike-challenge 
Kendo Rage,54.99,134.99,274.99,092826932023,6966,https://www.pricecharting.com/game/super-nintendo/kendo-rage 
Ken Griffey Jr Major League Baseball,8.99,34.99,429.99,045496830281,6964,https://www.pricecharting.com/game/super-nintendo/ken-griffey-jr-major-league-baseball 
Ken Griffey Jr Winning Run,ND,ND,ND,,,https://www.pricecharting.com/game/super-nintendo/ken-griffey-jr-winning-run 
Kid Klown in Crazy Chase,11.99,39.99,119.99,741648001065,6967,https://www.pricecharting.com/game/super-nintendo/kid-klown-in-crazy-chase 
Killer Instinct,13.99,74.99,364.99,045496830458,7365,https://www.pricecharting.com/game/super-nintendo/killer-instinct 
King Arthur and the Knights of Justice,54.99,144.99,564.99,719631000111,6968,https://www.pricecharting.com/game/super-nintendo/king-arthur-and-the-knights-of-justice 
King Arthur's World,12.99,39.99,134.99,032264700075,12551,https://www.pricecharting.com/game/super-nintendo/king-arthur's-world 
King of Dragons,94.99,264.99,849.99,013388130184,6969,https://www.pricecharting.com/game/super-nintendo/king-of-dragons 
King of the Monsters,13.99,39.99,134.99,026483340181,7366,https://www.pricecharting.com/game/super-nintendo/king-of-the-monsters 
King of the Monsters 2,19.99,74.99,144.99,026483340686,7367,https://www.pricecharting.com/game/super-nintendo/king-of-the-monsters-2 
Kirby's Avalanche,15.99,54.99,169.99,045496830410,6972,https://www.pricecharting.com/game/super-nintendo/kirby's-avalanche 
Kirby's Dream Course,29.99,89.99,289.99,045496830113,7368,https://www.pricecharting.com/game/super-nintendo/kirby's-dream-course 
Kirby's Dream Land 3,149.99,539.99,1729.99,045496830656,6973,https://www.pricecharting.com/game/super-nintendo/kirby's-dream-land-3 
Kirby Super Star,49.99,189.99,569.99,045496830540,6971,https://www.pricecharting.com/game/super-nintendo/kirby-super-star 
Knights of the Round,99.99,249.99,809.99,013388130191,6974,https://www.pricecharting.com/game/super-nintendo/knights-of-the-round 
Krusty's Super Fun House,14.99,44.99,154.99,021481601043,6975,https://www.pricecharting.com/game/super-nintendo/krusty's-super-fun-house 
Kyle Petty's No Fear Racing,8.99,29.99,94.99,031719199426,16155,https://www.pricecharting.com/game/super-nintendo/kyle-petty's-no-fear-racing 
Lagoon,13.99,64.99,109.99,044499006037,6976,https://www.pricecharting.com/game/super-nintendo/lagoon 
Lamborghini American Challenge,29.99,59.99,199.99,091493040888,13036,https://www.pricecharting.com/game/super-nintendo/lamborghini-american-challenge 
Last Action Hero,8.99,34.99,174.99,090451306028,6977,https://www.pricecharting.com/game/super-nintendo/last-action-hero 
Lawnmower Man,8.99,24.99,89.99,719575030182,7371,https://www.pricecharting.com/game/super-nintendo/lawnmower-man 
Legend,94.99,204.99,664.99,044499006082,6978,https://www.pricecharting.com/game/super-nintendo/legend 
Legend of the Mystical Ninja,54.99,159.99,519.99,083717150022,6979,https://www.pricecharting.com/game/super-nintendo/legend-of-the-mystical-ninja 
Lemmings,15.99,44.99,179.99,020763110211,6980,https://www.pricecharting.com/game/super-nintendo/lemmings 
Lemmings 2 The Tribes,34.99,54.99,179.99,053203007970,6981,https://www.pricecharting.com/game/super-nintendo/lemmings-2-the-tribes 
Lester the Unlikely,11.99,49.99,119.99,739711810782,10839,https://www.pricecharting.com/game/super-nintendo/lester-the-unlikely 
Lethal Enforcers,7.99,164.99,189.99,083717150145,13037,https://www.pricecharting.com/game/super-nintendo/lethal-enforcers 
Lethal Weapon,9.99,24.99,89.99,020295030070,7373,https://www.pricecharting.com/game/super-nintendo/lethal-weapon 
Liberty or Death,64.99,69.99,589.99,040198000666,6982,https://www.pricecharting.com/game/super-nintendo/liberty-or-death 
Lock On,9.99,24.99,84.99,034912784741,12548,https://www.pricecharting.com/game/super-nintendo/lock-on 
Looney Tunes B-Ball,49.99,179.99,579.99,020763110495,6983,https://www.pricecharting.com/game/super-nintendo/looney-tunes-b-ball 
Lord of Darkness,34.99,69.99,229.99,040198000789,6984,https://www.pricecharting.com/game/super-nintendo/lord-of-darkness 
Lord of the Rings,ND,ND,ND,,,https://www.pricecharting.com/game/super-nintendo/lord-of-the-rings 
Lost Vikings 2,94.99,149.99,344.99,040421820177,16295,https://www.pricecharting.com/game/super-nintendo/lost-vikings-2 
Lufia and The Fortress of Doom,74.99,224.99,399.99,020588010840,6986,https://www.pricecharting.com/game/super-nintendo/lufia-and-the-fortress-of-doom 
Lufia and The Rise of Sinistrals,154.99,299.99,404.99,719593030072,6987,https://www.pricecharting.com/game/super-nintendo/lufia-and-the-rise-of-sinistrals 
M.A.C.S. Multipurpose Arcade Combat Simulator,1494.99,3499.99,-.01,,30858,https://www.pricecharting.com/game/super-nintendo/macs-multipurpose-arcade-combat-simulator 
Madden 93,3.99,16.99,49.99,014633071672,14149,https://www.pricecharting.com/game/super-nintendo/madden-93 
Madden 96,3.99,16.99,99.99,014633074789,14875,https://www.pricecharting.com/game/super-nintendo/madden-96 
Madden 97,3.99,12.99,159.99,014633077346,14874,https://www.pricecharting.com/game/super-nintendo/madden-97 
Madden 98,7.99,16.99,99.99,785138330167,6988,https://www.pricecharting.com/game/super-nintendo/madden-98 
Madden NFL '94,3.99,16.99,209.99,014633072525,16091,https://www.pricecharting.com/game/super-nintendo/madden-nfl-'94 
Madden NFL '95,3.99,15.99,84.99,014633073751,18721,https://www.pricecharting.com/game/super-nintendo/madden-nfl-'95 
Magical Quest starring Mickey Mouse,19.99,59.99,229.99,013388130078,6991,https://www.pricecharting.com/game/super-nintendo/magical-quest-starring-mickey-mouse 
Magic Boy,39.99,59.99,134.99,009119930369,6990,https://www.pricecharting.com/game/super-nintendo/magic-boy 
Magic Johnson's Super Slam Dunk,4.99,13.99,119.99,052145840003,13038,https://www.pricecharting.com/game/super-nintendo/magic-johnson's-super-slam-dunk 
Magic Sword,34.99,119.99,384.99,133881300478013388130047,13039,https://www.pricecharting.com/game/super-nintendo/magic-sword 
Mario is Missing,13.99,54.99,439.99,050047109549,6992,https://www.pricecharting.com/game/super-nintendo/mario-is-missing 
Mario Paint,4.99,99.99,439.99,,6993,https://www.pricecharting.com/game/super-nintendo/mario-paint 
Mario's Early Years Fun with Letters,15.99,69.99,224.99,050047115700,6994,https://www.pricecharting.com/game/super-nintendo/mario's-early-years-fun-with-letters 
Mario's Early Years Fun With Numbers,15.99,64.99,569.99,050047115717,6995,https://www.pricecharting.com/game/super-nintendo/mario's-early-years-fun-with-numbers 
Mario's Early Years Preschool Fun,19.99,79.99,254.99,050047115724,6996,https://www.pricecharting.com/game/super-nintendo/mario's-early-years-preschool-fun 
Mario's Time Machine,12.99,49.99,294.99,050047113881,9290,https://www.pricecharting.com/game/super-nintendo/mario's-time-machine 
Mark Davis the Fishing Master,11.99,34.99,64.99,719593030065,13040,https://www.pricecharting.com/game/super-nintendo/mark-davis-the-fishing-master 
Marvel Super Heroes in War of the Gems,54.99,149.99,599.99,013388130344,6997,https://www.pricecharting.com/game/super-nintendo/marvel-super-heroes-in-war-of-the-gems 
Mary Shelley's Frankenstein,15.99,59.99,124.99,735009214805,6998,https://www.pricecharting.com/game/super-nintendo/mary-shelley's-frankenstein 
Math Blaster Episode 1,10.99,54.99,174.99,051581322005,6999,https://www.pricecharting.com/game/super-nintendo/math-blaster-episode-1 
Maui Mallard in Cold Shadow,34.99,154.99,349.99,045496330415,13041,https://www.pricecharting.com/game/super-nintendo/maui-mallard-in-cold-shadow 
Mecarobot Golf,12.99,24.99,74.99,091521100072,13042,https://www.pricecharting.com/game/super-nintendo/mecarobot-golf 
MechWarrior,12.99,59.99,199.99,047875540033,7381,https://www.pricecharting.com/game/super-nintendo/mechwarrior 
MechWarrior 3050,13.99,54.99,179.99,047875540248,10396,https://www.pricecharting.com/game/super-nintendo/mechwarrior-3050 
Mega Man 7,249.99,549.99,1404.99,013388130313,7000,https://www.pricecharting.com/game/super-nintendo/mega-man-7 
Mega Man Soccer,64.99,289.99,934.99,013388130177,7001,https://www.pricecharting.com/game/super-nintendo/mega-man-soccer 
Mega Man X,29.99,119.99,369.99,013388130153,7002,https://www.pricecharting.com/game/super-nintendo/mega-man-x 
Mega Man X2,129.99,424.99,1364.99,013388130290,7003,https://www.pricecharting.com/game/super-nintendo/mega-man-x2 
Mega Man X3,304.99,1039.99,3339.99,013388130320,7004,https://www.pricecharting.com/game/super-nintendo/mega-man-x3 
Metal Combat,8.99,34.99,69.99,045496830243,7005,https://www.pricecharting.com/game/super-nintendo/metal-combat 
Metal Marines,99.99,184.99,289.99,722674020190,12017,https://www.pricecharting.com/game/super-nintendo/metal-marines 
Metal Morph,74.99,119.99,389.99,022909400088,7006,https://www.pricecharting.com/game/super-nintendo/metal-morph 
Metal Warriors,354.99,784.99,2509.99,083717150220,7007,https://www.pricecharting.com/game/super-nintendo/metal-warriors 
Michael Andretti's Indy Car Challenge,4.99,14.99,54.99,715504030209,7008,https://www.pricecharting.com/game/super-nintendo/michael-andretti's-indy-car-challenge 
Michael Jordan Chaos in the Windy City,12.99,44.99,189.99,014633070484,14271,https://www.pricecharting.com/game/super-nintendo/michael-jordan-chaos-in-the-windy-city 
Mickey Mania,11.99,44.99,184.99,735009214508,7009,https://www.pricecharting.com/game/super-nintendo/mickey-mania 
Mickey's Ultimate Challenge,11.99,59.99,184.99,087855000799,7010,https://www.pricecharting.com/game/super-nintendo/mickey's-ultimate-challenge 
Micro Machines,39.99,124.99,394.99,020295030223,7011,https://www.pricecharting.com/game/super-nintendo/micro-machines 
Might and Magic III Isles of Terra,44.99,49.99,139.99,020295030162,7012,https://www.pricecharting.com/game/super-nintendo/might-and-magic-iii-isles-of-terra 
Mighty Morphin Power Rangers,16.99,74.99,434.99,045557088408,7013,https://www.pricecharting.com/game/super-nintendo/mighty-morphin-power-rangers 
Mighty Morphin Power Rangers The Movie,49.99,129.99,414.99,045557088415,7015,https://www.pricecharting.com/game/super-nintendo/mighty-morphin-power-rangers-the-movie 
Mini Super Nintendo System,ND,ND,ND,,,https://www.pricecharting.com/game/super-nintendo/mini-super-nintendo-system 
Miracle Piano,49.99,259.99,834.99,,16136,https://www.pricecharting.com/game/super-nintendo/miracle-piano 
MLBPA Baseball,3.99,13.99,49.99,014633071764,15648,https://www.pricecharting.com/game/super-nintendo/mlbpa-baseball 
Mohawk and Headphone Jack,24.99,74.99,154.99,785138330068,7016,https://www.pricecharting.com/game/super-nintendo/mohawk-and-headphone-jack 
Monopoly,3.99,13.99,59.99,073000040970,7388,https://www.pricecharting.com/game/super-nintendo/monopoly 
Mortal Kombat,12.99,54.99,899.99,021481601074,7017,https://www.pricecharting.com/game/super-nintendo/mortal-kombat 
Mortal Kombat 3,13.99,59.99,844.99,031719199433,13745,https://www.pricecharting.com/game/super-nintendo/mortal-kombat-3 
Mortal Kombat II,15.99,89.99,1774.99,021481620051,7018,https://www.pricecharting.com/game/super-nintendo/mortal-kombat-ii 
Mr. Do!,49.99,84.99,324.99,785138330082,7020,https://www.pricecharting.com/game/super-nintendo/mr-do 
Mr. Nutz,139.99,444.99,1424.99,020295030148,13043,https://www.pricecharting.com/game/super-nintendo/mr-nutz 
Ms. Pac-Man,10.99,16.99,109.99,031719199617,7021,https://www.pricecharting.com/game/super-nintendo/ms-pac-man 
Musya Classic Japanese Tale of Horror,119.99,194.99,619.99,092826922024,14035,https://www.pricecharting.com/game/super-nintendo/musya-classic-japanese-tale-of-horror 
Natsume Championship Wrestling,24.99,54.99,94.99,719593030034,20084,https://www.pricecharting.com/game/super-nintendo/natsume-championship-wrestling 
NBA All-Star Challenge,3.99,12.99,119.99,023582087030,14997,https://www.pricecharting.com/game/super-nintendo/nba-all-star-challenge 
NBA Give 'n Go,11.99,64.99,79.99,083717150244,13044,https://www.pricecharting.com/game/super-nintendo/nba-give-'n-go 
NBA Hang Time,8.99,29.99,139.99,031719199631,12553,https://www.pricecharting.com/game/super-nintendo/nba-hang-time 
NBA Jam,9.99,39.99,499.99,021481601104,7022,https://www.pricecharting.com/game/super-nintendo/nba-jam 
NBA Jam Tournament Edition,12.99,39.99,629.99,021481680789021481620129,7023,https://www.pricecharting.com/game/super-nintendo/nba-jam-tournament-edition 
NBA Live 95,2.99,19.99,664.99,014633073829,13823,https://www.pricecharting.com/game/super-nintendo/nba-live-95 
NBA Live 96,4.99,16.99,34.99,014633075847,14335,https://www.pricecharting.com/game/super-nintendo/nba-live-96 
NBA Live 97,4.99,19.99,119.99,014633077315,14056,https://www.pricecharting.com/game/super-nintendo/nba-live-97 
NBA Live 98,7.99,24.99,59.99,785138330181,7024,https://www.pricecharting.com/game/super-nintendo/nba-live-98 
NBA Showdown,3.99,9.99,104.99,014633072150,14055,https://www.pricecharting.com/game/super-nintendo/nba-showdown 
NCAA Basketball,2.99,9.99,39.99,045496830175,13817,https://www.pricecharting.com/game/super-nintendo/ncaa-basketball 
NCAA Final Four Basketball,4.99,5.99,24.99,024294114519,20083,https://www.pricecharting.com/game/super-nintendo/ncaa-final-four-basketball 
NCAA Football,3.99,12.99,34.99,024294114533,15001,https://www.pricecharting.com/game/super-nintendo/ncaa-football 
Newman Haas' Indy Car Featuring Nigel Mansell,ND,ND,ND,,,https://www.pricecharting.com/game/super-nintendo/newman-haas'-indy-car-featuring-nigel-mansell 
NFL Football,3.99,16.99,54.99,083717150077,14879,https://www.pricecharting.com/game/super-nintendo/nfl-football 
NFL Quarterback Club,1.99,10.99,34.99,023582090108,14995,https://www.pricecharting.com/game/super-nintendo/nfl-quarterback-club 
NFL Quarterback Club 96,3.99,8.99,34.99,021481620372,20085,https://www.pricecharting.com/game/super-nintendo/nfl-quarterback-club-96 
NHL 94,8.99,24.99,59.99,014633071955,14418,https://www.pricecharting.com/game/super-nintendo/nhl-94 
NHL 95,4.99,12.99,49.99,014633074093,14152,https://www.pricecharting.com/game/super-nintendo/nhl-95 
NHL 96,4.99,19.99,94.99,014633074925,18722,https://www.pricecharting.com/game/super-nintendo/nhl-96 
NHL 97,10.99,17.99,64.99,785138330099,7026,https://www.pricecharting.com/game/super-nintendo/nhl-97 
NHL 98,13.99,44.99,149.99,785138330174,13045,https://www.pricecharting.com/game/super-nintendo/nhl-98 
NHLPA Hockey '93,3.99,12.99,94.99,014633071252,13820,https://www.pricecharting.com/game/super-nintendo/nhlpa-hockey-'93 
NHL Stanley Cup,2.99,8.99,139.99,045496830250,13822,https://www.pricecharting.com/game/super-nintendo/nhl-stanley-cup 
Nickelodeon GUTS,13.99,24.99,149.99,040824212029,13047,https://www.pricecharting.com/game/super-nintendo/nickelodeon-guts 
Nigel Mansell's World Championship Racing,3.99,16.99,54.99,043948510705,14314,https://www.pricecharting.com/game/super-nintendo/nigel-mansell's-world-championship-racing 
Nightmare Busters,29.99,139.99,199.99,,63267,https://www.pricecharting.com/game/super-nintendo/nightmare-busters 
Ninja Gaiden Trilogy,169.99,489.99,829.99,018946090078,7027,https://www.pricecharting.com/game/super-nintendo/ninja-gaiden-trilogy 
Ninja Warriors,139.99,569.99,1834.99,020588010857,7028,https://www.pricecharting.com/game/super-nintendo/ninja-warriors 
Nintendo Campus Challenge 1992,3999.99,-.01,79.99,,19388,https://www.pricecharting.com/game/super-nintendo/nintendo-campus-challenge-1992 
Nintendo Campus Challenge 1992 Reproduction,59.99,104.99,259.99,,34875,https://www.pricecharting.com/game/super-nintendo/nintendo-campus-challenge-1992-reproduction 
Nintendo Powerfest 1994,17549.99,-.01,-.01,,19389,https://www.pricecharting.com/game/super-nintendo/nintendo-powerfest-1994 
Nobunaga's Ambition,19.99,59.99,184.99,040198000703,7030,https://www.pricecharting.com/game/super-nintendo/nobunaga's-ambition 
No Escape,17.99,54.99,184.99,735009216304,7029,https://www.pricecharting.com/game/super-nintendo/no-escape 
Nolan Ryan's Baseball,5.99,34.99,234.99,095474200100,7031,https://www.pricecharting.com/game/super-nintendo/nolan-ryan's-baseball 
Nosferatu,114.99,354.99,609.99,092826922017,7032,https://www.pricecharting.com/game/super-nintendo/nosferatu 
Obitus,11.99,39.99,109.99,715504030506,7033,https://www.pricecharting.com/game/super-nintendo/obitus 
Ogre Battle The March of the Black Queen,169.99,574.99,1694.99,719631000142,7034,https://www.pricecharting.com/game/super-nintendo/ogre-battle-the-march-of-the-black-queen 
Olympic Summer Games Atlanta 96,3.99,11.99,34.99,785138330051,13048,https://www.pricecharting.com/game/super-nintendo/olympic-summer-games-atlanta-96 
On the Ball,19.99,54.99,104.99,020588010628,7035,https://www.pricecharting.com/game/super-nintendo/on-the-ball 
Operation Europe Path to Victory 1939-45,12.99,44.99,149.99,040198000680,7036,https://www.pricecharting.com/game/super-nintendo/operation-europe-path-to-victory-1939-45 
Operation Logic Bomb,34.99,89.99,234.99,032264700129,7037,https://www.pricecharting.com/game/super-nintendo/operation-logic-bomb 
Operation Thunderbolt,99.99,324.99,834.99,020588010932,13049,https://www.pricecharting.com/game/super-nintendo/operation-thunderbolt 
Oscar,59.99,354.99,1144.99,091493043278,7038,https://www.pricecharting.com/game/super-nintendo/oscar 
Outlander,8.99,44.99,114.99,050047118787,7413,https://www.pricecharting.com/game/super-nintendo/outlander 
Out of This World,12.99,54.99,174.99,040421820047,7039,https://www.pricecharting.com/game/super-nintendo/out-of-this-world 
Out to Lunch,19.99,49.99,184.99,050047113690,7040,https://www.pricecharting.com/game/super-nintendo/out-to-lunch 
Pac-Attack,5.99,24.99,74.99,722674020275,7416,https://www.pricecharting.com/game/super-nintendo/pac-attack 
Pac-In-Time,34.99,114.99,364.99,722674020404,7041,https://www.pricecharting.com/game/super-nintendo/pac-in-time 
Packy and Marlon,89.99,179.99,309.99,747484001030,7042,https://www.pricecharting.com/game/super-nintendo/packy-and-marlon 
Pac-Man 2 The New Adventures,5.99,19.99,79.99,022674020290722674020299,7043,https://www.pricecharting.com/game/super-nintendo/pac-man-2-the-new-adventures 
Paladin's Quest,34.99,114.99,204.99,719631000081,7044,https://www.pricecharting.com/game/super-nintendo/paladin's-quest 
Paperboy 2,9.99,19.99,159.99,050047110101,7045,https://www.pricecharting.com/game/super-nintendo/paperboy-2 
Peace Keepers,49.99,174.99,369.99,032264700150,7417,https://www.pricecharting.com/game/super-nintendo/peace-keepers 
Pebble Beach Golf Links,5.99,14.99,49.99,734979921010,13052,https://www.pricecharting.com/game/super-nintendo/pebble-beach-golf-links 
PGA European Tour,11.99,19.99,64.99,785138330020,13050,https://www.pricecharting.com/game/super-nintendo/pga-european-tour 
PGA Tour 96,7.99,17.99,119.99,785138330044,13051,https://www.pricecharting.com/game/super-nintendo/pga-tour-96 
PGA Tour Golf,4.99,12.99,49.99,014633070798,14313,https://www.pricecharting.com/game/super-nintendo/pga-tour-golf 
Phalanx,24.99,214.99,284.99,741648001034,13053,https://www.pricecharting.com/game/super-nintendo/phalanx 
Phantom 2040,19.99,59.99,104.99,040824232003,7046,https://www.pricecharting.com/game/super-nintendo/phantom-2040 
Pieces,29.99,104.99,344.99,730865300099,7047,https://www.pricecharting.com/game/super-nintendo/pieces 
Pilotwings,11.99,39.99,669.99,045496830045,7048,https://www.pricecharting.com/game/super-nintendo/pilotwings 
Pinball Dreams,8.99,19.99,74.99,043948510903,7049,https://www.pricecharting.com/game/super-nintendo/pinball-dreams 
Pinball Fantasies,9.99,29.99,89.99,043948510255,7050,https://www.pricecharting.com/game/super-nintendo/pinball-fantasies 
Pink Panther Goes to Hollywood,ND,ND,ND,,,https://www.pricecharting.com/game/super-nintendo/pink-panther-goes-to-hollywood 
Pinocchio,16.99,54.99,224.99,045496330408,9556,https://www.pricecharting.com/game/super-nintendo/pinocchio 
Pirates of Dark Water,119.99,224.99,724.99,020763110389,7051,https://www.pricecharting.com/game/super-nintendo/pirates-of-dark-water 
Pitfall Mayan Adventure,7.99,24.99,79.99,047875540163,7421,https://www.pricecharting.com/game/super-nintendo/pitfall-mayan-adventure 
Pit-Fighter,5.99,19.99,94.99,719575030014,16051,https://www.pricecharting.com/game/super-nintendo/pit-fighter 
Plok,19.99,79.99,229.99,031719199358,7052,https://www.pricecharting.com/game/super-nintendo/plok 
Pocky and Rocky 2,484.99,879.99,3324.99,719593030041,7053,https://www.pricecharting.com/game/super-nintendo/pocky-and-rocky-2 
Pocky & Rocky,179.99,429.99,1499.99,719593030027,13054,https://www.pricecharting.com/game/super-nintendo/pocky-%26-rocky 
Populous,4.99,19.99,114.99,021481601012,11953,https://www.pricecharting.com/game/super-nintendo/populous 
Porky Pig's Haunted Holiday,9.99,34.99,69.99,021481620358,7054,https://www.pricecharting.com/game/super-nintendo/porky-pig's-haunted-holiday 
Power Instinct,59.99,94.99,299.99,730865300082,7055,https://www.pricecharting.com/game/super-nintendo/power-instinct 
Power Moves,10.99,49.99,94.99,021996000119,20081,https://www.pricecharting.com/game/super-nintendo/power-moves 
Power Piggs of the Dark Age,44.99,84.99,289.99,091493043025,7056,https://www.pricecharting.com/game/super-nintendo/power-piggs-of-the-dark-age 
Power Rangers Fighting Edition,34.99,129.99,424.99,045557088422,7423,https://www.pricecharting.com/game/super-nintendo/power-rangers-fighting-edition 
Power Ranger Zeo Battle Racers,15.99,34.99,159.99,045557088439,7057,https://www.pricecharting.com/game/super-nintendo/power-ranger-zeo-battle-racers 
Prehistorik Man,39.99,124.99,349.99,091493042127,13195,https://www.pricecharting.com/game/super-nintendo/prehistorik-man 
Primal Rage,10.99,64.99,134.99,031763108900,7424,https://www.pricecharting.com/game/super-nintendo/primal-rage 
Prince of Persia,19.99,49.99,169.99,083717150107,10580,https://www.pricecharting.com/game/super-nintendo/prince-of-persia 
Prince of Persia 2,29.99,84.99,269.99,091493043384,7058,https://www.pricecharting.com/game/super-nintendo/prince-of-persia-2 
Pro Quarterback,3.99,10.99,34.99,003171919928,20082,https://www.pricecharting.com/game/super-nintendo/pro-quarterback 
Pro Sport Hockey,5.99,19.99,34.99,032264700099,16213,https://www.pricecharting.com/game/super-nintendo/pro-sport-hockey 
P.T.O.,14.99,29.99,104.99,040198000536,7414,https://www.pricecharting.com/game/super-nintendo/pto 
P.T.O. II,24.99,44.99,144.99,040198000925,7415,https://www.pricecharting.com/game/super-nintendo/pto-ii 
Push-Over,14.99,34.99,109.99,020295030063,7060,https://www.pricecharting.com/game/super-nintendo/push-over 
Q*bert 3,19.99,49.99,154.99,097933300024,7429,https://www.pricecharting.com/game/super-nintendo/q*bert-3 
Race Drivin,4.99,17.99,114.99,719575030045,7062,https://www.pricecharting.com/game/super-nintendo/race-drivin 
Radical Psycho Machine Racing,5.99,24.99,79.99,040421820016,14034,https://www.pricecharting.com/game/super-nintendo/radical-psycho-machine-racing 
Radical Rex,17.99,94.99,314.99,047875540224,7063,https://www.pricecharting.com/game/super-nintendo/radical-rex 
Raiden Trad,19.99,64.99,219.99,099451918767,7064,https://www.pricecharting.com/game/super-nintendo/raiden-trad 
Rampart,19.99,44.99,164.99,014633070934,12542,https://www.pricecharting.com/game/super-nintendo/rampart 
Ranma 1/2 Hard Battle,19.99,104.99,334.99,739711811185,7065,https://www.pricecharting.com/game/super-nintendo/ranma-12-hard-battle 
RapJam Volume One,7.99,49.99,159.99,766938274196,7066,https://www.pricecharting.com/game/super-nintendo/rapjam-volume-one 
Realm,49.99,134.99,189.99,091493043292,7067,https://www.pricecharting.com/game/super-nintendo/realm 
Redline F-1 Racer,10.99,49.99,154.99,018706110930,13056,https://www.pricecharting.com/game/super-nintendo/redline-f-1-racer 
Relief Pitcher,12.99,29.99,109.99,766957700652,13057,https://www.pricecharting.com/game/super-nintendo/relief-pitcher 
Revolution X,7.99,19.99,79.99,021481620204,7068,https://www.pricecharting.com/game/super-nintendo/revolution-x 
Rex Ronan Experimental Surgeon,89.99,149.99,169.99,747484004024,13058,https://www.pricecharting.com/game/super-nintendo/rex-ronan-experimental-surgeon 
Riddick Bowe Boxing,4.99,34.99,59.99,027479800016,13821,https://www.pricecharting.com/game/super-nintendo/riddick-bowe-boxing 
Rise of the Phoenix,29.99,89.99,284.99,040198000826,7069,https://www.pricecharting.com/game/super-nintendo/rise-of-the-phoenix 
Rise of the Robots,4.99,19.99,39.99,021481620150,7434,https://www.pricecharting.com/game/super-nintendo/rise-of-the-robots 
Rival Turf,11.99,59.99,74.99,032264700051,7435,https://www.pricecharting.com/game/super-nintendo/rival-turf 
Road Riot 4WD,3.99,24.99,74.99,719575030113,14399,https://www.pricecharting.com/game/super-nintendo/road-riot-4wd 
Road Runner's Death Valley Rally,7.99,34.99,119.99,020763110242,7070,https://www.pricecharting.com/game/super-nintendo/road-runner's-death-valley-rally 
Robocop 3,13.99,64.99,114.99,020295030025,7071,https://www.pricecharting.com/game/super-nintendo/robocop-3 
Robocop vs The Terminator,19.99,154.99,424.99,052145840058,7436,https://www.pricecharting.com/game/super-nintendo/robocop-vs-the-terminator 
Robotrek,119.99,279.99,899.99,719631000135,7072,https://www.pricecharting.com/game/super-nintendo/robotrek 
Rock 'n Roll Racing,49.99,139.99,414.99,040421820092,13059,https://www.pricecharting.com/game/super-nintendo/rock-'n-roll-racing 
Rocko's Modern Life,19.99,119.99,389.99,040824212012,7073,https://www.pricecharting.com/game/super-nintendo/rocko's-modern-life 
Rocky Rodent,24.99,89.99,154.99,715664393060,13060,https://www.pricecharting.com/game/super-nintendo/rocky-rodent 
Roger Clemens' MVP Baseball,3.99,10.99,34.99,023582087047,17610,https://www.pricecharting.com/game/super-nintendo/roger-clemens'-mvp-baseball 
Romance of the Three Kingdoms II,19.99,59.99,269.99,040198000376,13061,https://www.pricecharting.com/game/super-nintendo/romance-of-the-three-kingdoms-ii 
Romance of the Three Kingdoms III Dragon of Destiny,24.99,49.99,169.99,040198000550,13062,https://www.pricecharting.com/game/super-nintendo/romance-of-the-three-kingdoms-iii-dragon-of-destiny 
Romance of the Three Kingdoms IV Wall of Fire,29.99,64.99,104.99,040198000888,7074,https://www.pricecharting.com/game/super-nintendo/romance-of-the-three-kingdoms-iv-wall-of-fire 
RPM Racing,ND,ND,ND,,,https://www.pricecharting.com/game/super-nintendo/rpm-racing 
R-Type III The Third Lightning,184.99,589.99,1894.99,715664393077,7075,https://www.pricecharting.com/game/super-nintendo/r-type-iii-the-third-lightning 
Run Saber,109.99,184.99,479.99,730865300051,7076,https://www.pricecharting.com/game/super-nintendo/run-saber 
Samurai Shodown,13.99,44.99,154.99,026483340983,10439,https://www.pricecharting.com/game/super-nintendo/samurai-shodown 
Saturday Night Slam Masters,29.99,124.99,399.99,013388130207,7077,https://www.pricecharting.com/game/super-nintendo/saturday-night-slam-masters 
Scooby Doo Mystery,7.99,34.99,199.99,021481620365,7078,https://www.pricecharting.com/game/super-nintendo/scooby-doo-mystery 
Sea Quest DSV,17.99,54.99,174.99,758739230099,7079,https://www.pricecharting.com/game/super-nintendo/sea-quest-dsv 
Secret of Evermore,39.99,129.99,339.99,094689151016,7080,https://www.pricecharting.com/game/super-nintendo/secret-of-evermore 
Secret of Mana,49.99,159.99,479.99,094689131094,7081,https://www.pricecharting.com/game/super-nintendo/secret-of-mana 
Separation Anxiety,29.99,129.99,404.99,021481620389,7082,https://www.pricecharting.com/game/super-nintendo/separation-anxiety 
Shadowrun,59.99,219.99,714.99,013252011021,7083,https://www.pricecharting.com/game/super-nintendo/shadowrun 
Shanghai II Dragon's Eye,7.99,15.99,54.99,047875540019,7084,https://www.pricecharting.com/game/super-nintendo/shanghai-ii-dragon's-eye 
Shaq Fu,7.99,29.99,199.99,014633072846,19763,https://www.pricecharting.com/game/super-nintendo/shaq-fu 
Shien's Revenge,89.99,159.99,269.99,034912784772,7085,https://www.pricecharting.com/game/super-nintendo/shien's-revenge 
Side Pocket,13.99,19.99,69.99,013252011076,7087,https://www.pricecharting.com/game/super-nintendo/side-pocket 
Sid Meier's Civilization,29.99,84.99,214.99,040198000949,7086,https://www.pricecharting.com/game/super-nintendo/sid-meier's-civilization 
SimAnt,29.99,89.99,179.99,046357100512,10840,https://www.pricecharting.com/game/super-nintendo/simant 
SimCity,8.99,29.99,349.99,040008718774,7088,https://www.pricecharting.com/game/super-nintendo/simcity 
SimCity 2000,29.99,69.99,234.99,785138330112,12537,https://www.pricecharting.com/game/super-nintendo/simcity-2000 
SimEarth the Living Planet,ND,ND,ND,,,https://www.pricecharting.com/game/super-nintendo/simearth-the-living-planet 
Skiing & Snowboarding: Tommy Moe's Winter Extreme,4.99,15.99,49.99,099451613938,16234,https://www.pricecharting.com/game/super-nintendo/skiing-%26-snowboarding-tommy-moe's-winter-extreme 
Skuljagger,14.99,69.99,204.99,729627121058,7089,https://www.pricecharting.com/game/super-nintendo/skuljagger 
Skyblazer,124.99,269.99,629.99,090451306073,7090,https://www.pricecharting.com/game/super-nintendo/skyblazer 
Smartball,10.99,34.99,109.99,090451304024,7091,https://www.pricecharting.com/game/super-nintendo/smartball 
SNES AV Cable,11.99,29.99,94.99,,14568,https://www.pricecharting.com/game/super-nintendo/snes-av-cable 
Snow White in Happily Ever After,29.99,79.99,109.99,729627121072,13064,https://www.pricecharting.com/game/super-nintendo/snow-white-in-happily-ever-after 
Soldier of Fortune,ND,ND,ND,,,https://www.pricecharting.com/game/super-nintendo/soldier-of-fortune 
Sonic Blast Man,39.99,89.99,299.99,020588010642,13065,https://www.pricecharting.com/game/super-nintendo/sonic-blast-man 
Sonic Blast Man 2,234.99,599.99,1919.99,020588010895,7092,https://www.pricecharting.com/game/super-nintendo/sonic-blast-man-2 
S.O.S.,109.99,234.99,349.99,034912784765,7093,https://www.pricecharting.com/game/super-nintendo/sos 
S.O.S: Sink or Swim,64.99,129.99,414.99,091493042523,18519,https://www.pricecharting.com/game/super-nintendo/sos-sink-or-swim 
Soul Blazer,109.99,359.99,1249.99,719631000050,7094,https://www.pricecharting.com/game/super-nintendo/soul-blazer 
Space Ace,10.99,39.99,129.99,018706218940,13066,https://www.pricecharting.com/game/super-nintendo/space-ace 
Space Football,6.99,19.99,74.99,726268001565,14054,https://www.pricecharting.com/game/super-nintendo/space-football 
Space Invaders,8.99,24.99,84.99,045496830649,7095,https://www.pricecharting.com/game/super-nintendo/space-invaders 
Space MegaForce,284.99,454.99,1454.99,091521100065,7096,https://www.pricecharting.com/game/super-nintendo/space-megaforce 
Spanky's Quest,29.99,49.99,159.99,719593030010,7097,https://www.pricecharting.com/game/super-nintendo/spanky's-quest 
Sparkster,159.99,419.99,1354.99,083717150176,7098,https://www.pricecharting.com/game/super-nintendo/sparkster 
Spawn,19.99,109.99,304.99,021481620433,7099,https://www.pricecharting.com/game/super-nintendo/spawn 
Spectre,8.99,24.99,84.99,043948510149,12966,https://www.pricecharting.com/game/super-nintendo/spectre 
Speed Racer,24.99,89.99,249.99,015605053061,7100,https://www.pricecharting.com/game/super-nintendo/speed-racer 
Speedy Gonzales Los Gatos Bandidos,9.99,29.99,104.99,021481620341,7101,https://www.pricecharting.com/game/super-nintendo/speedy-gonzales-los-gatos-bandidos 
Spiderman,19.99,94.99,99.99,023582090139,7446,https://www.pricecharting.com/game/super-nintendo/spiderman 
Spiderman Maximum Carnage,44.99,179.99,454.99,023582087115,7102,https://www.pricecharting.com/game/super-nintendo/spiderman-maximum-carnage 
Spiderman X-Men Arcade's Revenge,9.99,64.99,544.99,023582087016,7103,https://www.pricecharting.com/game/super-nintendo/spiderman-x-men-arcade's-revenge 
Spindizzy Worlds,10.99,29.99,69.99,093992040208,13067,https://www.pricecharting.com/game/super-nintendo/spindizzy-worlds 
Sports Illustrated Championship Football & Baseball,4.99,13.99,34.99,758739230037,14872,https://www.pricecharting.com/game/super-nintendo/sports-illustrated-championship-football-%26-baseball 
Star Fox,12.99,54.99,674.99,045496830069,7106,https://www.pricecharting.com/game/super-nintendo/star-fox 
Starfox Super Weekend Competition,2139.99,2304.99,-.01,,14935,https://www.pricecharting.com/game/super-nintendo/starfox-super-weekend-competition 
Stargate the Movie,ND,ND,ND,,,https://www.pricecharting.com/game/super-nintendo/stargate-the-movie 
Star Trek Deep Space Nine Crossroads of Time,14.99,39.99,94.99,796298065509,7104,https://www.pricecharting.com/game/super-nintendo/star-trek-deep-space-nine-crossroads-of-time 
Star Trek Starfleet Academy,12.99,29.99,59.99,040421820191,7105,https://www.pricecharting.com/game/super-nintendo/star-trek-starfleet-academy 
Star Trek the Next Generation,9.99,39.99,114.99,085004109454,10943,https://www.pricecharting.com/game/super-nintendo/star-trek-the-next-generation 
Steel Talons,16.99,54.99,184.99,766957700430,7107,https://www.pricecharting.com/game/super-nintendo/steel-talons 
Sterling Sharpe: End 2 End,15.99,49.99,159.99,032264700228,21631,https://www.pricecharting.com/game/super-nintendo/sterling-sharpe-end-2-end 
Stone Protectors,79.99,259.99,809.99,741648001096,7108,https://www.pricecharting.com/game/super-nintendo/stone-protectors 
Street Combat,8.99,19.99,94.99,715664393053,13069,https://www.pricecharting.com/game/super-nintendo/street-combat 
Street Fighter Alpha 2,54.99,199.99,1584.99,045496830625,7452,https://www.pricecharting.com/game/super-nintendo/street-fighter-alpha-2 
Street Fighter II,9.99,69.99,2059.99,013388130054,7453,https://www.pricecharting.com/game/super-nintendo/street-fighter-ii 
Street Fighter II Turbo,13.99,64.99,1289.99,013388130061,7109,https://www.pricecharting.com/game/super-nintendo/street-fighter-ii-turbo 
Street Hockey 95,7.99,24.99,84.99,794546300020,13070,https://www.pricecharting.com/game/super-nintendo/street-hockey-95 
Street Racer,29.99,59.99,194.99,008888060000,7110,https://www.pricecharting.com/game/super-nintendo/street-racer 
Strike Gunner STG,44.99,174.99,234.99,097933300017,7111,https://www.pricecharting.com/game/super-nintendo/strike-gunner-stg 
Stunt Race FX,7.99,34.99,174.99,045496830267,7454,https://www.pricecharting.com/game/super-nintendo/stunt-race-fx 
Sunset Riders,89.99,379.99,529.99,083717150121,7112,https://www.pricecharting.com/game/super-nintendo/sunset-riders 
Super 3D Noah's Ark,154.99,259.99,1164.99,016315440080,19251,https://www.pricecharting.com/game/super-nintendo/super-3d-noah's-ark 
Super Advantage Controller,34.99,99.99,324.99,,33653,https://www.pricecharting.com/game/super-nintendo/super-advantage-controller 
Super Adventure Island,14.99,64.99,209.99,039854000164,7113,https://www.pricecharting.com/game/super-nintendo/super-adventure-island 
Super Adventure Island II,99.99,294.99,944.99,039854000263,7114,https://www.pricecharting.com/game/super-nintendo/super-adventure-island-ii 
Super Alfred Chicken,11.99,34.99,109.99,050047113737,7115,https://www.pricecharting.com/game/super-nintendo/super-alfred-chicken 
Super Aquatic Games,5.99,13.99,49.99,044499006075,7116,https://www.pricecharting.com/game/super-nintendo/super-aquatic-games 
Super Baseball 2020,13.99,29.99,114.99,031719199310,7117,https://www.pricecharting.com/game/super-nintendo/super-baseball-2020 
Super Bases Loaded,3.99,15.99,39.99,032264700013,7118,https://www.pricecharting.com/game/super-nintendo/super-bases-loaded 
Super Bases Loaded 2,7.99,15.99,54.99,032264700136,7119,https://www.pricecharting.com/game/super-nintendo/super-bases-loaded-2 
Super Bases Loaded 3,8.99,34.99,109.99,032264700204,7120,https://www.pricecharting.com/game/super-nintendo/super-bases-loaded-3 
Super Batter Up,8.99,24.99,74.99,722674020176,13071,https://www.pricecharting.com/game/super-nintendo/super-batter-up 
Super Battleship,4.99,13.99,34.99,050047113768,7122,https://www.pricecharting.com/game/super-nintendo/super-battleship 
Super Battletank 2,5.99,16.99,69.99,018706113931,7123,https://www.pricecharting.com/game/super-nintendo/super-battletank-2 
Super Battletank War in the Gulf,4.99,14.99,44.99,099451809782,7459,https://www.pricecharting.com/game/super-nintendo/super-battletank-war-in-the-gulf 
Super Black Bass,5.99,14.99,64.99,093455100111,7124,https://www.pricecharting.com/game/super-nintendo/super-black-bass 
Super Bomberman,44.99,209.99,409.99,039854000232,14547,https://www.pricecharting.com/game/super-nintendo/super-bomberman 
Super Bomberman 2,29.99,94.99,259.99,039854000331,7125,https://www.pricecharting.com/game/super-nintendo/super-bomberman-2 
Super Bomberman Party Pack,199.99,244.99,789.99,,34653,https://www.pricecharting.com/game/super-nintendo/super-bomberman-party-pack 
Super Bonk,64.99,234.99,754.99,039854000294,7127,https://www.pricecharting.com/game/super-nintendo/super-bonk 
Super Bowling,8.99,19.99,69.99,095303284028,7128,https://www.pricecharting.com/game/super-nintendo/super-bowling 
Super Buster Bros.,29.99,49.99,269.99,013388130085,7129,https://www.pricecharting.com/game/super-nintendo/super-buster-bros 
Super Caesar's Palace,2.99,7.99,49.99,052145840065,13818,https://www.pricecharting.com/game/super-nintendo/super-caesar's-palace 
Super Castlevania IV,49.99,229.99,444.99,083717150015,7130,https://www.pricecharting.com/game/super-nintendo/super-castlevania-iv 
Super Chase HQ,13.99,64.99,204.99,020588010758,7131,https://www.pricecharting.com/game/super-nintendo/super-chase-hq 
Super Conflict,10.99,39.99,134.99,034912784734,7132,https://www.pricecharting.com/game/super-nintendo/super-conflict 
Super Copa,154.99,2404.99,3214.99,729627121102,31345,https://www.pricecharting.com/game/super-nintendo/super-copa 
Super Double Dragon,39.99,139.99,454.99,031719199211,7133,https://www.pricecharting.com/game/super-nintendo/super-double-dragon 
Super Gameboy,24.99,69.99,274.99,045496820138045496820121,7460,https://www.pricecharting.com/game/super-nintendo/super-gameboy 
Super Ghouls 'N Ghosts,24.99,104.99,349.99,045496330026013388130030,7134,https://www.pricecharting.com/game/super-nintendo/super-ghouls-'n-ghosts 
Super Goal! 2,24.99,64.99,209.99,032264700143,7135,https://www.pricecharting.com/game/super-nintendo/super-goal-2 
Super Godzilla,15.99,49.99,214.99,091521100089,7461,https://www.pricecharting.com/game/super-nintendo/super-godzilla 
Super High Impact,3.99,10.99,84.99,021481601067,7136,https://www.pricecharting.com/game/super-nintendo/super-high-impact 
Super James Pond,14.99,39.99,199.99,729627121041,7137,https://www.pricecharting.com/game/super-nintendo/super-james-pond 
Super Mario All-Stars,19.99,84.99,1224.99,045496830229,7138,https://www.pricecharting.com/game/super-nintendo/super-mario-all-stars 
Super Mario All-stars and Super Mario World,29.99,129.99,1259.99,071436027282,9888,https://www.pricecharting.com/game/super-nintendo/super-mario-all-stars-and-super-mario-world 
Super Mario Kart,34.99,124.99,464.99,045496830144,7139,https://www.pricecharting.com/game/super-nintendo/super-mario-kart 
Super Mario RPG,89.99,324.99,3229.99,045496830502,7140,https://www.pricecharting.com/game/super-nintendo/super-mario-rpg 
Super Mario World,12.99,744.99,2089.99,045496830014,7141,https://www.pricecharting.com/game/super-nintendo/super-mario-world 
Super Mario World 2 Yoshi's Island,39.99,139.99,624.99,045496830373,7142,https://www.pricecharting.com/game/super-nintendo/super-mario-world-2-yoshi's-island 
Super Metroid,69.99,304.99,1164.99,045496830298,7143,https://www.pricecharting.com/game/super-nintendo/super-metroid 
Super Ninja Boy,24.99,59.99,189.99,047743920127,7144,https://www.pricecharting.com/game/super-nintendo/super-ninja-boy 
Super Nintendo Cleaning Kit,14.99,19.99,34.99,,38379,https://www.pricecharting.com/game/super-nintendo/super-nintendo-cleaning-kit 
Super Nintendo Controller,15.99,39.99,84.99,045496820152045496820046,9893,https://www.pricecharting.com/game/super-nintendo/super-nintendo-controller 
Super Nintendo Mouse,14.99,29.99,94.99,,30877,https://www.pricecharting.com/game/super-nintendo/super-nintendo-mouse 
Super Nintendo System,64.99,174.99,619.99,045496810016,7145,https://www.pricecharting.com/game/super-nintendo/super-nintendo-system 
Super Nova,34.99,169.99,429.99,020588010819,7146,https://www.pricecharting.com/game/super-nintendo/super-nova 
Super Off Road,11.99,39.99,139.99,031719199181,7147,https://www.pricecharting.com/game/super-nintendo/super-off-road 
Super Off Road The Baja,5.99,19.99,94.99,031719199334,7148,https://www.pricecharting.com/game/super-nintendo/super-off-road-the-baja 
Super Pinball Behind the Mask,4.99,14.99,49.99,045496830397,12547,https://www.pricecharting.com/game/super-nintendo/super-pinball-behind-the-mask 
Super Play Action Football,2.99,9.99,74.99,045496830052,14799,https://www.pricecharting.com/game/super-nintendo/super-play-action-football 
Super Punch Out,29.99,104.99,2229.99,045496830380,7149,https://www.pricecharting.com/game/super-nintendo/super-punch-out 
Super Putty,6.99,34.99,109.99,743175790665,16261,https://www.pricecharting.com/game/super-nintendo/super-putty 
Super RBI Baseball,6.99,19.99,74.99,031763057901,7150,https://www.pricecharting.com/game/super-nintendo/super-rbi-baseball 
Super R-Type,11.99,64.99,229.99,715664391011,7462,https://www.pricecharting.com/game/super-nintendo/super-r-type 
Super Scope 6,13.99,129.99,149.99,045496820060,44969,https://www.pricecharting.com/game/super-nintendo/super-scope-6 
Super Scope Gun,69.99,134.99,224.99,045496820107,19501,https://www.pricecharting.com/game/super-nintendo/super-scope-gun 
Super Slapshot,ND,ND,ND,,,https://www.pricecharting.com/game/super-nintendo/super-slapshot 
Super Smash TV,39.99,99.99,329.99,021481601029,7463,https://www.pricecharting.com/game/super-nintendo/super-smash-tv 
Super Soccer,4.99,29.99,119.99,045496830137,7151,https://www.pricecharting.com/game/super-nintendo/super-soccer 
Super Soccer Champ,12.99,44.99,139.99,020588010468,33053,https://www.pricecharting.com/game/super-nintendo/super-soccer-champ 
Super Solitaire,6.99,14.99,49.99,027479800023,7152,https://www.pricecharting.com/game/super-nintendo/super-solitaire 
Super Star Wars,12.99,44.99,244.99,009119920322045496830601,7153,https://www.pricecharting.com/game/super-nintendo/super-star-wars 
Super Star Wars Empire Strikes Back,14.99,39.99,189.99,009119930352,7154,https://www.pricecharting.com/game/super-nintendo/super-star-wars-empire-strikes-back 
Super Star Wars Return of the Jedi,19.99,59.99,239.99,009119940405,7155,https://www.pricecharting.com/game/super-nintendo/super-star-wars-return-of-the-jedi 
Super Street Fighter II,17.99,59.99,179.99,013388130238,7156,https://www.pricecharting.com/game/super-nintendo/super-street-fighter-ii 
Super Strike Eagle,7.99,19.99,64.99,019703160201,7157,https://www.pricecharting.com/game/super-nintendo/super-strike-eagle 
Super Tennis,5.99,13.99,54.99,045496830083,7158,https://www.pricecharting.com/game/super-nintendo/super-tennis 
Super Troll Island,ND,ND,ND,,,https://www.pricecharting.com/game/super-nintendo/super-troll-island 
Super Turrican,44.99,109.99,464.99,044499006051,7464,https://www.pricecharting.com/game/super-nintendo/super-turrican 
Super Turrican 2,299.99,864.99,2579.99,020295030230,7160,https://www.pricecharting.com/game/super-nintendo/super-turrican-2 
Super Valis IV,64.99,159.99,514.99,730865300044,7161,https://www.pricecharting.com/game/super-nintendo/super-valis-iv 
Super Widget,19.99,89.99,299.99,730865300037,13072,https://www.pricecharting.com/game/super-nintendo/super-widget 
Suzuka 8 Hours,5.99,19.99,69.99,722674020282,18544,https://www.pricecharting.com/game/super-nintendo/suzuka-8-hours 
SWAT Kats,209.99,274.99,609.99,039854000454,7162,https://www.pricecharting.com/game/super-nintendo/swat-kats 
Syndicate,139.99,309.99,464.99,020295030254,7163,https://www.pricecharting.com/game/super-nintendo/syndicate 
T2 The Arcade Game,10.99,39.99,314.99,023582087078,9923,https://www.pricecharting.com/game/super-nintendo/t2-the-arcade-game 
Taz-Mania,4.99,24.99,144.99,020763110280,7164,https://www.pricecharting.com/game/super-nintendo/taz-mania 
Tecmo Secret of the Stars,99.99,149.99,949.99,018946090061,19254,https://www.pricecharting.com/game/super-nintendo/tecmo-secret-of-the-stars 
Tecmo Super Baseball,4.99,10.99,34.99,018946090030,13772,https://www.pricecharting.com/game/super-nintendo/tecmo-super-baseball 
Tecmo Super Bowl,15.99,29.99,204.99,018946090016,7466,https://www.pricecharting.com/game/super-nintendo/tecmo-super-bowl 
Tecmo Super Bowl III,24.99,39.99,139.99,018946090085,7166,https://www.pricecharting.com/game/super-nintendo/tecmo-super-bowl-iii 
Tecmo Super Bowl II Special Edition,104.99,154.99,1034.99,018946090054,7165,https://www.pricecharting.com/game/super-nintendo/tecmo-super-bowl-ii-special-edition 
Tecmo Super NBA Basketball,4.99,19.99,44.99,018946090009,16381,https://www.pricecharting.com/game/super-nintendo/tecmo-super-nba-basketball 
Teenage Mutant Ninja Turtles IV Turtles in Time,59.99,424.99,1484.99,083717150046,7168,https://www.pricecharting.com/game/super-nintendo/teenage-mutant-ninja-turtles-iv-turtles-in-time 
Teenage Mutant Ninja Turtles Tournament Fighters,24.99,154.99,499.99,083717150138,7169,https://www.pricecharting.com/game/super-nintendo/teenage-mutant-ninja-turtles-tournament-fighters 
Terminator,24.99,69.99,254.99,050047106609,13074,https://www.pricecharting.com/game/super-nintendo/terminator 
Terminator 2 Judgement Day,ND,ND,ND,,,https://www.pricecharting.com/game/super-nintendo/terminator-2-judgement-day 
Terranigma,ND,ND,ND,,,https://www.pricecharting.com/game/super-nintendo/terranigma 
Terranigma (English Reproduction),39.99,39.99,264.99,,31305,https://www.pricecharting.com/game/super-nintendo/terranigma-(english-reproduction) 
Tetris 2,7.99,19.99,129.99,045496830304,7170,https://www.pricecharting.com/game/super-nintendo/tetris-2 
Tetris and Dr. Mario,24.99,49.99,199.99,045496830403,7171,https://www.pricecharting.com/game/super-nintendo/tetris-and-dr-mario 
Tetris Attack,15.99,44.99,329.99,045496830533,7172,https://www.pricecharting.com/game/super-nintendo/tetris-attack 
The 7th Saga,29.99,99.99,319.99,719631000074,7173,https://www.pricecharting.com/game/super-nintendo/the-7th-saga 
The Addams Family,16.99,44.99,154.99,020295030018,7174,https://www.pricecharting.com/game/super-nintendo/the-addams-family 
The Adventures of Kid Kleets,39.99,154.99,504.99,020295030193,7176,https://www.pricecharting.com/game/super-nintendo/the-adventures-of-kid-kleets 
The Adventures of Rocky and Bullwinkle and Friends,12.99,29.99,99.99,719575030106,11860,https://www.pricecharting.com/game/super-nintendo/the-adventures-of-rocky-and-bullwinkle-and-friends 
The Brainies,19.99,64.99,204.99,091493040604,7179,https://www.pricecharting.com/game/super-nintendo/the-brainies 
The Combatribes,39.99,134.99,444.99,095303284042,7180,https://www.pricecharting.com/game/super-nintendo/the-combatribes 
The Death and Return of Superman,59.99,194.99,394.99,020763110419,7181,https://www.pricecharting.com/game/super-nintendo/the-death-and-return-of-superman 
The Duel Test Drive II,11.99,34.99,119.99,015605052033,7182,https://www.pricecharting.com/game/super-nintendo/the-duel-test-drive-ii 
The Flintstones Treasure of the Sierra Madrock,ND,ND,ND,,,https://www.pricecharting.com/game/super-nintendo/the-flintstones-treasure-of-the-sierra-madrock 
The Great Circus Mystery Starring Mickey and Minnie,15.99,49.99,139.99,013388130252,7184,https://www.pricecharting.com/game/super-nintendo/the-great-circus-mystery-starring-mickey-and-minnie 
The Great Waldo Search,19.99,64.99,149.99,719575030083,7185,https://www.pricecharting.com/game/super-nintendo/the-great-waldo-search 
The Ignition Factor,34.99,69.99,214.99,032264700198,13075,https://www.pricecharting.com/game/super-nintendo/the-ignition-factor 
The Incredible Crash Dummies,ND,ND,ND,,,https://www.pricecharting.com/game/super-nintendo/the-incredible-crash-dummies 
The Incredible Hulk,15.99,54.99,174.99,743175790764,7187,https://www.pricecharting.com/game/super-nintendo/the-incredible-hulk 
The Itchy and Scratchy Game,49.99,249.99,744.99,021481601098,7188,https://www.pricecharting.com/game/super-nintendo/the-itchy-and-scratchy-game 
The Jetsons Invasion of the Planet Pirates,89.99,194.99,619.99,020588010802,7189,https://www.pricecharting.com/game/super-nintendo/the-jetsons-invasion-of-the-planet-pirates 
The Jungle Book,6.99,24.99,199.99,052145840102,7190,https://www.pricecharting.com/game/super-nintendo/the-jungle-book 
The Lion King,9.99,34.99,209.99,052145840140,7191,https://www.pricecharting.com/game/super-nintendo/the-lion-king 
The Lost Vikings,29.99,69.99,244.99,040421820054,7192,https://www.pricecharting.com/game/super-nintendo/the-lost-vikings 
The Mask,69.99,324.99,1054.99,758739230105,13076,https://www.pricecharting.com/game/super-nintendo/the-mask 
The Pagemaster,10.99,29.99,84.99,086162701566,7193,https://www.pricecharting.com/game/super-nintendo/the-pagemaster 
The Ren and Stimpy Show Buckeroos,139.99,599.99,1914.99,719575030168,7195,https://www.pricecharting.com/game/super-nintendo/the-ren-and-stimpy-show-buckeroos 
The Ren and Stimpy Show Fire Dogs,49.99,89.99,294.99,719575030199,7196,https://www.pricecharting.com/game/super-nintendo/the-ren-and-stimpy-show-fire-dogs 
The Ren and Stimpy Show Time Warp,29.99,89.99,284.99,719575030205,7197,https://www.pricecharting.com/game/super-nintendo/the-ren-and-stimpy-show-time-warp 
The Ren and Stimpy Show Veediots,9.99,39.99,129.99,719575030151,10467,https://www.pricecharting.com/game/super-nintendo/the-ren-and-stimpy-show-veediots 
The Rocketeer,7.99,29.99,124.99,718888100100,7198,https://www.pricecharting.com/game/super-nintendo/the-rocketeer 
The Simpsons Bart's Nightmare,24.99,104.99,394.99,021481601036,9999,https://www.pricecharting.com/game/super-nintendo/the-simpsons-bart's-nightmare 
The Skins Game,8.99,15.99,99.99,715664391028,13077,https://www.pricecharting.com/game/super-nintendo/the-skins-game 
The Sporting News Baseball,7.99,29.99,94.99,039854000324,7199,https://www.pricecharting.com/game/super-nintendo/the-sporting-news-baseball 
The Tick,24.99,109.99,204.99,086162700569,7200,https://www.pricecharting.com/game/super-nintendo/the-tick 
The Twisted Tales of Spike McFang,179.99,459.99,1054.99,715504030704,7201,https://www.pricecharting.com/game/super-nintendo/the-twisted-tales-of-spike-mcfang 
The Untouchables,16.99,54.99,129.99,020295030124,7202,https://www.pricecharting.com/game/super-nintendo/the-untouchables 
Thomas the Tank Engine and Friends,11.99,34.99,129.99,719575030175,7203,https://www.pricecharting.com/game/super-nintendo/thomas-the-tank-engine-and-friends 
Thunder Spirits,24.99,99.99,209.99,044499006044,7204,https://www.pricecharting.com/game/super-nintendo/thunder-spirits 
Time Cop,24.99,109.99,364.99,009119940412,7205,https://www.pricecharting.com/game/super-nintendo/time-cop 
Timeslip,15.99,59.99,114.99,034912784758,7476,https://www.pricecharting.com/game/super-nintendo/timeslip 
Time Trax,39.99,69.99,229.99,758739230020,7475,https://www.pricecharting.com/game/super-nintendo/time-trax 
Timon and Pumbaa Jungle Games,5.99,24.99,69.99,785138330198,7206,https://www.pricecharting.com/game/super-nintendo/timon-and-pumbaa-jungle-games 
Tinstar,10.99,44.99,149.99,045496830342,12549,https://www.pricecharting.com/game/super-nintendo/tinstar 
Tiny Toon Adventures Buster Busts Loose,10.99,34.99,94.99,083717150091,7207,https://www.pricecharting.com/game/super-nintendo/tiny-toon-adventures-buster-busts-loose 
Tiny Toon Adventures Wacky Sports Challenge,34.99,74.99,249.99,083717150169,7209,https://www.pricecharting.com/game/super-nintendo/tiny-toon-adventures-wacky-sports-challenge 
TKO Super Championship Boxing,12.99,34.99,114.99,093295921020,13073,https://www.pricecharting.com/game/super-nintendo/tko-super-championship-boxing 
TNN Bass Tournament of Champions,7.99,19.99,39.99,729627121133,34777,https://www.pricecharting.com/game/super-nintendo/tnn-bass-tournament-of-champions 
Tom and Jerry,7.99,29.99,224.99,087855000720,7210,https://www.pricecharting.com/game/super-nintendo/tom-and-jerry 
Tony Meola's Sidekicks Soccer,4.99,19.99,69.99,099451531935,18700,https://www.pricecharting.com/game/super-nintendo/tony-meola's-sidekicks-soccer 
Top Gear,10.99,44.99,214.99,741648001010,7211,https://www.pricecharting.com/game/super-nintendo/top-gear 
Top Gear 2,19.99,64.99,244.99,741648001089,7212,https://www.pricecharting.com/game/super-nintendo/top-gear-2 
Top Gear 3000,44.99,84.99,284.99,741648001119,7213,https://www.pricecharting.com/game/super-nintendo/top-gear-3000 
Total Carnage,16.99,54.99,184.99,758739230044,7479,https://www.pricecharting.com/game/super-nintendo/total-carnage 
Toys,4.99,12.99,44.99,018706102935,11965,https://www.pricecharting.com/game/super-nintendo/toys 
Toy Story,9.99,29.99,444.99,045496330422071272521074,7480,https://www.pricecharting.com/game/super-nintendo/toy-story 
Troddlers,11.99,44.99,144.99,044499006068,13079,https://www.pricecharting.com/game/super-nintendo/troddlers 
Troy Aikman NFL Football,1.99,11.99,34.99,031719199365,13880,https://www.pricecharting.com/game/super-nintendo/troy-aikman-nfl-football 
True Lies,49.99,194.99,634.99,023582090085,7214,https://www.pricecharting.com/game/super-nintendo/true-lies 
Tuff E Nuff,ND,ND,ND,,,https://www.pricecharting.com/game/super-nintendo/tuff-e-nuff 
Turn and Burn No Fly Zone,6.99,24.99,89.99,018706112934,7215,https://www.pricecharting.com/game/super-nintendo/turn-and-burn-no-fly-zone 
Ultima Runes of Virtue II,29.99,64.99,169.99,022909400064,7216,https://www.pricecharting.com/game/super-nintendo/ultima-runes-of-virtue-ii 
Ultimate Fighter,24.99,54.99,184.99,047743920110,7219,https://www.pricecharting.com/game/super-nintendo/ultimate-fighter 
Ultimate Mortal Kombat 3,34.99,189.99,564.99,031719199624,13691,https://www.pricecharting.com/game/super-nintendo/ultimate-mortal-kombat-3 
Ultima The Black Gate,64.99,159.99,519.99,022909400071,7217,https://www.pricecharting.com/game/super-nintendo/ultima-the-black-gate 
Ultima The False Prophet,16.99,54.99,174.99,022909400019,7218,https://www.pricecharting.com/game/super-nintendo/ultima-the-false-prophet 
Ultraman,7.99,24.99,79.99,045557088002,7221,https://www.pricecharting.com/game/super-nintendo/ultraman 
Uncharted Waters,54.99,79.99,219.99,040198000499,7223,https://www.pricecharting.com/game/super-nintendo/uncharted-waters 
Uncharted Waters New Horizons,89.99,114.99,374.99,040198000765,7025,https://www.pricecharting.com/game/super-nintendo/uncharted-waters-new-horizons 
Uniracers,13.99,99.99,304.99,045496830328,7224,https://www.pricecharting.com/game/super-nintendo/uniracers 
UN Squadron,29.99,89.99,304.99,013388130023,7222,https://www.pricecharting.com/game/super-nintendo/un-squadron 
Urban Strike,8.99,29.99,79.99,785138330037,7485,https://www.pricecharting.com/game/super-nintendo/urban-strike 
Utopia The Creation of a Nation,11.99,29.99,114.99,032264700068,7225,https://www.pricecharting.com/game/super-nintendo/utopia-the-creation-of-a-nation 
Vegas Stakes,2.99,10.99,34.99,045496830205,7226,https://www.pricecharting.com/game/super-nintendo/vegas-stakes 
Virtual Bart,24.99,124.99,399.99,021481601111,12540,https://www.pricecharting.com/game/super-nintendo/virtual-bart 
Vortex,11.99,39.99,84.99,099451614935,13837,https://www.pricecharting.com/game/super-nintendo/vortex 
Waialae Country Club,2.99,9.99,34.99,734979911011,12967,https://www.pricecharting.com/game/super-nintendo/waialae-country-club 
War 2410,64.99,139.99,289.99,791905020520,7227,https://www.pricecharting.com/game/super-nintendo/war-2410 
War 3010 The Revolution,39.99,49.99,139.99,791905020568,7228,https://www.pricecharting.com/game/super-nintendo/war-3010-the-revolution 
Wario's Woods,13.99,49.99,204.99,045496830366,7229,https://www.pricecharting.com/game/super-nintendo/wario's-woods 
Warlock,9.99,24.99,124.99,023582090160,7230,https://www.pricecharting.com/game/super-nintendo/warlock 
WarpSpeed,13.99,19.99,69.99,015605052026,12545,https://www.pricecharting.com/game/super-nintendo/warpspeed 
Wayne Gretzky and the NHLPA All-Stars,5.99,17.99,69.99,031763089902,16174,https://www.pricecharting.com/game/super-nintendo/wayne-gretzky-and-the-nhlpa-all-stars 
Wayne's World,11.99,54.99,99.99,719575030144,7231,https://www.pricecharting.com/game/super-nintendo/wayne's-world 
WCW Superbrawl Wrestling,34.99,64.99,214.99,022909400040,7232,https://www.pricecharting.com/game/super-nintendo/wcw-superbrawl-wrestling 
WeaponLord,24.99,49.99,159.99,722674020459,7497,https://www.pricecharting.com/game/super-nintendo/weaponlord 
We're Back A Dinosaur Story,7.99,24.99,54.99,087855000782,10841,https://www.pricecharting.com/game/super-nintendo/we're-back-a-dinosaur-story 
Wheel of Fortune,3.99,10.99,34.99,043948510125,13080,https://www.pricecharting.com/game/super-nintendo/wheel-of-fortune 
Wheel of Fortune Deluxe Edition,3.99,10.99,29.99,043948510156,7233,https://www.pricecharting.com/game/super-nintendo/wheel-of-fortune-deluxe-edition 
Where in the World is Carmen Sandiego,17.99,44.99,199.99,087855000751,7234,https://www.pricecharting.com/game/super-nintendo/where-in-the-world-is-carmen-sandiego 
Where in Time is Carmen Sandiego,11.99,34.99,99.99,087855000744,7235,https://www.pricecharting.com/game/super-nintendo/where-in-time-is-carmen-sandiego 
Whirlo [PAL],164.99,299.99,784.99,,39052,https://www.pricecharting.com/game/super-nintendo/whirlo-%5Bpal%5D 
Whizz,19.99,59.99,254.99,091493043254,12546,https://www.pricecharting.com/game/super-nintendo/whizz 
Wicked 18,12.99,24.99,84.99,715504030605,13081,https://www.pricecharting.com/game/super-nintendo/wicked-18 
Wildcats,34.99,149.99,439.99,796298067527,13082,https://www.pricecharting.com/game/super-nintendo/wildcats 
Wild Guns,284.99,854.99,2744.99,719593030058,7236,https://www.pricecharting.com/game/super-nintendo/wild-guns 
WildSnake,7.99,16.99,54.99,085004211300,7237,https://www.pricecharting.com/game/super-nintendo/wildsnake 
Williams Arcade's Greatest Hits,8.99,12.99,59.99,031719199600,8518,https://www.pricecharting.com/game/super-nintendo/williams-arcade's-greatest-hits 
Wing Commander,5.99,24.99,59.99,050047106708,7238,https://www.pricecharting.com/game/super-nintendo/wing-commander 
Wing Commander Secret Missions,11.99,34.99,109.99,050047113706005004711372,7239,https://www.pricecharting.com/game/super-nintendo/wing-commander-secret-missions 
Wings 2 Aces High,7.99,16.99,59.99,722674020169,7500,https://www.pricecharting.com/game/super-nintendo/wings-2-aces-high 
Winter Olympic Games Lillehammer 94,4.99,11.99,49.99,743175790580,13078,https://www.pricecharting.com/game/super-nintendo/winter-olympic-games-lillehammer-94 
Wizard of Oz,19.99,94.99,219.99,092826932030,7240,https://www.pricecharting.com/game/super-nintendo/wizard-of-oz 
Wizardry V Heart of the Maelstrom,11.99,59.99,194.99,013388130160,7241,https://www.pricecharting.com/game/super-nintendo/wizardry-v-heart-of-the-maelstrom 
Wolfchild,14.99,34.99,194.99,052145840072,15879,https://www.pricecharting.com/game/super-nintendo/wolfchild 
Wolfenstein 3D,49.99,144.99,469.99,782142100014,7242,https://www.pricecharting.com/game/super-nintendo/wolfenstein-3d 
Wolverine Adamantium Rage,19.99,129.99,419.99,023582090146,7243,https://www.pricecharting.com/game/super-nintendo/wolverine-adamantium-rage 
Wordtris,7.99,17.99,84.99,085004109317,12552,https://www.pricecharting.com/game/super-nintendo/wordtris 
World Cup USA '94,7.99,24.99,79.99,743175790047,7244,https://www.pricecharting.com/game/super-nintendo/world-cup-usa-'94 
World Heroes,11.99,44.99,129.99,020763110358,13083,https://www.pricecharting.com/game/super-nintendo/world-heroes 
World Heroes 2,19.99,69.99,234.99,026483340785,7502,https://www.pricecharting.com/game/super-nintendo/world-heroes-2 
World League Soccer,3.99,17.99,44.99,050047110149,18604,https://www.pricecharting.com/game/super-nintendo/world-league-soccer 
World Soccer 94 Road to Glory,24.99,129.99,424.99,730865300075,7245,https://www.pricecharting.com/game/super-nintendo/world-soccer-94-road-to-glory 
WWF Raw,13.99,39.99,124.99,023582090061,7505,https://www.pricecharting.com/game/super-nintendo/wwf-raw 
WWF Royal Rumble,11.99,44.99,129.99,023582087085,7506,https://www.pricecharting.com/game/super-nintendo/wwf-royal-rumble 
WWF Super Wrestlemania,8.99,29.99,214.99,023582087023,7246,https://www.pricecharting.com/game/super-nintendo/wwf-super-wrestlemania 
WWF Wrestlemania Arcade Game,10.99,34.99,199.99,021481620396,7247,https://www.pricecharting.com/game/super-nintendo/wwf-wrestlemania-arcade-game 
Xardion,29.99,89.99,259.99,096066922226,7249,https://www.pricecharting.com/game/super-nintendo/xardion 
X-Kaliber 2097,24.99,54.99,204.99,047875540231,7507,https://www.pricecharting.com/game/super-nintendo/x-kaliber-2097 
X-Men Mutant Apocalypse,17.99,94.99,354.99,013388130276,7250,https://www.pricecharting.com/game/super-nintendo/x-men-mutant-apocalypse 
X-Zone,11.99,24.99,89.99,741648001041,7251,https://www.pricecharting.com/game/super-nintendo/x-zone 
Yoshi's Cookie,13.99,59.99,199.99,715504030308,7252,https://www.pricecharting.com/game/super-nintendo/yoshi's-cookie 
Yoshi's Safari,12.99,39.99,164.99,045496830212,7509,https://www.pricecharting.com/game/super-nintendo/yoshi's-safari 
Young Merlin,12.99,29.99,284.99,052145840010,7253,https://www.pricecharting.com/game/super-nintendo/young-merlin 
Ys III Wanderers from Ys,19.99,64.99,214.99,039471905132,10231,https://www.pricecharting.com/game/super-nintendo/ys-iii-wanderers-from-ys 
Zelda Link to the Past,29.99,169.99,1214.99,045496830076,7254,https://www.pricecharting.com/game/super-nintendo/zelda-link-to-the-past 
Zero the Kamikaze Squirrel,259.99,799.99,2574.99,020763110471,7255,https://www.pricecharting.com/game/super-nintendo/zero-the-kamikaze-squirrel 
Zombies Ate My Neighbors,34.99,134.99,1899.99,083717150114,7256,https://www.pricecharting.com/game/super-nintendo/zombies-ate-my-neighbors 
Zool Ninja of the Nth Dimension,11.99,29.99,174.99,043948510804,13084,https://www.pricecharting.com/game/super-nintendo/zool-ninja-of-the-nth-dimension 
Zoop,3.99,14.99,44.99,040824232027,7511,https://www.pricecharting.com/game/super-nintendo/zoop 
