3 Ninjas Kick Back,4,0,,http://videogames.pricecharting.com/game/super-nintendo/3-ninjas-kick-back 
AAAHH Real Monsters,30,1,0,http://videogames.pricecharting.com/game/super-nintendo/aaahh-real-monsters 
ABC Monday Night Football,2,0,0,http://videogames.pricecharting.com/game/super-nintendo/abc-monday-night-football 
ACME Animation Factory,2,0,0,http://videogames.pricecharting.com/game/super-nintendo/acme-animation-factory 
ActRaiser,60,4,0,http://videogames.pricecharting.com/game/super-nintendo/actraiser 
ActRaiser 2,30,4,0,http://videogames.pricecharting.com/game/super-nintendo/actraiser-2 
Addams Family Pugsley's Scavenger Hunt,4,1,0,http://videogames.pricecharting.com/game/super-nintendo/addams-family-pugsley's-scavenger-hunt 
Addams Family Values,4,1,0,http://videogames.pricecharting.com/game/super-nintendo/addams-family-values 
Adventures of Batman and Robin,30,4,0,http://videogames.pricecharting.com/game/super-nintendo/adventures-of-batman-and-robin 
Adventures of Dr Franken,8,1,0,http://videogames.pricecharting.com/game/super-nintendo/adventures-of-dr-franken 
Adventures of Mighty Max,4,0,0,http://videogames.pricecharting.com/game/super-nintendo/adventures-of-mighty-max 
Adventures of Yogi Bear,4,0,0,http://videogames.pricecharting.com/game/super-nintendo/adventures-of-yogi-bear 
Aerobiz,4,1,0,http://videogames.pricecharting.com/game/super-nintendo/aerobiz 
Aerobiz Supersonic,4,1,0,http://videogames.pricecharting.com/game/super-nintendo/aerobiz-supersonic 
Aero Fighters,4,0,,http://videogames.pricecharting.com/game/super-nintendo/aero-fighters 
Aero the Acro-Bat,8,1,0,http://videogames.pricecharting.com/game/super-nintendo/aero-the-acro-bat 
Aero the Acro-Bat 2,4,0,0,http://videogames.pricecharting.com/game/super-nintendo/aero-the-acro-bat-2 
Air Cavalry,1,0,0,http://videogames.pricecharting.com/game/super-nintendo/air-cavalry 
Aladdin,150,8,1,http://videogames.pricecharting.com/game/super-nintendo/aladdin 
Alien 3,12,2,0,http://videogames.pricecharting.com/game/super-nintendo/alien-3 
Alien vs Predator,12,1,0,http://videogames.pricecharting.com/game/super-nintendo/alien-vs-predator 
Al Unser Jr.'s Road To The Top,1,0,0,http://videogames.pricecharting.com/game/super-nintendo/al-unser-jr's-road-to-the-top 
American Gladiators,4,1,0,http://videogames.pricecharting.com/game/super-nintendo/american-gladiators 
An American Tail Fievel Goes West,4,0,,http://videogames.pricecharting.com/game/super-nintendo/an-american-tail-fievel-goes-west 
Andre Agassi Tennis,1,0,0,http://videogames.pricecharting.com/game/super-nintendo/andre-agassi-tennis 
Animaniacs,12,4,0,http://videogames.pricecharting.com/game/super-nintendo/animaniacs 
Arcade's Greatest Hits Atari Collection 1,1,0,0,http://videogames.pricecharting.com/game/super-nintendo/arcade's-greatest-hits-atari-collection-1 
Arcana,4,4,0,http://videogames.pricecharting.com/game/super-nintendo/arcana 
Ardy Lightfoot,,,,http://videogames.pricecharting.com/game/super-nintendo/ardy-lightfoot 
Arkanoid Doh It Again,8,2,1,http://videogames.pricecharting.com/game/super-nintendo/arkanoid-doh-it-again 
Art of Fighting,8,1,0,http://videogames.pricecharting.com/game/super-nintendo/art-of-fighting 
A.S.P. Air Strike Patrol,4,0,,http://videogames.pricecharting.com/game/super-nintendo/asp-air-strike-patrol 
Axelay,12,1,0,http://videogames.pricecharting.com/game/super-nintendo/axelay 
Ballz 3D,4,0,0,http://videogames.pricecharting.com/game/super-nintendo/ballz-3d 
Barbie Super Model,4,1,0,http://videogames.pricecharting.com/game/super-nintendo/barbie-super-model 
Barkley: Shut Up and Jam!,1,0,0,http://videogames.pricecharting.com/game/super-nintendo/barkley-shut-up-and-jam 
Baseball Simulator 1.000,1,1,0,http://videogames.pricecharting.com/game/super-nintendo/baseball-simulator-1000 
Bassin's Black Bass,8,0,0,http://videogames.pricecharting.com/game/super-nintendo/bassin's-black-bass 
Bass Masters Classic,4,0,0,http://videogames.pricecharting.com/game/super-nintendo/bass-masters-classic 
Bass Masters Classic Pro Edition,4,0,0,http://videogames.pricecharting.com/game/super-nintendo/bass-masters-classic-pro-edition 
Batman Forever,30,4,1,http://videogames.pricecharting.com/game/super-nintendo/batman-forever 
Batman Returns,60,4,0,http://videogames.pricecharting.com/game/super-nintendo/batman-returns 
Battle Blaze,4,1,,http://videogames.pricecharting.com/game/super-nintendo/battle-blaze 
Battle Cars,4,0,0,http://videogames.pricecharting.com/game/super-nintendo/battle-cars 
Battle Clash,8,4,2,http://videogames.pricecharting.com/game/super-nintendo/battle-clash 
Battle Grand Prix,1,0,,http://videogames.pricecharting.com/game/super-nintendo/battle-grand-prix 
Battletoads and Double Dragon,,,,http://videogames.pricecharting.com/game/super-nintendo/battletoads-and-double-dragon 
Battletoads In Battlemaniacs,60,4,0,http://videogames.pricecharting.com/game/super-nintendo/battletoads-in-battlemaniacs 
Bazooka Blitzkrieg,2,0,0,http://videogames.pricecharting.com/game/super-nintendo/bazooka-blitzkrieg 
Beauty and the Beast,4,1,0,http://videogames.pricecharting.com/game/super-nintendo/beauty-and-the-beast 
Beavis and Butt-Head,,,,http://videogames.pricecharting.com/game/super-nintendo/beavis-and-butt-head 
Bebe's Kids,4,0,0,http://videogames.pricecharting.com/game/super-nintendo/bebe's-kids 
Beethoven,4,0,0,http://videogames.pricecharting.com/game/super-nintendo/beethoven 
Big Sky Trooper,4,0,0,http://videogames.pricecharting.com/game/super-nintendo/big-sky-trooper 
Biker Mice From Mars,8,1,0,http://videogames.pricecharting.com/game/super-nintendo/biker-mice-from-mars 
Bill Laimbeer's Combat Basketball,4,1,0,http://videogames.pricecharting.com/game/super-nintendo/bill-laimbeer's-combat-basketball 
Bill Walsh College Football,4,1,0,http://videogames.pricecharting.com/game/super-nintendo/bill-walsh-college-football 
Biometal,8,0,0,http://videogames.pricecharting.com/game/super-nintendo/biometal 
Blackthorne,30,4,0,http://videogames.pricecharting.com/game/super-nintendo/blackthorne 
BlaZeon,4,0,0,http://videogames.pricecharting.com/game/super-nintendo/blazeon 
Blues Brothers,4,0,,http://videogames.pricecharting.com/game/super-nintendo/blues-brothers 
B.O.B.,4,1,0,http://videogames.pricecharting.com/game/super-nintendo/bob 
Bonkers,4,0,0,http://videogames.pricecharting.com/game/super-nintendo/bonkers 
Boogerman A Pick and Flick Adventure,12,1,0,http://videogames.pricecharting.com/game/super-nintendo/boogerman-a-pick-and-flick-adventure 
Boxing Legends Of The Ring,4,0,0,http://videogames.pricecharting.com/game/super-nintendo/boxing-legends-of-the-ring 
Brain Lord,12,4,0,http://videogames.pricecharting.com/game/super-nintendo/brain-lord 
Bram Stoker's Dracula,12,2,0,http://videogames.pricecharting.com/game/super-nintendo/bram-stoker's-dracula 
Brandish,4,1,0,http://videogames.pricecharting.com/game/super-nintendo/brandish 
Brawl Brothers,4,1,0,http://videogames.pricecharting.com/game/super-nintendo/brawl-brothers 
BreakThru,1,0,0,http://videogames.pricecharting.com/game/super-nintendo/breakthru 
Breath of Fire,30,12,0,http://videogames.pricecharting.com/game/super-nintendo/breath-of-fire 
Breath of Fire II,30,4,0,http://videogames.pricecharting.com/game/super-nintendo/breath-of-fire-ii 
Brett Hull Hockey,2,0,0,http://videogames.pricecharting.com/game/super-nintendo/brett-hull-hockey 
Brett Hull Hockey '95,1,0,0,http://videogames.pricecharting.com/game/super-nintendo/brett-hull-hockey-'95 
Bronkie The Bronchiasaurus,1,0,1,http://videogames.pricecharting.com/game/super-nintendo/bronkie-the-bronchiasaurus 
Brunswick World Tournament of Champions,4,1,1,http://videogames.pricecharting.com/game/super-nintendo/brunswick-world-tournament-of-champions 
Brutal Paws of Fury,4,0,0,http://videogames.pricecharting.com/game/super-nintendo/brutal-paws-of-fury 
Bubsy,30,1,0,http://videogames.pricecharting.com/game/super-nintendo/bubsy 
Bubsy II,8,1,0,http://videogames.pricecharting.com/game/super-nintendo/bubsy-ii 
Bugs Bunny Rabbit Rampage,12,1,0,http://videogames.pricecharting.com/game/super-nintendo/bugs-bunny-rabbit-rampage 
Bulls Vs Blazers and the NBA Playoffs,8,1,0,http://videogames.pricecharting.com/game/super-nintendo/bulls-vs-blazers-and-the-nba-playoffs 
Burn-In/Test Cartridge,0,,,http://videogames.pricecharting.com/game/super-nintendo/burn-intest-cartridge 
Bust-A-Move,12,1,0,http://videogames.pricecharting.com/game/super-nintendo/bust-a-move 
Cacoma Knight in Bizyland,4,0,0,http://videogames.pricecharting.com/game/super-nintendo/cacoma-knight-in-bizyland 
California Games II,4,0,1,http://videogames.pricecharting.com/game/super-nintendo/california-games-ii 
Cal Ripken Jr. Baseball,2,0,0,http://videogames.pricecharting.com/game/super-nintendo/cal-ripken-jr-baseball 
Cannondale Cup,1,0,0,http://videogames.pricecharting.com/game/super-nintendo/cannondale-cup 
Capcom's MVP Football,1,0,1,http://videogames.pricecharting.com/game/super-nintendo/capcom's-mvp-football 
Capcom's Soccer Shootout,1,0,0,http://videogames.pricecharting.com/game/super-nintendo/capcom's-soccer-shootout 
Captain America and the Avengers,30,4,0,http://videogames.pricecharting.com/game/super-nintendo/captain-america-and-the-avengers 
Captain Commando,8,0,0,http://videogames.pricecharting.com/game/super-nintendo/captain-commando 
Captain Novolin,4,0,0,http://videogames.pricecharting.com/game/super-nintendo/captain-novolin 
Carrier Aces,2,1,0,http://videogames.pricecharting.com/game/super-nintendo/carrier-aces 
Casper,4,0,,http://videogames.pricecharting.com/game/super-nintendo/casper 
Castlevania Dracula X,30,4,0,http://videogames.pricecharting.com/game/super-nintendo/castlevania-dracula-x 
Championship Karate,,,,http://videogames.pricecharting.com/game/super-nintendo/championship-karate 
Championship Pool,4,1,0,http://videogames.pricecharting.com/game/super-nintendo/championship-pool 
Championship Soccer '94,1,0,0,http://videogames.pricecharting.com/game/super-nintendo/championship-soccer-'94 
Champions World Class Soccer,1,0,0,http://videogames.pricecharting.com/game/super-nintendo/champions-world-class-soccer 
Chavez Boxing,1,0,,http://videogames.pricecharting.com/game/super-nintendo/chavez-boxing 
Chavez Boxing II,2,1,0,http://videogames.pricecharting.com/game/super-nintendo/chavez-boxing-ii 
Chessmaster,4,1,0,http://videogames.pricecharting.com/game/super-nintendo/chessmaster 
Chester Cheetah Too Cool to Fool,4,0,0,http://videogames.pricecharting.com/game/super-nintendo/chester-cheetah-too-cool-to-fool 
Chester Cheetah Wild Wild Quest,4,0,0,http://videogames.pricecharting.com/game/super-nintendo/chester-cheetah-wild-wild-quest 
Choplifter 3,8,1,0,http://videogames.pricecharting.com/game/super-nintendo/choplifter-3 
Chrono Trigger,120,30,0,http://videogames.pricecharting.com/game/super-nintendo/chrono-trigger 
Chuck Rock,12,2,0,http://videogames.pricecharting.com/game/super-nintendo/chuck-rock 
ClayFighter,12,1,0,http://videogames.pricecharting.com/game/super-nintendo/clayfighter 
ClayFighter 2 Judgement Clay,,,,http://videogames.pricecharting.com/game/super-nintendo/clayfighter-2-judgement-clay 
Clay Fighter Tournament Edition,4,1,,http://videogames.pricecharting.com/game/super-nintendo/clay-fighter-tournament-edition 
Claymates,8,0,0,http://videogames.pricecharting.com/game/super-nintendo/claymates 
Cliffhanger,4,1,0,http://videogames.pricecharting.com/game/super-nintendo/cliffhanger 
Clue,8,4,1,http://videogames.pricecharting.com/game/super-nintendo/clue 
College Football 97,1,0,0,http://videogames.pricecharting.com/game/super-nintendo/college-football-97 
College Slam,4,1,0,http://videogames.pricecharting.com/game/super-nintendo/college-slam 
Congo's Caper,8,0,,http://videogames.pricecharting.com/game/super-nintendo/congo's-caper 
Contra III The Alien Wars,90,8,1,http://videogames.pricecharting.com/game/super-nintendo/contra-iii-the-alien-wars 
Cool Spot,30,2,0,http://videogames.pricecharting.com/game/super-nintendo/cool-spot 
Cool World,8,1,0,http://videogames.pricecharting.com/game/super-nintendo/cool-world 
Cutthroat Island,4,1,0,http://videogames.pricecharting.com/game/super-nintendo/cutthroat-island 
Cybernator,30,4,0,http://videogames.pricecharting.com/game/super-nintendo/cybernator 
Cyber Spin,4,0,,http://videogames.pricecharting.com/game/super-nintendo/cyber-spin 
Daffy Duck Marvin Missions,12,1,0,http://videogames.pricecharting.com/game/super-nintendo/daffy-duck-marvin-missions 
Darius Twin,30,4,0,http://videogames.pricecharting.com/game/super-nintendo/darius-twin 
David Crane's Amazing Tennis,1,0,0,http://videogames.pricecharting.com/game/super-nintendo/david-crane's-amazing-tennis 
Demolition Man,4,0,0,http://videogames.pricecharting.com/game/super-nintendo/demolition-man 
Demon's Crest,30,4,0,http://videogames.pricecharting.com/game/super-nintendo/demon's-crest 
Dennis the Menace,4,1,0,http://videogames.pricecharting.com/game/super-nintendo/dennis-the-menace 
Desert Strike Return to the Gulf,30,4,0,http://videogames.pricecharting.com/game/super-nintendo/desert-strike-return-to-the-gulf 
D-Force,4,1,0,http://videogames.pricecharting.com/game/super-nintendo/d-force 
Dig and Spike Volleyball,1,0,0,http://videogames.pricecharting.com/game/super-nintendo/dig-and-spike-volleyball 
Dino City,4,1,0,http://videogames.pricecharting.com/game/super-nintendo/dino-city 
Dirt Trax FX,8,0,,http://videogames.pricecharting.com/game/super-nintendo/dirt-trax-fx 
Donkey Kong Country,480,30,4,http://videogames.pricecharting.com/game/super-nintendo/donkey-kong-country 
Donkey Kong Country 2,240,30,1,http://videogames.pricecharting.com/game/super-nintendo/donkey-kong-country-2 
Donkey Kong Country 3,150,8,1,http://videogames.pricecharting.com/game/super-nintendo/donkey-kong-country-3 
Donkey Kong Country Competition Edition,1,0,,http://videogames.pricecharting.com/game/super-nintendo/donkey-kong-country-competition-edition 
Doom,90,4,1,http://videogames.pricecharting.com/game/super-nintendo/doom 
Doomsday Warrior,1,0,0,http://videogames.pricecharting.com/game/super-nintendo/doomsday-warrior 
Doom Troopers,4,1,0,http://videogames.pricecharting.com/game/super-nintendo/doom-troopers 
Double Dragon V The Shadow Falls,8,1,0,http://videogames.pricecharting.com/game/super-nintendo/double-dragon-v-the-shadow-falls 
Dragon Bruce Lee,,,,http://videogames.pricecharting.com/game/super-nintendo/dragon-bruce-lee 
Dragon's Lair,8,1,0,http://videogames.pricecharting.com/game/super-nintendo/dragon's-lair 
Dragon View,4,1,,http://videogames.pricecharting.com/game/super-nintendo/dragon-view 
Drakkhen,8,4,0,http://videogames.pricecharting.com/game/super-nintendo/drakkhen 
Dream TV,2,0,0,http://videogames.pricecharting.com/game/super-nintendo/dream-tv 
Dungeon Master,4,1,,http://videogames.pricecharting.com/game/super-nintendo/dungeon-master 
Dungeons and Dragons Eye of the Beholder,,,,http://videogames.pricecharting.com/game/super-nintendo/dungeons-and-dragons-eye-of-the-beholder 
EarthBound,90,8,0,http://videogames.pricecharting.com/game/super-nintendo/earthbound 
Earth Defense Force,12,1,0,http://videogames.pricecharting.com/game/super-nintendo/earth-defense-force 
Earthworm Jim,60,4,0,http://videogames.pricecharting.com/game/super-nintendo/earthworm-jim 
Earthworm Jim 2,60,4,0,http://videogames.pricecharting.com/game/super-nintendo/earthworm-jim-2 
Eek The Cat,4,0,0,http://videogames.pricecharting.com/game/super-nintendo/eek-the-cat 
Elite Soccer,1,0,,http://videogames.pricecharting.com/game/super-nintendo/elite-soccer 
Emmitt Smith Football,4,0,0,http://videogames.pricecharting.com/game/super-nintendo/emmitt-smith-football 
Equinox,4,1,0,http://videogames.pricecharting.com/game/super-nintendo/equinox 
ESPN Baseball Tonight,2,0,0,http://videogames.pricecharting.com/game/super-nintendo/espn-baseball-tonight 
ESPN National Hockey Night,2,0,0,http://videogames.pricecharting.com/game/super-nintendo/espn-national-hockey-night 
ESPN Speed World,1,0,0,http://videogames.pricecharting.com/game/super-nintendo/espn-speed-world 
ESPN Sunday Night NFL,1,0,0,http://videogames.pricecharting.com/game/super-nintendo/espn-sunday-night-nfl 
EVO the Search for Eden,12,1,0,http://videogames.pricecharting.com/game/super-nintendo/evo-the-search-for-eden 
Exertainment Mountain Bike Rally,2,0,0,http://videogames.pricecharting.com/game/super-nintendo/exertainment-mountain-bike-rally 
Exertainment Mountain Bikerally Speed Racer,0,,,http://videogames.pricecharting.com/game/super-nintendo/exertainment-mountain-bikerally-speed-racer 
Extra Innings,4,0,0,http://videogames.pricecharting.com/game/super-nintendo/extra-innings 
F1 Pole Position,2,0,,http://videogames.pricecharting.com/game/super-nintendo/f1-pole-position 
F1 ROC II Race of Champions,1,0,0,http://videogames.pricecharting.com/game/super-nintendo/f1-roc-ii-race-of-champions 
F1 ROC Race of Champions,1,0,0,http://videogames.pricecharting.com/game/super-nintendo/f1-roc-race-of-champions 
Faceball 2000,4,1,0,http://videogames.pricecharting.com/game/super-nintendo/faceball-2000 
Family Dog,4,0,1,http://videogames.pricecharting.com/game/super-nintendo/family-dog 
Family Feud,8,1,1,http://videogames.pricecharting.com/game/super-nintendo/family-feud 
Fatal Fury,8,1,0,http://videogames.pricecharting.com/game/super-nintendo/fatal-fury 
Fatal Fury 2,8,1,0,http://videogames.pricecharting.com/game/super-nintendo/fatal-fury-2 
Fatal Fury Special,4,1,,http://videogames.pricecharting.com/game/super-nintendo/fatal-fury-special 
FIFA 97,1,0,0,http://videogames.pricecharting.com/game/super-nintendo/fifa-97 
FIFA International Soccer,4,1,0,http://videogames.pricecharting.com/game/super-nintendo/fifa-international-soccer 
FIFA Soccer 96,4,0,0,http://videogames.pricecharting.com/game/super-nintendo/fifa-soccer-96 
Fighter's History,4,0,0,http://videogames.pricecharting.com/game/super-nintendo/fighter's-history 
Final Fantasy II,60,30,0,http://videogames.pricecharting.com/game/super-nintendo/final-fantasy-ii 
Final Fantasy III,120,30,0,http://videogames.pricecharting.com/game/super-nintendo/final-fantasy-iii 
Final Fantasy Mystic Quest,90,12,1,http://videogames.pricecharting.com/game/super-nintendo/final-fantasy-mystic-quest 
Final Fight,60,4,1,http://videogames.pricecharting.com/game/super-nintendo/final-fight 
Final Fight 2,30,1,0,http://videogames.pricecharting.com/game/super-nintendo/final-fight-2 
Final Fight 3,12,1,0,http://videogames.pricecharting.com/game/super-nintendo/final-fight-3 
Final Fight Guy,4,0,,http://videogames.pricecharting.com/game/super-nintendo/final-fight-guy 
Firepower 2000,12,2,0,http://videogames.pricecharting.com/game/super-nintendo/firepower-2000 
Fire Striker,4,0,0,http://videogames.pricecharting.com/game/super-nintendo/fire-striker 
First Samurai,4,0,0,http://videogames.pricecharting.com/game/super-nintendo/first-samurai 
Flashback The Quest for Identity,12,1,0,http://videogames.pricecharting.com/game/super-nintendo/flashback-the-quest-for-identity 
Flintstones the Movie,8,1,0,http://videogames.pricecharting.com/game/super-nintendo/flintstones-the-movie 
Football Fury,1,0,0,http://videogames.pricecharting.com/game/super-nintendo/football-fury 
Foreman For Real,2,0,0,http://videogames.pricecharting.com/game/super-nintendo/foreman-for-real 
Frank Thomas Big Hurt Baseball,4,0,0,http://videogames.pricecharting.com/game/super-nintendo/frank-thomas-big-hurt-baseball 
Frantic Flea,4,0,0,http://videogames.pricecharting.com/game/super-nintendo/frantic-flea 
Frogger,30,4,0,http://videogames.pricecharting.com/game/super-nintendo/frogger 
Full Throttle Racing,,,,http://videogames.pricecharting.com/game/super-nintendo/full-throttle-racing 
Fun 'n Games,1,0,,http://videogames.pricecharting.com/game/super-nintendo/fun-'n-games 
F-Zero,150,30,8,http://videogames.pricecharting.com/game/super-nintendo/f-zero 
Game Genie,8,2,1,http://videogames.pricecharting.com/game/super-nintendo/game-genie 
Gemfire,4,1,0,http://videogames.pricecharting.com/game/super-nintendo/gemfire 
Genghis Khan II Clan of the Gray Wolf,4,0,0,http://videogames.pricecharting.com/game/super-nintendo/genghis-khan-ii-clan-of-the-gray-wolf 
George Foreman's KO Boxing,4,0,0,http://videogames.pricecharting.com/game/super-nintendo/george-foreman's-ko-boxing 
Ghoul Patrol,4,1,0,http://videogames.pricecharting.com/game/super-nintendo/ghoul-patrol 
Goal,4,0,0,http://videogames.pricecharting.com/game/super-nintendo/goal 
Gods,4,0,0,http://videogames.pricecharting.com/game/super-nintendo/gods 
Goof Troop,30,4,0,http://videogames.pricecharting.com/game/super-nintendo/goof-troop 
GP-1,1,0,,http://videogames.pricecharting.com/game/super-nintendo/gp-1 
GP-1 Part II,1,0,0,http://videogames.pricecharting.com/game/super-nintendo/gp-1-part-ii 
Gradius III,60,4,0,http://videogames.pricecharting.com/game/super-nintendo/gradius-iii 
Gunforce,4,1,0,http://videogames.pricecharting.com/game/super-nintendo/gunforce 
Hagane The Final Conflict,4,1,0,http://videogames.pricecharting.com/game/super-nintendo/hagane-the-final-conflict 
Hal's Hole in One Golf,4,0,0,http://videogames.pricecharting.com/game/super-nintendo/hal's-hole-in-one-golf 
Hammerlock Wrestling,1,0,0,http://videogames.pricecharting.com/game/super-nintendo/hammerlock-wrestling 
HardBall III,4,0,0,http://videogames.pricecharting.com/game/super-nintendo/hardball-iii 
Harley's Humongous Adventure,4,1,0,http://videogames.pricecharting.com/game/super-nintendo/harley's-humongous-adventure 
Harvest Moon,30,2,0,http://videogames.pricecharting.com/game/super-nintendo/harvest-moon 
Head-On Soccer,2,0,0,http://videogames.pricecharting.com/game/super-nintendo/head-on-soccer 
Hit the Ice,4,0,0,http://videogames.pricecharting.com/game/super-nintendo/hit-the-ice 
Home Alone,30,2,0,http://videogames.pricecharting.com/game/super-nintendo/home-alone 
Home Alone 2 Lost In New York,12,1,0,http://videogames.pricecharting.com/game/super-nintendo/home-alone-2-lost-in-new-york 
Home Improvement,4,1,0,http://videogames.pricecharting.com/game/super-nintendo/home-improvement 
Hook,8,1,0,http://videogames.pricecharting.com/game/super-nintendo/hook 
Hunt for Red October,4,1,0,http://videogames.pricecharting.com/game/super-nintendo/hunt-for-red-october 
Hurricanes,4,0,0,http://videogames.pricecharting.com/game/super-nintendo/hurricanes 
Hyper V-Ball,1,0,0,http://videogames.pricecharting.com/game/super-nintendo/hyper-v-ball 
Hyperzone,8,1,0,http://videogames.pricecharting.com/game/super-nintendo/hyperzone 
Illusion of Gaia,60,12,1,http://videogames.pricecharting.com/game/super-nintendo/illusion-of-gaia 
Imperium,4,1,0,http://videogames.pricecharting.com/game/super-nintendo/imperium 
Incantation,4,0,0,http://videogames.pricecharting.com/game/super-nintendo/incantation 
Indiana Jones' Greatest Adventures,30,4,0,http://videogames.pricecharting.com/game/super-nintendo/indiana-jones'-greatest-adventures 
Inindo,4,1,0,http://videogames.pricecharting.com/game/super-nintendo/inindo 
Inspector Gadget,8,1,0,http://videogames.pricecharting.com/game/super-nintendo/inspector-gadget 
International Superstar Soccer,1,0,,http://videogames.pricecharting.com/game/super-nintendo/international-superstar-soccer 
International Superstar Soccer Deluxe,4,0,,http://videogames.pricecharting.com/game/super-nintendo/international-superstar-soccer-deluxe 
International Tennis Tour,1,0,0,http://videogames.pricecharting.com/game/super-nintendo/international-tennis-tour 
Izzy's Quest for the Olympic Rings,2,0,0,http://videogames.pricecharting.com/game/super-nintendo/izzy's-quest-for-the-olympic-rings 
Jack Nicklaus Golf,2,0,0,http://videogames.pricecharting.com/game/super-nintendo/jack-nicklaus-golf 
James Bond Jr,4,0,0,http://videogames.pricecharting.com/game/super-nintendo/james-bond-jr 
Jammit,1,0,0,http://videogames.pricecharting.com/game/super-nintendo/jammit 
Jeopardy,4,1,0,http://videogames.pricecharting.com/game/super-nintendo/jeopardy 
Jeopardy Deluxe Edition,8,1,1,http://videogames.pricecharting.com/game/super-nintendo/jeopardy-deluxe-edition 
Jeopardy Sports Edition,4,0,0,http://videogames.pricecharting.com/game/super-nintendo/jeopardy-sports-edition 
Jimmy Connors Pro Tennis Tour,1,0,0,http://videogames.pricecharting.com/game/super-nintendo/jimmy-connors-pro-tennis-tour 
Jimmy Houston's Bass Tournament U.S.A.,2,0,0,http://videogames.pricecharting.com/game/super-nintendo/jimmy-houston's-bass-tournament-usa 
Jim Power,8,1,0,http://videogames.pricecharting.com/game/super-nintendo/jim-power 
Joe and Mac,30,4,0,http://videogames.pricecharting.com/game/super-nintendo/joe-and-mac 
Joe and Mac 2 Lost in the Tropics,4,1,0,http://videogames.pricecharting.com/game/super-nintendo/joe-and-mac-2-lost-in-the-tropics 
John Madden Football,4,2,0,http://videogames.pricecharting.com/game/super-nintendo/john-madden-football 
Judge Dredd,12,1,1,http://videogames.pricecharting.com/game/super-nintendo/judge-dredd 
Jungle Strike,30,1,1,http://videogames.pricecharting.com/game/super-nintendo/jungle-strike 
Jurassic Park,60,8,1,http://videogames.pricecharting.com/game/super-nintendo/jurassic-park 
Jurassic Park 2 The Chaos Continues,8,1,0,http://videogames.pricecharting.com/game/super-nintendo/jurassic-park-2-the-chaos-continues 
Justice League Task Force,12,1,0,http://videogames.pricecharting.com/game/super-nintendo/justice-league-task-force 
Ka-blooey,4,1,0,http://videogames.pricecharting.com/game/super-nintendo/ka-blooey 
Kawasaki Caribbean Challenge,1,0,0,http://videogames.pricecharting.com/game/super-nintendo/kawasaki-caribbean-challenge 
Kawasaki Superbike Challenge,1,0,,http://videogames.pricecharting.com/game/super-nintendo/kawasaki-superbike-challenge 
Kendo Rage,4,1,0,http://videogames.pricecharting.com/game/super-nintendo/kendo-rage 
Ken Griffey Jr Major League Baseball,30,4,0,http://videogames.pricecharting.com/game/super-nintendo/ken-griffey-jr-major-league-baseball 
Ken Griffey Jr Winning Run,,,,http://videogames.pricecharting.com/game/super-nintendo/ken-griffey-jr-winning-run 
Kid Klown in Crazy Chase,4,0,0,http://videogames.pricecharting.com/game/super-nintendo/kid-klown-in-crazy-chase 
Killer Instinct,150,8,8,http://videogames.pricecharting.com/game/super-nintendo/killer-instinct 
King Arthur and the Knights of Justice,4,1,,http://videogames.pricecharting.com/game/super-nintendo/king-arthur-and-the-knights-of-justice 
King Arthur's World,8,1,0,http://videogames.pricecharting.com/game/super-nintendo/king-arthur's-world 
King of Dragons,12,4,0,http://videogames.pricecharting.com/game/super-nintendo/king-of-dragons 
King of the Monsters,4,0,0,http://videogames.pricecharting.com/game/super-nintendo/king-of-the-monsters 
King of the Monsters 2,8,1,0,http://videogames.pricecharting.com/game/super-nintendo/king-of-the-monsters-2 
Kirby's Avalanche,30,8,1,http://videogames.pricecharting.com/game/super-nintendo/kirby's-avalanche 
Kirby's Dream Course,30,4,0,http://videogames.pricecharting.com/game/super-nintendo/kirby's-dream-course 
Kirby's Dream Land 3,30,1,0,http://videogames.pricecharting.com/game/super-nintendo/kirby's-dream-land-3 
Kirby Super Star,60,4,0,http://videogames.pricecharting.com/game/super-nintendo/kirby-super-star 
Knights of the Round,12,1,,http://videogames.pricecharting.com/game/super-nintendo/knights-of-the-round 
Krusty's Super Fun House,30,1,0,http://videogames.pricecharting.com/game/super-nintendo/krusty's-super-fun-house 
Kyle Petty's No Fear Racing,1,0,1,http://videogames.pricecharting.com/game/super-nintendo/kyle-petty's-no-fear-racing 
Lagoon,12,4,0,http://videogames.pricecharting.com/game/super-nintendo/lagoon 
Lamborghini American Challenge,4,0,0,http://videogames.pricecharting.com/game/super-nintendo/lamborghini-american-challenge 
Last Action Hero,4,0,0,http://videogames.pricecharting.com/game/super-nintendo/last-action-hero 
Lawnmower Man,4,1,0,http://videogames.pricecharting.com/game/super-nintendo/lawnmower-man 
Legend,4,0,,http://videogames.pricecharting.com/game/super-nintendo/legend 
Legend of the Mystical Ninja,30,4,0,http://videogames.pricecharting.com/game/super-nintendo/legend-of-the-mystical-ninja 
Lemmings,30,4,0,http://videogames.pricecharting.com/game/super-nintendo/lemmings 
Lemmings 2 The Tribes,4,0,0,http://videogames.pricecharting.com/game/super-nintendo/lemmings-2-the-tribes 
Lester the Unlikely,8,1,0,http://videogames.pricecharting.com/game/super-nintendo/lester-the-unlikely 
Lethal Enforcers,4,1,,http://videogames.pricecharting.com/game/super-nintendo/lethal-enforcers 
Lethal Weapon,4,1,0,http://videogames.pricecharting.com/game/super-nintendo/lethal-weapon 
Liberty or Death,4,1,0,http://videogames.pricecharting.com/game/super-nintendo/liberty-or-death 
Lock On,4,0,0,http://videogames.pricecharting.com/game/super-nintendo/lock-on 
Looney Tunes B-Ball,12,1,0,http://videogames.pricecharting.com/game/super-nintendo/looney-tunes-b-ball 
Lord of Darkness,1,0,0,http://videogames.pricecharting.com/game/super-nintendo/lord-of-darkness 
Lord of the Rings,12,4,0,http://videogames.pricecharting.com/game/super-nintendo/lord-of-the-rings 
Lost Vikings 2,8,0,1,http://videogames.pricecharting.com/game/super-nintendo/lost-vikings-2 
Lufia and The Fortress of Doom,30,4,0,http://videogames.pricecharting.com/game/super-nintendo/lufia-and-the-fortress-of-doom 
Lufia and The Rise of Sinistrals,12,4,0,http://videogames.pricecharting.com/game/super-nintendo/lufia-and-the-rise-of-sinistrals 
M.A.C.S. Multipurpose Arcade Combat Simulator,,,,http://videogames.pricecharting.com/game/super-nintendo/macs-multipurpose-arcade-combat-simulator 
Madden 93,8,1,0,http://videogames.pricecharting.com/game/super-nintendo/madden-93 
Madden 96,8,1,0,http://videogames.pricecharting.com/game/super-nintendo/madden-96 
Madden 97,4,1,1,http://videogames.pricecharting.com/game/super-nintendo/madden-97 
Madden 98,4,1,0,http://videogames.pricecharting.com/game/super-nintendo/madden-98 
Madden NFL '94,4,4,0,http://videogames.pricecharting.com/game/super-nintendo/madden-nfl-'94 
Madden NFL '95,12,2,1,http://videogames.pricecharting.com/game/super-nintendo/madden-nfl-'95 
Magical Quest starring Mickey Mouse,30,4,0,http://videogames.pricecharting.com/game/super-nintendo/magical-quest-starring-mickey-mouse 
Magic Boy,1,0,4,http://videogames.pricecharting.com/game/super-nintendo/magic-boy 
Magic Johnson's Super Slam Dunk,1,0,,http://videogames.pricecharting.com/game/super-nintendo/magic-johnson's-super-slam-dunk 
Magic Sword,12,4,0,http://videogames.pricecharting.com/game/super-nintendo/magic-sword 
Mario is Missing,30,4,0,http://videogames.pricecharting.com/game/super-nintendo/mario-is-missing 
Mario Paint,30,8,1,http://videogames.pricecharting.com/game/super-nintendo/mario-paint 
Mario's Early Years Fun with Letters,4,0,0,http://videogames.pricecharting.com/game/super-nintendo/mario's-early-years-fun-with-letters 
Mario's Early Years Fun With Numbers,4,0,0,http://videogames.pricecharting.com/game/super-nintendo/mario's-early-years-fun-with-numbers 
Mario's Early Years Preschool Fun,4,0,0,http://videogames.pricecharting.com/game/super-nintendo/mario's-early-years-preschool-fun 
Mario's Time Machine,30,2,0,http://videogames.pricecharting.com/game/super-nintendo/mario's-time-machine 
Mark Davis the Fishing Master,2,0,0,http://videogames.pricecharting.com/game/super-nintendo/mark-davis-the-fishing-master 
Marvel Super Heroes in War of the Gems,12,1,1,http://videogames.pricecharting.com/game/super-nintendo/marvel-super-heroes-in-war-of-the-gems 
Mary Shelley's Frankenstein,1,1,0,http://videogames.pricecharting.com/game/super-nintendo/mary-shelley's-frankenstein 
Math Blaster Episode 1,4,0,0,http://videogames.pricecharting.com/game/super-nintendo/math-blaster-episode-1 
Maui Mallard in Cold Shadow,8,1,1,http://videogames.pricecharting.com/game/super-nintendo/maui-mallard-in-cold-shadow 
Mecarobot Golf,1,0,1,http://videogames.pricecharting.com/game/super-nintendo/mecarobot-golf 
MechWarrior,4,1,0,http://videogames.pricecharting.com/game/super-nintendo/mechwarrior 
MechWarrior 3050,4,1,0,http://videogames.pricecharting.com/game/super-nintendo/mechwarrior-3050 
Mega Man 7,30,1,0,http://videogames.pricecharting.com/game/super-nintendo/mega-man-7 
Mega Man Soccer,12,1,0,http://videogames.pricecharting.com/game/super-nintendo/mega-man-soccer 
Mega Man X,180,12,1,http://videogames.pricecharting.com/game/super-nintendo/mega-man-x 
Mega Man X2,60,4,0,http://videogames.pricecharting.com/game/super-nintendo/mega-man-x2 
Mega Man X3,30,4,,http://videogames.pricecharting.com/game/super-nintendo/mega-man-x3 
Metal Combat,8,1,1,http://videogames.pricecharting.com/game/super-nintendo/metal-combat 
Metal Marines,4,0,0,http://videogames.pricecharting.com/game/super-nintendo/metal-marines 
Metal Morph,1,0,0,http://videogames.pricecharting.com/game/super-nintendo/metal-morph 
Metal Warriors,12,1,0,http://videogames.pricecharting.com/game/super-nintendo/metal-warriors 
Michael Andretti's Indy Car Challenge,4,0,0,http://videogames.pricecharting.com/game/super-nintendo/michael-andretti's-indy-car-challenge 
Michael Jordan Chaos in the Windy City,12,1,0,http://videogames.pricecharting.com/game/super-nintendo/michael-jordan-chaos-in-the-windy-city 
Mickey Mania,30,4,0,http://videogames.pricecharting.com/game/super-nintendo/mickey-mania 
Mickey's Ultimate Challenge,4,0,0,http://videogames.pricecharting.com/game/super-nintendo/mickey's-ultimate-challenge 
Micro Machines,4,0,0,http://videogames.pricecharting.com/game/super-nintendo/micro-machines 
Might and Magic III Isles of Terra,2,1,0,http://videogames.pricecharting.com/game/super-nintendo/might-and-magic-iii-isles-of-terra 
Mighty Morphin Power Rangers,60,4,0,http://videogames.pricecharting.com/game/super-nintendo/mighty-morphin-power-rangers 
Mighty Morphin Power Rangers The Movie,30,1,,http://videogames.pricecharting.com/game/super-nintendo/mighty-morphin-power-rangers-the-movie 
Mini Super Nintendo System,0,2,,http://videogames.pricecharting.com/game/super-nintendo/mini-super-nintendo-system 
Miracle Piano,2,0,,http://videogames.pricecharting.com/game/super-nintendo/miracle-piano 
MLBPA Baseball,4,1,0,http://videogames.pricecharting.com/game/super-nintendo/mlbpa-baseball 
Mohawk and Headphone Jack,4,0,0,http://videogames.pricecharting.com/game/super-nintendo/mohawk-and-headphone-jack 
Monopoly,30,4,1,http://videogames.pricecharting.com/game/super-nintendo/monopoly 
Mortal Kombat,90,8,1,http://videogames.pricecharting.com/game/super-nintendo/mortal-kombat 
Mortal Kombat 3,60,8,1,http://videogames.pricecharting.com/game/super-nintendo/mortal-kombat-3 
Mortal Kombat II,120,12,1,http://videogames.pricecharting.com/game/super-nintendo/mortal-kombat-ii 
Mr. Do!,8,1,0,http://videogames.pricecharting.com/game/super-nintendo/mr-do 
Mr. Nutz,4,0,,http://videogames.pricecharting.com/game/super-nintendo/mr-nutz 
Ms. Pac-Man,30,4,1,http://videogames.pricecharting.com/game/super-nintendo/ms-pac-man 
Musya Classic Japanese Tale of Horror,4,0,0,http://videogames.pricecharting.com/game/super-nintendo/musya-classic-japanese-tale-of-horror 
Natsume Championship Wrestling,4,0,0,http://videogames.pricecharting.com/game/super-nintendo/natsume-championship-wrestling 
NBA All-Star Challenge,4,0,0,http://videogames.pricecharting.com/game/super-nintendo/nba-all-star-challenge 
NBA Give 'n Go,4,0,0,http://videogames.pricecharting.com/game/super-nintendo/nba-give-'n-go 
NBA Hang Time,8,1,0,http://videogames.pricecharting.com/game/super-nintendo/nba-hang-time 
NBA Jam,120,4,0,http://videogames.pricecharting.com/game/super-nintendo/nba-jam 
NBA Jam Tournament Edition,60,4,1,http://videogames.pricecharting.com/game/super-nintendo/nba-jam-tournament-edition 
NBA Live 95,8,1,0,http://videogames.pricecharting.com/game/super-nintendo/nba-live-95 
NBA Live 96,4,0,0,http://videogames.pricecharting.com/game/super-nintendo/nba-live-96 
NBA Live 97,4,1,0,http://videogames.pricecharting.com/game/super-nintendo/nba-live-97 
NBA Live 98,4,0,0,http://videogames.pricecharting.com/game/super-nintendo/nba-live-98 
NBA Showdown,8,1,0,http://videogames.pricecharting.com/game/super-nintendo/nba-showdown 
NCAA Basketball,12,2,1,http://videogames.pricecharting.com/game/super-nintendo/ncaa-basketball 
NCAA Final Four Basketball,2,0,0,http://videogames.pricecharting.com/game/super-nintendo/ncaa-final-four-basketball 
NCAA Football,4,0,0,http://videogames.pricecharting.com/game/super-nintendo/ncaa-football 
Newman Haas' Indy Car Featuring Nigel Mansell,1,0,0,http://videogames.pricecharting.com/game/super-nintendo/newman-haas'-indy-car-featuring-nigel-mansell 
NFL Football,4,1,0,http://videogames.pricecharting.com/game/super-nintendo/nfl-football 
NFL Quarterback Club,4,0,0,http://videogames.pricecharting.com/game/super-nintendo/nfl-quarterback-club 
NFL Quarterback Club 96,4,0,1,http://videogames.pricecharting.com/game/super-nintendo/nfl-quarterback-club-96 
NHL 94,30,2,0,http://videogames.pricecharting.com/game/super-nintendo/nhl-94 
NHL 95,4,1,0,http://videogames.pricecharting.com/game/super-nintendo/nhl-95 
NHL 96,4,1,0,http://videogames.pricecharting.com/game/super-nintendo/nhl-96 
NHL 97,4,1,0,http://videogames.pricecharting.com/game/super-nintendo/nhl-97 
NHL 98,4,0,0,http://videogames.pricecharting.com/game/super-nintendo/nhl-98 
NHLPA Hockey '93,4,1,0,http://videogames.pricecharting.com/game/super-nintendo/nhlpa-hockey-'93 
NHL Stanley Cup,8,2,1,http://videogames.pricecharting.com/game/super-nintendo/nhl-stanley-cup 
Nickelodeon GUTS,4,0,0,http://videogames.pricecharting.com/game/super-nintendo/nickelodeon-guts 
Nigel Mansell's World Championship Racing,4,1,0,http://videogames.pricecharting.com/game/super-nintendo/nigel-mansell's-world-championship-racing 
Nightmare Busters,1,0,0,http://videogames.pricecharting.com/game/super-nintendo/nightmare-busters 
Ninja Gaiden Trilogy,8,1,0,http://videogames.pricecharting.com/game/super-nintendo/ninja-gaiden-trilogy 
Ninja Warriors,12,1,,http://videogames.pricecharting.com/game/super-nintendo/ninja-warriors 
Nintendo Campus Challenge 1992,,,,http://videogames.pricecharting.com/game/super-nintendo/nintendo-campus-challenge-1992 
Nintendo Campus Challenge 1992 Reproduction,0,0,,http://videogames.pricecharting.com/game/super-nintendo/nintendo-campus-challenge-1992-reproduction 
Nintendo Powerfest 1994,0,,,http://videogames.pricecharting.com/game/super-nintendo/nintendo-powerfest-1994 
Nobunaga's Ambition,4,1,,http://videogames.pricecharting.com/game/super-nintendo/nobunaga's-ambition 
No Escape,2,0,,http://videogames.pricecharting.com/game/super-nintendo/no-escape 
Nolan Ryan's Baseball,2,0,0,http://videogames.pricecharting.com/game/super-nintendo/nolan-ryan's-baseball 
Nosferatu,4,1,0,http://videogames.pricecharting.com/game/super-nintendo/nosferatu 
Obitus,4,1,0,http://videogames.pricecharting.com/game/super-nintendo/obitus 
Ogre Battle The March of the Black Queen,12,2,,http://videogames.pricecharting.com/game/super-nintendo/ogre-battle-the-march-of-the-black-queen 
Olympic Summer Games Atlanta 96,1,0,0,http://videogames.pricecharting.com/game/super-nintendo/olympic-summer-games-atlanta-96 
On the Ball,2,0,0,http://videogames.pricecharting.com/game/super-nintendo/on-the-ball 
Operation Europe Path to Victory 1939-45,2,1,0,http://videogames.pricecharting.com/game/super-nintendo/operation-europe-path-to-victory-1939-45 
Operation Logic Bomb,4,0,0,http://videogames.pricecharting.com/game/super-nintendo/operation-logic-bomb 
Operation Thunderbolt,4,0,0,http://videogames.pricecharting.com/game/super-nintendo/operation-thunderbolt 
Oscar,4,0,,http://videogames.pricecharting.com/game/super-nintendo/oscar 
Outlander,4,0,,http://videogames.pricecharting.com/game/super-nintendo/outlander 
Out of This World,30,4,0,http://videogames.pricecharting.com/game/super-nintendo/out-of-this-world 
Out to Lunch,4,1,0,http://videogames.pricecharting.com/game/super-nintendo/out-to-lunch 
Pac-Attack,8,1,0,http://videogames.pricecharting.com/game/super-nintendo/pac-attack 
Pac-In-Time,4,0,0,http://videogames.pricecharting.com/game/super-nintendo/pac-in-time 
Packy and Marlon,1,0,0,http://videogames.pricecharting.com/game/super-nintendo/packy-and-marlon 
Pac-Man 2 The New Adventures,30,4,1,http://videogames.pricecharting.com/game/super-nintendo/pac-man-2-the-new-adventures 
Paladin's Quest,12,4,0,http://videogames.pricecharting.com/game/super-nintendo/paladin's-quest 
Paperboy 2,30,4,0,http://videogames.pricecharting.com/game/super-nintendo/paperboy-2 
Peace Keepers,4,1,,http://videogames.pricecharting.com/game/super-nintendo/peace-keepers 
Pebble Beach Golf Links,2,0,,http://videogames.pricecharting.com/game/super-nintendo/pebble-beach-golf-links 
PGA European Tour,1,0,0,http://videogames.pricecharting.com/game/super-nintendo/pga-european-tour 
PGA Tour 96,4,0,0,http://videogames.pricecharting.com/game/super-nintendo/pga-tour-96 
PGA Tour Golf,4,1,0,http://videogames.pricecharting.com/game/super-nintendo/pga-tour-golf 
Phalanx,12,1,0,http://videogames.pricecharting.com/game/super-nintendo/phalanx 
Phantom 2040,8,1,0,http://videogames.pricecharting.com/game/super-nintendo/phantom-2040 
Pieces,4,1,,http://videogames.pricecharting.com/game/super-nintendo/pieces 
Pilotwings,60,8,1,http://videogames.pricecharting.com/game/super-nintendo/pilotwings 
Pinball Dreams,4,1,0,http://videogames.pricecharting.com/game/super-nintendo/pinball-dreams 
Pinball Fantasies,1,0,0,http://videogames.pricecharting.com/game/super-nintendo/pinball-fantasies 
Pink Panther Goes to Hollywood,2,1,0,http://videogames.pricecharting.com/game/super-nintendo/pink-panther-goes-to-hollywood 
Pinocchio,8,1,1,http://videogames.pricecharting.com/game/super-nintendo/pinocchio 
Pirates of Dark Water,8,1,0,http://videogames.pricecharting.com/game/super-nintendo/pirates-of-dark-water 
Pitfall Mayan Adventure,30,4,1,http://videogames.pricecharting.com/game/super-nintendo/pitfall-mayan-adventure 
Pit-Fighter,4,1,0,http://videogames.pricecharting.com/game/super-nintendo/pit-fighter 
Plok,12,1,0,http://videogames.pricecharting.com/game/super-nintendo/plok 
Pocky and Rocky 2,4,0,0,http://videogames.pricecharting.com/game/super-nintendo/pocky-and-rocky-2 
Pocky & Rocky,30,2,0,http://videogames.pricecharting.com/game/super-nintendo/pocky-%26-rocky 
Populous,30,4,1,http://videogames.pricecharting.com/game/super-nintendo/populous 
Porky Pig's Haunted Holiday,8,2,0,http://videogames.pricecharting.com/game/super-nintendo/porky-pig's-haunted-holiday 
Power Instinct,4,0,0,http://videogames.pricecharting.com/game/super-nintendo/power-instinct 
Power Moves,2,0,0,http://videogames.pricecharting.com/game/super-nintendo/power-moves 
Power Piggs of the Dark Age,2,0,0,http://videogames.pricecharting.com/game/super-nintendo/power-piggs-of-the-dark-age 
Power Rangers Fighting Edition,30,1,0,http://videogames.pricecharting.com/game/super-nintendo/power-rangers-fighting-edition 
Power Ranger Zeo Battle Racers,4,0,0,http://videogames.pricecharting.com/game/super-nintendo/power-ranger-zeo-battle-racers 
Prehistorik Man,4,0,,http://videogames.pricecharting.com/game/super-nintendo/prehistorik-man 
Primal Rage,30,4,0,http://videogames.pricecharting.com/game/super-nintendo/primal-rage 
Prince of Persia,8,2,0,http://videogames.pricecharting.com/game/super-nintendo/prince-of-persia 
Prince of Persia 2,4,0,0,http://videogames.pricecharting.com/game/super-nintendo/prince-of-persia-2 
Pro Quarterback,1,0,0,http://videogames.pricecharting.com/game/super-nintendo/pro-quarterback 
Pro Sport Hockey,1,0,,http://videogames.pricecharting.com/game/super-nintendo/pro-sport-hockey 
P.T.O.,4,1,0,http://videogames.pricecharting.com/game/super-nintendo/pto 
P.T.O. II,2,1,0,http://videogames.pricecharting.com/game/super-nintendo/pto-ii 
Push-Over,4,0,0,http://videogames.pricecharting.com/game/super-nintendo/push-over 
Q*bert 3,8,1,0,http://videogames.pricecharting.com/game/super-nintendo/q*bert-3 
Race Drivin,4,0,0,http://videogames.pricecharting.com/game/super-nintendo/race-drivin 
Radical Psycho Machine Racing,4,0,,http://videogames.pricecharting.com/game/super-nintendo/radical-psycho-machine-racing 
Radical Rex,4,0,0,http://videogames.pricecharting.com/game/super-nintendo/radical-rex 
Raiden Trad,12,1,0,http://videogames.pricecharting.com/game/super-nintendo/raiden-trad 
Rampart,4,1,0,http://videogames.pricecharting.com/game/super-nintendo/rampart 
Ranma 1/2 Hard Battle,4,1,0,http://videogames.pricecharting.com/game/super-nintendo/ranma-12-hard-battle 
RapJam Volume One,2,0,0,http://videogames.pricecharting.com/game/super-nintendo/rapjam-volume-one 
Realm,2,0,0,http://videogames.pricecharting.com/game/super-nintendo/realm 
Redline F-1 Racer,1,0,0,http://videogames.pricecharting.com/game/super-nintendo/redline-f-1-racer 
Relief Pitcher,1,0,0,http://videogames.pricecharting.com/game/super-nintendo/relief-pitcher 
Revolution X,4,0,0,http://videogames.pricecharting.com/game/super-nintendo/revolution-x 
Rex Ronan Experimental Surgeon,1,0,0,http://videogames.pricecharting.com/game/super-nintendo/rex-ronan-experimental-surgeon 
Riddick Bowe Boxing,4,0,0,http://videogames.pricecharting.com/game/super-nintendo/riddick-bowe-boxing 
Rise of the Phoenix,2,0,,http://videogames.pricecharting.com/game/super-nintendo/rise-of-the-phoenix 
Rise of the Robots,4,0,0,http://videogames.pricecharting.com/game/super-nintendo/rise-of-the-robots 
Rival Turf,12,1,0,http://videogames.pricecharting.com/game/super-nintendo/rival-turf 
Road Riot 4WD,4,0,,http://videogames.pricecharting.com/game/super-nintendo/road-riot-4wd 
Road Runner's Death Valley Rally,30,2,0,http://videogames.pricecharting.com/game/super-nintendo/road-runner's-death-valley-rally 
Robocop 3,4,1,0,http://videogames.pricecharting.com/game/super-nintendo/robocop-3 
Robocop vs The Terminator,30,4,0,http://videogames.pricecharting.com/game/super-nintendo/robocop-vs-the-terminator 
Robotrek,8,4,0,http://videogames.pricecharting.com/game/super-nintendo/robotrek 
Rock 'n Roll Racing,30,4,0,http://videogames.pricecharting.com/game/super-nintendo/rock-'n-roll-racing 
Rocko's Modern Life,12,1,0,http://videogames.pricecharting.com/game/super-nintendo/rocko's-modern-life 
Rocky Rodent,4,1,0,http://videogames.pricecharting.com/game/super-nintendo/rocky-rodent 
Roger Clemens' MVP Baseball,4,0,,http://videogames.pricecharting.com/game/super-nintendo/roger-clemens'-mvp-baseball 
Romance of the Three Kingdoms II,4,0,0,http://videogames.pricecharting.com/game/super-nintendo/romance-of-the-three-kingdoms-ii 
Romance of the Three Kingdoms III Dragon of Destiny,4,1,4,http://videogames.pricecharting.com/game/super-nintendo/romance-of-the-three-kingdoms-iii-dragon-of-destiny 
Romance of the Three Kingdoms IV Wall of Fire,2,1,0,http://videogames.pricecharting.com/game/super-nintendo/romance-of-the-three-kingdoms-iv-wall-of-fire 
RPM Racing,,,,http://videogames.pricecharting.com/game/super-nintendo/rpm-racing 
R-Type III The Third Lightning,8,1,0,http://videogames.pricecharting.com/game/super-nintendo/r-type-iii-the-third-lightning 
Run Saber,12,1,0,http://videogames.pricecharting.com/game/super-nintendo/run-saber 
Samurai Shodown,30,1,0,http://videogames.pricecharting.com/game/super-nintendo/samurai-shodown 
Saturday Night Slam Masters,30,1,0,http://videogames.pricecharting.com/game/super-nintendo/saturday-night-slam-masters 
Scooby Doo Mystery,30,4,1,http://videogames.pricecharting.com/game/super-nintendo/scooby-doo-mystery 
Sea Quest DSV,2,0,0,http://videogames.pricecharting.com/game/super-nintendo/sea-quest-dsv 
Secret of Evermore,60,12,1,http://videogames.pricecharting.com/game/super-nintendo/secret-of-evermore 
Secret of Mana,150,30,0,http://videogames.pricecharting.com/game/super-nintendo/secret-of-mana 
Separation Anxiety,30,1,0,http://videogames.pricecharting.com/game/super-nintendo/separation-anxiety 
Shadowrun,30,4,0,http://videogames.pricecharting.com/game/super-nintendo/shadowrun 
Shanghai II Dragon's Eye,2,1,,http://videogames.pricecharting.com/game/super-nintendo/shanghai-ii-dragon's-eye 
Shaq Fu,30,1,0,http://videogames.pricecharting.com/game/super-nintendo/shaq-fu 
Shien's Revenge,1,0,0,http://videogames.pricecharting.com/game/super-nintendo/shien's-revenge 
Side Pocket,4,1,0,http://videogames.pricecharting.com/game/super-nintendo/side-pocket 
Sid Meier's Civilization,4,1,1,http://videogames.pricecharting.com/game/super-nintendo/sid-meier's-civilization 
SimAnt,8,1,0,http://videogames.pricecharting.com/game/super-nintendo/simant 
SimCity,60,8,4,http://videogames.pricecharting.com/game/super-nintendo/simcity 
SimCity 2000,4,1,0,http://videogames.pricecharting.com/game/super-nintendo/simcity-2000 
SimEarth the Living Planet,,,,http://videogames.pricecharting.com/game/super-nintendo/simearth-the-living-planet 
Skiing & Snowboarding: Tommy Moe's Winter Extreme,2,0,0,http://videogames.pricecharting.com/game/super-nintendo/skiing-%26-snowboarding-tommy-moe's-winter-extreme 
Skuljagger,4,1,0,http://videogames.pricecharting.com/game/super-nintendo/skuljagger 
Skyblazer,8,1,0,http://videogames.pricecharting.com/game/super-nintendo/skyblazer 
Smartball,4,0,0,http://videogames.pricecharting.com/game/super-nintendo/smartball 
SNES AV Cable,,,,http://videogames.pricecharting.com/game/super-nintendo/snes-av-cable 
Snow White in Happily Ever After,4,0,0,http://videogames.pricecharting.com/game/super-nintendo/snow-white-in-happily-ever-after 
Soldier of Fortune,,,,http://videogames.pricecharting.com/game/super-nintendo/soldier-of-fortune 
Sonic Blast Man,4,1,0,http://videogames.pricecharting.com/game/super-nintendo/sonic-blast-man 
Sonic Blast Man 2,4,0,0,http://videogames.pricecharting.com/game/super-nintendo/sonic-blast-man-2 
S.O.S.,4,1,0,http://videogames.pricecharting.com/game/super-nintendo/sos 
S.O.S: Sink or Swim,4,0,0,http://videogames.pricecharting.com/game/super-nintendo/sos-sink-or-swim 
Soul Blazer,12,4,,http://videogames.pricecharting.com/game/super-nintendo/soul-blazer 
Space Ace,2,1,0,http://videogames.pricecharting.com/game/super-nintendo/space-ace 
Space Football,2,0,0,http://videogames.pricecharting.com/game/super-nintendo/space-football 
Space Invaders,30,4,4,http://videogames.pricecharting.com/game/super-nintendo/space-invaders 
Space MegaForce,8,1,,http://videogames.pricecharting.com/game/super-nintendo/space-megaforce 
Spanky's Quest,8,1,0,http://videogames.pricecharting.com/game/super-nintendo/spanky's-quest 
Sparkster,12,1,0,http://videogames.pricecharting.com/game/super-nintendo/sparkster 
Spawn,30,4,0,http://videogames.pricecharting.com/game/super-nintendo/spawn 
Spectre,2,0,0,http://videogames.pricecharting.com/game/super-nintendo/spectre 
Speed Racer,4,1,0,http://videogames.pricecharting.com/game/super-nintendo/speed-racer 
Speedy Gonzales Los Gatos Bandidos,30,2,0,http://videogames.pricecharting.com/game/super-nintendo/speedy-gonzales-los-gatos-bandidos 
Spiderman,30,1,0,http://videogames.pricecharting.com/game/super-nintendo/spiderman 
Spiderman Maximum Carnage,30,4,0,http://videogames.pricecharting.com/game/super-nintendo/spiderman-maximum-carnage 
Spiderman X-Men Arcade's Revenge,30,4,1,http://videogames.pricecharting.com/game/super-nintendo/spiderman-x-men-arcade's-revenge 
Spindizzy Worlds,2,0,0,http://videogames.pricecharting.com/game/super-nintendo/spindizzy-worlds 
Sports Illustrated Championship Football & Baseball,1,0,0,http://videogames.pricecharting.com/game/super-nintendo/sports-illustrated-championship-football-%26-baseball 
Star Fox,150,12,150,http://videogames.pricecharting.com/game/super-nintendo/star-fox 
Starfox Super Weekend Competition,1,,,http://videogames.pricecharting.com/game/super-nintendo/starfox-super-weekend-competition 
Stargate the Movie,,,,http://videogames.pricecharting.com/game/super-nintendo/stargate-the-movie 
Star Trek Deep Space Nine Crossroads of Time,4,0,0,http://videogames.pricecharting.com/game/super-nintendo/star-trek-deep-space-nine-crossroads-of-time 
Star Trek Starfleet Academy,4,1,0,http://videogames.pricecharting.com/game/super-nintendo/star-trek-starfleet-academy 
Star Trek the Next Generation,8,4,0,http://videogames.pricecharting.com/game/super-nintendo/star-trek-the-next-generation 
Steel Talons,1,0,,http://videogames.pricecharting.com/game/super-nintendo/steel-talons 
Sterling Sharpe: End 2 End,0,0,,http://videogames.pricecharting.com/game/super-nintendo/sterling-sharpe-end-2-end 
Stone Protectors,4,0,0,http://videogames.pricecharting.com/game/super-nintendo/stone-protectors 
Street Combat,2,0,0,http://videogames.pricecharting.com/game/super-nintendo/street-combat 
Street Fighter Alpha 2,30,2,0,http://videogames.pricecharting.com/game/super-nintendo/street-fighter-alpha-2 
Street Fighter II,150,12,4,http://videogames.pricecharting.com/game/super-nintendo/street-fighter-ii 
Street Fighter II Turbo,90,8,1,http://videogames.pricecharting.com/game/super-nintendo/street-fighter-ii-turbo 
Street Hockey 95,2,0,,http://videogames.pricecharting.com/game/super-nintendo/street-hockey-95 
Street Racer,4,0,0,http://videogames.pricecharting.com/game/super-nintendo/street-racer 
Strike Gunner STG,4,1,,http://videogames.pricecharting.com/game/super-nintendo/strike-gunner-stg 
Stunt Race FX,90,4,0,http://videogames.pricecharting.com/game/super-nintendo/stunt-race-fx 
Sunset Riders,60,4,0,http://videogames.pricecharting.com/game/super-nintendo/sunset-riders 
Super 3D Noah's Ark,1,0,0,http://videogames.pricecharting.com/game/super-nintendo/super-3d-noah's-ark 
Super Advantage Controller,,,,http://videogames.pricecharting.com/game/super-nintendo/super-advantage-controller 
Super Adventure Island,30,4,0,http://videogames.pricecharting.com/game/super-nintendo/super-adventure-island 
Super Adventure Island II,8,1,0,http://videogames.pricecharting.com/game/super-nintendo/super-adventure-island-ii 
Super Alfred Chicken,4,1,0,http://videogames.pricecharting.com/game/super-nintendo/super-alfred-chicken 
Super Aquatic Games,2,0,0,http://videogames.pricecharting.com/game/super-nintendo/super-aquatic-games 
Super Baseball 2020,8,1,0,http://videogames.pricecharting.com/game/super-nintendo/super-baseball-2020 
Super Bases Loaded,12,2,0,http://videogames.pricecharting.com/game/super-nintendo/super-bases-loaded 
Super Bases Loaded 2,4,0,,http://videogames.pricecharting.com/game/super-nintendo/super-bases-loaded-2 
Super Bases Loaded 3,2,0,,http://videogames.pricecharting.com/game/super-nintendo/super-bases-loaded-3 
Super Batter Up,4,0,,http://videogames.pricecharting.com/game/super-nintendo/super-batter-up 
Super Battleship,8,4,1,http://videogames.pricecharting.com/game/super-nintendo/super-battleship 
Super Battletank 2,4,1,0,http://videogames.pricecharting.com/game/super-nintendo/super-battletank-2 
Super Battletank War in the Gulf,4,1,0,http://videogames.pricecharting.com/game/super-nintendo/super-battletank-war-in-the-gulf 
Super Black Bass,12,4,1,http://videogames.pricecharting.com/game/super-nintendo/super-black-bass 
Super Bomberman,30,2,,http://videogames.pricecharting.com/game/super-nintendo/super-bomberman 
Super Bomberman 2,30,4,1,http://videogames.pricecharting.com/game/super-nintendo/super-bomberman-2 
Super Bomberman Party Pack,1,1,0,http://videogames.pricecharting.com/game/super-nintendo/super-bomberman-party-pack 
Super Bonk,8,1,0,http://videogames.pricecharting.com/game/super-nintendo/super-bonk 
Super Bowling,4,1,0,http://videogames.pricecharting.com/game/super-nintendo/super-bowling 
Super Buster Bros.,8,1,0,http://videogames.pricecharting.com/game/super-nintendo/super-buster-bros 
Super Caesar's Palace,4,2,1,http://videogames.pricecharting.com/game/super-nintendo/super-caesar's-palace 
Super Castlevania IV,120,30,4,http://videogames.pricecharting.com/game/super-nintendo/super-castlevania-iv 
Super Chase HQ,4,0,0,http://videogames.pricecharting.com/game/super-nintendo/super-chase-hq 
Super Conflict,4,1,0,http://videogames.pricecharting.com/game/super-nintendo/super-conflict 
Super Copa,1,0,0,http://videogames.pricecharting.com/game/super-nintendo/super-copa 
Super Double Dragon,30,4,0,http://videogames.pricecharting.com/game/super-nintendo/super-double-dragon 
Super Gameboy,120,8,1,http://videogames.pricecharting.com/game/super-nintendo/super-gameboy 
Super Ghouls 'N Ghosts,90,8,0,http://videogames.pricecharting.com/game/super-nintendo/super-ghouls-'n-ghosts 
Super Goal! 2,1,0,0,http://videogames.pricecharting.com/game/super-nintendo/super-goal-2 
Super Godzilla,8,2,0,http://videogames.pricecharting.com/game/super-nintendo/super-godzilla 
Super High Impact,4,0,0,http://videogames.pricecharting.com/game/super-nintendo/super-high-impact 
Super James Pond,4,0,0,http://videogames.pricecharting.com/game/super-nintendo/super-james-pond 
Super Mario All-Stars,360,12,1,http://videogames.pricecharting.com/game/super-nintendo/super-mario-all-stars 
Super Mario All-stars and Super Mario World,60,0,,http://videogames.pricecharting.com/game/super-nintendo/super-mario-all-stars-and-super-mario-world 
Super Mario Kart,450,30,4,http://videogames.pricecharting.com/game/super-nintendo/super-mario-kart 
Super Mario RPG,180,30,1,http://videogames.pricecharting.com/game/super-nintendo/super-mario-rpg 
Super Mario World,1800,12,2,http://videogames.pricecharting.com/game/super-nintendo/super-mario-world 
Super Mario World 2 Yoshi's Island,210,30,1,http://videogames.pricecharting.com/game/super-nintendo/super-mario-world-2-yoshi's-island 
Super Metroid,180,30,1,http://videogames.pricecharting.com/game/super-nintendo/super-metroid 
Super Ninja Boy,8,1,,http://videogames.pricecharting.com/game/super-nintendo/super-ninja-boy 
Super Nintendo Cleaning Kit,4,2,,http://videogames.pricecharting.com/game/super-nintendo/super-nintendo-cleaning-kit 
Super Nintendo Controller,1,0,,http://videogames.pricecharting.com/game/super-nintendo/super-nintendo-controller 
Super Nintendo Mouse,1,,,http://videogames.pricecharting.com/game/super-nintendo/super-nintendo-mouse 
Super Nintendo System,8,4,1,http://videogames.pricecharting.com/game/super-nintendo/super-nintendo-system 
Super Nova,4,1,0,http://videogames.pricecharting.com/game/super-nintendo/super-nova 
Super Off Road,30,1,0,http://videogames.pricecharting.com/game/super-nintendo/super-off-road 
Super Off Road The Baja,30,2,0,http://videogames.pricecharting.com/game/super-nintendo/super-off-road-the-baja 
Super Pinball Behind the Mask,4,1,1,http://videogames.pricecharting.com/game/super-nintendo/super-pinball-behind-the-mask 
Super Play Action Football,8,4,1,http://videogames.pricecharting.com/game/super-nintendo/super-play-action-football 
Super Punch Out,90,8,0,http://videogames.pricecharting.com/game/super-nintendo/super-punch-out 
Super Putty,4,0,,http://videogames.pricecharting.com/game/super-nintendo/super-putty 
Super RBI Baseball,4,0,0,http://videogames.pricecharting.com/game/super-nintendo/super-rbi-baseball 
Super R-Type,60,4,0,http://videogames.pricecharting.com/game/super-nintendo/super-r-type 
Super Scope 6,30,8,0,http://videogames.pricecharting.com/game/super-nintendo/super-scope-6 
Super Scope Gun,0,0,,http://videogames.pricecharting.com/game/super-nintendo/super-scope-gun 
Super Slapshot,1,0,,http://videogames.pricecharting.com/game/super-nintendo/super-slapshot 
Super Smash TV,30,4,0,http://videogames.pricecharting.com/game/super-nintendo/super-smash-tv 
Super Soccer,4,1,0,http://videogames.pricecharting.com/game/super-nintendo/super-soccer 
Super Soccer Champ,1,0,1,http://videogames.pricecharting.com/game/super-nintendo/super-soccer-champ 
Super Solitaire,1,1,0,http://videogames.pricecharting.com/game/super-nintendo/super-solitaire 
Super Star Wars,60,12,8,http://videogames.pricecharting.com/game/super-nintendo/super-star-wars 
Super Star Wars Empire Strikes Back,60,8,4,http://videogames.pricecharting.com/game/super-nintendo/super-star-wars-empire-strikes-back 
Super Star Wars Return of the Jedi,30,4,4,http://videogames.pricecharting.com/game/super-nintendo/super-star-wars-return-of-the-jedi 
Super Street Fighter II,90,8,0,http://videogames.pricecharting.com/game/super-nintendo/super-street-fighter-ii 
Super Strike Eagle,4,1,0,http://videogames.pricecharting.com/game/super-nintendo/super-strike-eagle 
Super Tennis,30,4,1,http://videogames.pricecharting.com/game/super-nintendo/super-tennis 
Super Troll Island,2,0,0,http://videogames.pricecharting.com/game/super-nintendo/super-troll-island 
Super Turrican,12,2,0,http://videogames.pricecharting.com/game/super-nintendo/super-turrican 
Super Turrican 2,4,0,0,http://videogames.pricecharting.com/game/super-nintendo/super-turrican-2 
Super Valis IV,4,1,0,http://videogames.pricecharting.com/game/super-nintendo/super-valis-iv 
Super Widget,4,0,0,http://videogames.pricecharting.com/game/super-nintendo/super-widget 
Suzuka 8 Hours,4,0,0,http://videogames.pricecharting.com/game/super-nintendo/suzuka-8-hours 
SWAT Kats,4,0,0,http://videogames.pricecharting.com/game/super-nintendo/swat-kats 
Syndicate,1,0,0,http://videogames.pricecharting.com/game/super-nintendo/syndicate 
T2 The Arcade Game,12,1,1,http://videogames.pricecharting.com/game/super-nintendo/t2-the-arcade-game 
Taz-Mania,12,2,0,http://videogames.pricecharting.com/game/super-nintendo/taz-mania 
Tecmo Secret of the Stars,4,1,,http://videogames.pricecharting.com/game/super-nintendo/tecmo-secret-of-the-stars 
Tecmo Super Baseball,4,1,0,http://videogames.pricecharting.com/game/super-nintendo/tecmo-super-baseball 
Tecmo Super Bowl,30,4,1,http://videogames.pricecharting.com/game/super-nintendo/tecmo-super-bowl 
Tecmo Super Bowl III,30,4,0,http://videogames.pricecharting.com/game/super-nintendo/tecmo-super-bowl-iii 
Tecmo Super Bowl II Special Edition,4,1,0,http://videogames.pricecharting.com/game/super-nintendo/tecmo-super-bowl-ii-special-edition 
Tecmo Super NBA Basketball,8,1,0,http://videogames.pricecharting.com/game/super-nintendo/tecmo-super-nba-basketball 
Teenage Mutant Ninja Turtles IV Turtles in Time,150,12,0,http://videogames.pricecharting.com/game/super-nintendo/teenage-mutant-ninja-turtles-iv-turtles-in-time 
Teenage Mutant Ninja Turtles Tournament Fighters,60,4,0,http://videogames.pricecharting.com/game/super-nintendo/teenage-mutant-ninja-turtles-tournament-fighters 
Terminator,12,1,,http://videogames.pricecharting.com/game/super-nintendo/terminator 
Terminator 2 Judgement Day,,,,http://videogames.pricecharting.com/game/super-nintendo/terminator-2-judgement-day 
Terranigma,,,,http://videogames.pricecharting.com/game/super-nintendo/terranigma 
Terranigma (English Reproduction),4,0,,http://videogames.pricecharting.com/game/super-nintendo/terranigma-(english-reproduction) 
Tetris 2,30,4,2,http://videogames.pricecharting.com/game/super-nintendo/tetris-2 
Tetris and Dr. Mario,60,4,1,http://videogames.pricecharting.com/game/super-nintendo/tetris-and-dr-mario 
Tetris Attack,60,4,1,http://videogames.pricecharting.com/game/super-nintendo/tetris-attack 
The 7th Saga,30,4,0,http://videogames.pricecharting.com/game/super-nintendo/the-7th-saga 
The Addams Family,12,2,0,http://videogames.pricecharting.com/game/super-nintendo/the-addams-family 
The Adventures of Kid Kleets,4,0,,http://videogames.pricecharting.com/game/super-nintendo/the-adventures-of-kid-kleets 
The Adventures of Rocky and Bullwinkle and Friends,4,0,0,http://videogames.pricecharting.com/game/super-nintendo/the-adventures-of-rocky-and-bullwinkle-and-friends 
The Brainies,1,0,0,http://videogames.pricecharting.com/game/super-nintendo/the-brainies 
The Combatribes,8,1,,http://videogames.pricecharting.com/game/super-nintendo/the-combatribes 
The Death and Return of Superman,30,1,0,http://videogames.pricecharting.com/game/super-nintendo/the-death-and-return-of-superman 
The Duel Test Drive II,4,0,0,http://videogames.pricecharting.com/game/super-nintendo/the-duel-test-drive-ii 
The Flintstones Treasure of the Sierra Madrock,4,0,0,http://videogames.pricecharting.com/game/super-nintendo/the-flintstones-treasure-of-the-sierra-madrock 
The Great Circus Mystery Starring Mickey and Minnie,12,1,0,http://videogames.pricecharting.com/game/super-nintendo/the-great-circus-mystery-starring-mickey-and-minnie 
The Great Waldo Search,2,0,0,http://videogames.pricecharting.com/game/super-nintendo/the-great-waldo-search 
The Ignition Factor,4,0,0,http://videogames.pricecharting.com/game/super-nintendo/the-ignition-factor 
The Incredible Crash Dummies,,,,http://videogames.pricecharting.com/game/super-nintendo/the-incredible-crash-dummies 
The Incredible Hulk,8,1,0,http://videogames.pricecharting.com/game/super-nintendo/the-incredible-hulk 
The Itchy and Scratchy Game,4,1,0,http://videogames.pricecharting.com/game/super-nintendo/the-itchy-and-scratchy-game 
The Jetsons Invasion of the Planet Pirates,4,0,,http://videogames.pricecharting.com/game/super-nintendo/the-jetsons-invasion-of-the-planet-pirates 
The Jungle Book,30,4,1,http://videogames.pricecharting.com/game/super-nintendo/the-jungle-book 
The Lion King,90,8,1,http://videogames.pricecharting.com/game/super-nintendo/the-lion-king 
The Lost Vikings,30,4,0,http://videogames.pricecharting.com/game/super-nintendo/the-lost-vikings 
The Mask,4,0,1,http://videogames.pricecharting.com/game/super-nintendo/the-mask 
The Pagemaster,8,1,0,http://videogames.pricecharting.com/game/super-nintendo/the-pagemaster 
The Ren and Stimpy Show Buckeroos,2,0,,http://videogames.pricecharting.com/game/super-nintendo/the-ren-and-stimpy-show-buckeroos 
The Ren and Stimpy Show Fire Dogs,4,0,1,http://videogames.pricecharting.com/game/super-nintendo/the-ren-and-stimpy-show-fire-dogs 
The Ren and Stimpy Show Time Warp,4,0,0,http://videogames.pricecharting.com/game/super-nintendo/the-ren-and-stimpy-show-time-warp 
The Ren and Stimpy Show Veediots,12,2,0,http://videogames.pricecharting.com/game/super-nintendo/the-ren-and-stimpy-show-veediots 
The Rocketeer,4,1,0,http://videogames.pricecharting.com/game/super-nintendo/the-rocketeer 
The Simpsons Bart's Nightmare,30,4,0,http://videogames.pricecharting.com/game/super-nintendo/the-simpsons-bart's-nightmare 
The Skins Game,2,0,0,http://videogames.pricecharting.com/game/super-nintendo/the-skins-game 
The Sporting News Baseball,1,0,0,http://videogames.pricecharting.com/game/super-nintendo/the-sporting-news-baseball 
The Tick,8,1,0,http://videogames.pricecharting.com/game/super-nintendo/the-tick 
The Twisted Tales of Spike McFang,8,1,,http://videogames.pricecharting.com/game/super-nintendo/the-twisted-tales-of-spike-mcfang 
The Untouchables,1,0,0,http://videogames.pricecharting.com/game/super-nintendo/the-untouchables 
Thomas the Tank Engine and Friends,4,0,0,http://videogames.pricecharting.com/game/super-nintendo/thomas-the-tank-engine-and-friends 
Thunder Spirits,12,1,0,http://videogames.pricecharting.com/game/super-nintendo/thunder-spirits 
Time Cop,1,0,,http://videogames.pricecharting.com/game/super-nintendo/time-cop 
Timeslip,4,1,0,http://videogames.pricecharting.com/game/super-nintendo/timeslip 
Time Trax,4,0,,http://videogames.pricecharting.com/game/super-nintendo/time-trax 
Timon and Pumbaa Jungle Games,8,1,0,http://videogames.pricecharting.com/game/super-nintendo/timon-and-pumbaa-jungle-games 
Tinstar,8,1,0,http://videogames.pricecharting.com/game/super-nintendo/tinstar 
Tiny Toon Adventures Buster Busts Loose,30,4,0,http://videogames.pricecharting.com/game/super-nintendo/tiny-toon-adventures-buster-busts-loose 
Tiny Toon Adventures Wacky Sports Challenge,4,0,0,http://videogames.pricecharting.com/game/super-nintendo/tiny-toon-adventures-wacky-sports-challenge 
TKO Super Championship Boxing,1,0,,http://videogames.pricecharting.com/game/super-nintendo/tko-super-championship-boxing 
TNN Bass Tournament of Champions,4,0,,http://videogames.pricecharting.com/game/super-nintendo/tnn-bass-tournament-of-champions 
Tom and Jerry,12,2,0,http://videogames.pricecharting.com/game/super-nintendo/tom-and-jerry 
Tony Meola's Sidekicks Soccer,1,0,0,http://videogames.pricecharting.com/game/super-nintendo/tony-meola's-sidekicks-soccer 
Top Gear,60,4,0,http://videogames.pricecharting.com/game/super-nintendo/top-gear 
Top Gear 2,30,4,0,http://videogames.pricecharting.com/game/super-nintendo/top-gear-2 
Top Gear 3000,8,1,0,http://videogames.pricecharting.com/game/super-nintendo/top-gear-3000 
Total Carnage,30,1,0,http://videogames.pricecharting.com/game/super-nintendo/total-carnage 
Toys,1,1,0,http://videogames.pricecharting.com/game/super-nintendo/toys 
Toy Story,30,4,0,http://videogames.pricecharting.com/game/super-nintendo/toy-story 
Troddlers,4,0,0,http://videogames.pricecharting.com/game/super-nintendo/troddlers 
Troy Aikman NFL Football,4,1,0,http://videogames.pricecharting.com/game/super-nintendo/troy-aikman-nfl-football 
True Lies,12,1,0,http://videogames.pricecharting.com/game/super-nintendo/true-lies 
Tuff E Nuff,4,0,0,http://videogames.pricecharting.com/game/super-nintendo/tuff-e-nuff 
Turn and Burn No Fly Zone,4,1,0,http://videogames.pricecharting.com/game/super-nintendo/turn-and-burn-no-fly-zone 
Ultima Runes of Virtue II,4,1,0,http://videogames.pricecharting.com/game/super-nintendo/ultima-runes-of-virtue-ii 
Ultimate Fighter,2,0,,http://videogames.pricecharting.com/game/super-nintendo/ultimate-fighter 
Ultimate Mortal Kombat 3,30,4,0,http://videogames.pricecharting.com/game/super-nintendo/ultimate-mortal-kombat-3 
Ultima The Black Gate,2,1,0,http://videogames.pricecharting.com/game/super-nintendo/ultima-the-black-gate 
Ultima The False Prophet,8,4,0,http://videogames.pricecharting.com/game/super-nintendo/ultima-the-false-prophet 
Ultraman,8,1,0,http://videogames.pricecharting.com/game/super-nintendo/ultraman 
Uncharted Waters,4,1,0,http://videogames.pricecharting.com/game/super-nintendo/uncharted-waters 
Uncharted Waters New Horizons,4,1,,http://videogames.pricecharting.com/game/super-nintendo/uncharted-waters-new-horizons 
Uniracers,30,2,0,http://videogames.pricecharting.com/game/super-nintendo/uniracers 
UN Squadron,30,4,0,http://videogames.pricecharting.com/game/super-nintendo/un-squadron 
Urban Strike,8,1,0,http://videogames.pricecharting.com/game/super-nintendo/urban-strike 
Utopia The Creation of a Nation,4,1,0,http://videogames.pricecharting.com/game/super-nintendo/utopia-the-creation-of-a-nation 
Vegas Stakes,8,4,4,http://videogames.pricecharting.com/game/super-nintendo/vegas-stakes 
Virtual Bart,8,1,0,http://videogames.pricecharting.com/game/super-nintendo/virtual-bart 
Vortex,4,1,0,http://videogames.pricecharting.com/game/super-nintendo/vortex 
Waialae Country Club,4,1,0,http://videogames.pricecharting.com/game/super-nintendo/waialae-country-club 
War 2410,1,0,0,http://videogames.pricecharting.com/game/super-nintendo/war-2410 
War 3010 The Revolution,1,0,0,http://videogames.pricecharting.com/game/super-nintendo/war-3010-the-revolution 
Wario's Woods,30,4,1,http://videogames.pricecharting.com/game/super-nintendo/wario's-woods 
Warlock,4,1,0,http://videogames.pricecharting.com/game/super-nintendo/warlock 
WarpSpeed,1,0,,http://videogames.pricecharting.com/game/super-nintendo/warpspeed 
Wayne Gretzky and the NHLPA All-Stars,2,0,0,http://videogames.pricecharting.com/game/super-nintendo/wayne-gretzky-and-the-nhlpa-all-stars 
Wayne's World,4,1,0,http://videogames.pricecharting.com/game/super-nintendo/wayne's-world 
WCW Superbrawl Wrestling,4,1,0,http://videogames.pricecharting.com/game/super-nintendo/wcw-superbrawl-wrestling 
WeaponLord,8,1,0,http://videogames.pricecharting.com/game/super-nintendo/weaponlord 
We're Back A Dinosaur Story,4,1,0,http://videogames.pricecharting.com/game/super-nintendo/we're-back-a-dinosaur-story 
Wheel of Fortune,4,1,0,http://videogames.pricecharting.com/game/super-nintendo/wheel-of-fortune 
Wheel of Fortune Deluxe Edition,8,1,0,http://videogames.pricecharting.com/game/super-nintendo/wheel-of-fortune-deluxe-edition 
Where in the World is Carmen Sandiego,4,0,0,http://videogames.pricecharting.com/game/super-nintendo/where-in-the-world-is-carmen-sandiego 
Where in Time is Carmen Sandiego,4,1,0,http://videogames.pricecharting.com/game/super-nintendo/where-in-time-is-carmen-sandiego 
Whirlo [PAL],,,,http://videogames.pricecharting.com/game/super-nintendo/whirlo-%5Bpal%5D 
Whizz,1,0,0,http://videogames.pricecharting.com/game/super-nintendo/whizz 
Wicked 18,1,0,,http://videogames.pricecharting.com/game/super-nintendo/wicked-18 
Wildcats,4,0,0,http://videogames.pricecharting.com/game/super-nintendo/wildcats 
Wild Guns,12,1,0,http://videogames.pricecharting.com/game/super-nintendo/wild-guns 
WildSnake,4,1,0,http://videogames.pricecharting.com/game/super-nintendo/wildsnake 
Williams Arcade's Greatest Hits,8,1,0,http://videogames.pricecharting.com/game/super-nintendo/williams-arcade's-greatest-hits 
Wing Commander,8,4,0,http://videogames.pricecharting.com/game/super-nintendo/wing-commander 
Wing Commander Secret Missions,4,1,,http://videogames.pricecharting.com/game/super-nintendo/wing-commander-secret-missions 
Wings 2 Aces High,4,1,0,http://videogames.pricecharting.com/game/super-nintendo/wings-2-aces-high 
Winter Olympic Games Lillehammer 94,4,0,0,http://videogames.pricecharting.com/game/super-nintendo/winter-olympic-games-lillehammer-94 
Wizard of Oz,4,1,0,http://videogames.pricecharting.com/game/super-nintendo/wizard-of-oz 
Wizardry V Heart of the Maelstrom,4,2,0,http://videogames.pricecharting.com/game/super-nintendo/wizardry-v-heart-of-the-maelstrom 
Wolfchild,4,1,0,http://videogames.pricecharting.com/game/super-nintendo/wolfchild 
Wolfenstein 3D,8,1,0,http://videogames.pricecharting.com/game/super-nintendo/wolfenstein-3d 
Wolverine Adamantium Rage,8,1,0,http://videogames.pricecharting.com/game/super-nintendo/wolverine-adamantium-rage 
Wordtris,4,1,0,http://videogames.pricecharting.com/game/super-nintendo/wordtris 
World Cup USA '94,2,0,0,http://videogames.pricecharting.com/game/super-nintendo/world-cup-usa-'94 
World Heroes,4,0,0,http://videogames.pricecharting.com/game/super-nintendo/world-heroes 
World Heroes 2,8,0,0,http://videogames.pricecharting.com/game/super-nintendo/world-heroes-2 
World League Soccer,1,0,,http://videogames.pricecharting.com/game/super-nintendo/world-league-soccer 
World Soccer 94 Road to Glory,1,0,,http://videogames.pricecharting.com/game/super-nintendo/world-soccer-94-road-to-glory 
WWF Raw,12,1,0,http://videogames.pricecharting.com/game/super-nintendo/wwf-raw 
WWF Royal Rumble,30,4,0,http://videogames.pricecharting.com/game/super-nintendo/wwf-royal-rumble 
WWF Super Wrestlemania,30,4,0,http://videogames.pricecharting.com/game/super-nintendo/wwf-super-wrestlemania 
WWF Wrestlemania Arcade Game,30,1,1,http://videogames.pricecharting.com/game/super-nintendo/wwf-wrestlemania-arcade-game 
Xardion,4,1,0,http://videogames.pricecharting.com/game/super-nintendo/xardion 
X-Kaliber 2097,8,1,0,http://videogames.pricecharting.com/game/super-nintendo/x-kaliber-2097 
X-Men Mutant Apocalypse,60,4,1,http://videogames.pricecharting.com/game/super-nintendo/x-men-mutant-apocalypse 
X-Zone,4,1,0,http://videogames.pricecharting.com/game/super-nintendo/x-zone 
Yoshi's Cookie,12,2,0,http://videogames.pricecharting.com/game/super-nintendo/yoshi's-cookie 
Yoshi's Safari,30,2,1,http://videogames.pricecharting.com/game/super-nintendo/yoshi's-safari 
Young Merlin,4,1,0,http://videogames.pricecharting.com/game/super-nintendo/young-merlin 
Ys III Wanderers from Ys,30,4,0,http://videogames.pricecharting.com/game/super-nintendo/ys-iii-wanderers-from-ys 
Zelda Link to the Past,360,60,4,http://videogames.pricecharting.com/game/super-nintendo/zelda-link-to-the-past 
Zero the Kamikaze Squirrel,4,0,,http://videogames.pricecharting.com/game/super-nintendo/zero-the-kamikaze-squirrel 
Zombies Ate My Neighbors,120,4,0,http://videogames.pricecharting.com/game/super-nintendo/zombies-ate-my-neighbors 
Zool Ninja of the Nth Dimension,4,0,,http://videogames.pricecharting.com/game/super-nintendo/zool-ninja-of-the-nth-dimension 
Zoop,4,1,1,http://videogames.pricecharting.com/game/super-nintendo/zoop 
