1080 Avalanche,11.99,17.99,74.99,045496960445045496960452,3144,https://www.pricecharting.com/game/gamecube/1080-avalanche 
16MB 251 Block Memory Card,13.99,13.99,39.99,045496950507,3145,https://www.pricecharting.com/game/gamecube/16mb-251-block-memory-card 
18 Wheeler American Pro Trucker,2.99,8.99,24.99,021481652694,3146,https://www.pricecharting.com/game/gamecube/18-wheeler-american-pro-trucker 
4MB 59 Block Memory Card,11.99,11.99,29.99,045496950026,3147,https://www.pricecharting.com/game/gamecube/4mb-59-block-memory-card 
4x4 EVO 2,3.99,9.99,29.99,020626718035,3148,https://www.pricecharting.com/game/gamecube/4x4-evo-2 
64MB 1019 Block Memory Card,19.99,24.99,69.99,045496950583,3150,https://www.pricecharting.com/game/gamecube/64mb-1019-block-memory-card 
Action Replay Ultimate Codes,16.99,19.99,54.99,850006000814,3151,https://www.pricecharting.com/game/gamecube/action-replay-ultimate-codes 
Action Replay w/ CD,19.99,19.99,44.99,,4956,https://www.pricecharting.com/game/gamecube/action-replay-w-cd 
Agent Under Fire,9.99,13.99,39.99,014633144369,3153,https://www.pricecharting.com/game/gamecube/007-agent-under-fire 
Aggressive Inline,4.99,10.99,29.99,021481652939,3154,https://www.pricecharting.com/game/gamecube/aggressive-inline 
Alien Hominid,44.99,74.99,144.99,873469005011,3155,https://www.pricecharting.com/game/gamecube/alien-hominid 
All-Star Baseball 2002,1.99,2.99,19.99,021481652076,3156,https://www.pricecharting.com/game/gamecube/all-star-baseball-2002 
All-Star Baseball 2003,2.99,3.99,15.99,021481652816,3157,https://www.pricecharting.com/game/gamecube/all-star-baseball-2003 
All-Star Baseball 2004,1.99,2.99,19.99,021481653127,3158,https://www.pricecharting.com/game/gamecube/all-star-baseball-2004 
Amazing Island,19.99,39.99,64.99,010086610321,3159,https://www.pricecharting.com/game/gamecube/amazing-island 
American Chopper 2 Full Throttle,1.99,3.99,17.99,047875751378,3160,https://www.pricecharting.com/game/gamecube/american-chopper-2-full-throttle 
Animal Crossing,39.99,59.99,269.99,045496960322045496960490045496960339,3161,https://www.pricecharting.com/game/gamecube/animal-crossing 
Animaniacs The Great Edgar Hunt,59.99,104.99,169.99,893384000229,11826,https://www.pricecharting.com/game/gamecube/animaniacs-the-great-edgar-hunt 
Ant Bully,2.99,3.99,15.99,031719191628,7266,https://www.pricecharting.com/game/gamecube/ant-bully 
Aquaman,15.99,19.99,49.99,739069630056,3162,https://www.pricecharting.com/game/gamecube/aquaman 
Army Men Air Combat Elite Missions,8.99,19.99,49.99,790561531715,3163,https://www.pricecharting.com/game/gamecube/army-men-air-combat-elite-missions 
Army Men RTS,7.99,10.99,18.99,710425245503,3164,https://www.pricecharting.com/game/gamecube/army-men-rts 
Army Men Sarge's War,7.99,9.99,29.99,710425245480,3165,https://www.pricecharting.com/game/gamecube/army-men-sarge's-war 
ATV Quad Power Racing 2,7.99,10.99,49.99,021481653028,3166,https://www.pricecharting.com/game/gamecube/atv-quad-power-racing-2 
Auto Modellista,49.99,79.99,234.99,013388200122,3167,https://www.pricecharting.com/game/gamecube/auto-modellista 
Avatar the Last Airbender,7.99,11.99,29.99,785138380599,3168,https://www.pricecharting.com/game/gamecube/avatar-the-last-airbender 
Backyard Baseball,14.99,15.99,44.99,742725245242,3169,https://www.pricecharting.com/game/gamecube/backyard-baseball 
Backyard Baseball 2007,24.99,34.99,104.99,742725273672,11603,https://www.pricecharting.com/game/gamecube/backyard-baseball-2007 
Backyard Football,3.99,8.99,15.99,742725235427,3170,https://www.pricecharting.com/game/gamecube/backyard-football 
Bad Boys Miami Takedown,3.99,14.99,17.99,650008599107,11399,https://www.pricecharting.com/game/gamecube/bad-boys-miami-takedown 
Baldur's Gate Dark Alliance,19.99,24.99,139.99,020626718745,3171,https://www.pricecharting.com/game/gamecube/baldur's-gate-dark-alliance 
Barnyard,11.99,18.99,44.99,785138380421,3172,https://www.pricecharting.com/game/gamecube/barnyard 
Baten Kaitos,39.99,59.99,114.99,722674300094,3173,https://www.pricecharting.com/game/gamecube/baten-kaitos 
Baten Kaitos Origins,94.99,119.99,209.99,045496963484045496963491,13748,https://www.pricecharting.com/game/gamecube/baten-kaitos-origins 
Batman Begins,8.99,13.99,44.99,014633149081,3174,https://www.pricecharting.com/game/gamecube/batman-begins 
Batman Dark Tomorrow,15.99,29.99,89.99,741648007098,3175,https://www.pricecharting.com/game/gamecube/batman-dark-tomorrow 
Batman Rise of Sin Tzu,15.99,24.99,49.99,008888150053,3176,https://www.pricecharting.com/game/gamecube/batman-rise-of-sin-tzu 
Batman Vengeance,9.99,13.99,69.99,008888150039,3177,https://www.pricecharting.com/game/gamecube/batman-vengeance 
Battalion Wars,17.99,24.99,54.99,045496962999045496963002,3178,https://www.pricecharting.com/game/gamecube/battalion-wars 
Beach Spikers,11.99,24.99,44.99,010086610116,3179,https://www.pricecharting.com/game/gamecube/beach-spikers 
Beyblade V Force,3.99,9.99,24.99,742725250512,3180,https://www.pricecharting.com/game/gamecube/beyblade-v-force 
Beyond Good and Evil,34.99,59.99,114.99,008888151128,3181,https://www.pricecharting.com/game/gamecube/beyond-good-and-evil 
Big Air Freestyle,3.99,11.99,24.99,742725238800,3182,https://www.pricecharting.com/game/gamecube/big-air-freestyle 
Big Mutha Truckers,8.99,13.99,64.99,785138380292,3184,https://www.pricecharting.com/game/gamecube/big-mutha-truckers 
Billy Hatcher and The Giant Egg,44.99,69.99,269.99,010086610147,3185,https://www.pricecharting.com/game/gamecube/billy-hatcher-and-the-giant-egg 
Bionicle,2.99,9.99,24.99,014633146820,3187,https://www.pricecharting.com/game/gamecube/bionicle 
Bionicle Heroes,2.99,9.99,29.99,788687400190,3188,https://www.pricecharting.com/game/gamecube/bionicle-heroes 
Black and Bruised,13.99,17.99,29.99,096427012955,3189,https://www.pricecharting.com/game/gamecube/black-and-bruised 
Black GameCube System,64.99,134.99,749.99,045496940027045496370039,3190,https://www.pricecharting.com/game/gamecube/black-gamecube-system 
Black Nintendo Brand Controller,ND,ND,ND,,,https://www.pricecharting.com/game/gamecube/black-nintendo-brand-controller 
Blood Omen 2,12.99,24.99,74.99,788687400039,3194,https://www.pricecharting.com/game/gamecube/blood-omen-2 
Bloodrayne,12.99,19.99,39.99,096427012924,3195,https://www.pricecharting.com/game/gamecube/bloodrayne 
Bloody Roar Primal Fury,29.99,39.99,109.99,047875803411,3196,https://www.pricecharting.com/game/gamecube/bloody-roar-primal-fury 
Blowout,1.99,9.99,24.99,096427013297,3197,https://www.pricecharting.com/game/gamecube/blowout 
BMX XXX,19.99,39.99,89.99,021481652946,3198,https://www.pricecharting.com/game/gamecube/bmx-xxx 
Bomberman Generation,19.99,24.99,84.99,096427012863,3199,https://www.pricecharting.com/game/gamecube/bomberman-generation 
Bomberman Jetters,16.99,24.99,64.99,096427013259,3200,https://www.pricecharting.com/game/gamecube/bomberman-jetters 
Bratz Forever Diamondz,11.99,13.99,24.99,785138380636,11676,https://www.pricecharting.com/game/gamecube/bratz-forever-diamondz 
Bratz Rock Angelz,13.99,17.99,44.99,785138380445,3201,https://www.pricecharting.com/game/gamecube/bratz-rock-angelz 
Buffy the Vampire Slayer Chaos Bleeds,29.99,59.99,124.99,020626721042,11099,https://www.pricecharting.com/game/gamecube/buffy-the-vampire-slayer-chaos-bleeds 
Burnout,4.99,9.99,69.99,021481652908,3203,https://www.pricecharting.com/game/gamecube/burnout 
Burnout 2 Point of Impact,16.99,24.99,69.99,021481653141,3204,https://www.pricecharting.com/game/gamecube/burnout-2-point-of-impact 
Bust-A-Move 3000,19.99,39.99,124.99,008888150183,3205,https://www.pricecharting.com/game/gamecube/bust-a-move-3000 
Cabela's Big Game Hunter 2005 Adventures,3.99,8.99,24.99,047875750630,3183,https://www.pricecharting.com/game/gamecube/cabela's-big-game-hunter-2005-adventures 
Cabela's Dangerous Hunts 2,3.99,7.99,29.99,047875751477,11204,https://www.pricecharting.com/game/gamecube/cabela's-dangerous-hunts-2 
Cabela's Outdoor Adventures,2.99,8.99,19.99,047875751118,3207,https://www.pricecharting.com/game/gamecube/cabela's-outdoor-adventures 
Call of Duty 2 Big Red One,7.99,10.99,49.99,047875810297,3208,https://www.pricecharting.com/game/gamecube/call-of-duty-2-big-red-one 
Call of Duty Finest Hour,4.99,10.99,59.99,047875807112,3209,https://www.pricecharting.com/game/gamecube/call-of-duty-finest-hour 
Capcom vs SNK 2,ND,ND,ND,,,https://www.pricecharting.com/game/gamecube/capcom-vs-snk-2 
Carmen Sandiego The Secret of the Stolen Drums,3.99,9.99,29.99,682384410103,10590,https://www.pricecharting.com/game/gamecube/carmen-sandiego-the-secret-of-the-stolen-drums 
Cars,3.99,7.99,24.99,785138380551,3211,https://www.pricecharting.com/game/gamecube/cars 
Casper Spirit Dimensions,8.99,14.99,39.99,739069630087,3212,https://www.pricecharting.com/game/gamecube/casper-spirit-dimensions 
Catwoman,3.99,10.99,19.99,014633147926,3213,https://www.pricecharting.com/game/gamecube/catwoman 
Cel Damage,13.99,19.99,69.99,014633144703,3214,https://www.pricecharting.com/game/gamecube/cel-damage 
Chaos Field,24.99,49.99,84.99,873469005035,3215,https://www.pricecharting.com/game/gamecube/chaos-field 
Charlie and the Chocolate Factory,2.99,3.99,19.99,710425247187,3216,https://www.pricecharting.com/game/gamecube/charlie-and-the-chocolate-factory 
Charlie's Angels,4.99,14.99,24.99,008888150244,3217,https://www.pricecharting.com/game/gamecube/charlie's-angels 
Chibi Robo,144.99,209.99,359.99,045496963408,3218,https://www.pricecharting.com/game/gamecube/chibi-robo 
Chicken Little,2.99,3.99,19.99,712725001865,3219,https://www.pricecharting.com/game/gamecube/chicken-little 
Chronicles of Narnia Lion Witch and the Wardrobe,2.99,3.99,19.99,712725001711712725002046,3220,https://www.pricecharting.com/game/gamecube/chronicles-of-narnia-lion-witch-and-the-wardrobe 
City Racer,34.99,59.99,174.99,008888150237,3221,https://www.pricecharting.com/game/gamecube/city-racer 
Codename Kids Next Door Operation VIDEOGAME,19.99,29.99,59.99,710425248900,3222,https://www.pricecharting.com/game/gamecube/codename-kids-next-door-operation-videogame 
Component Video Cables,299.99,309.99,894.99,,3223,https://www.pricecharting.com/game/gamecube/component-video-cables 
Conflict Desert Storm,7.99,11.99,34.99,710425241826,3224,https://www.pricecharting.com/game/gamecube/conflict-desert-storm 
Conflict Desert Storm 2,9.99,15.99,39.99,710425242533,3225,https://www.pricecharting.com/game/gamecube/conflict-desert-storm-2 
Crash Bandicoot Wrath Cortex,ND,ND,ND,,,https://www.pricecharting.com/game/gamecube/crash-bandicoot-the-wrath-cortex 
Crash Nitro Kart,10.99,13.99,39.99,020626720274,3227,https://www.pricecharting.com/game/gamecube/crash-nitro-kart 
Crash Tag Team Racing,15.99,19.99,44.99,020626723091,10415,https://www.pricecharting.com/game/gamecube/crash-tag-team-racing 
Crazy Taxi,12.99,19.99,59.99,021481652687,3228,https://www.pricecharting.com/game/gamecube/crazy-taxi 
Cubivore,279.99,509.99,564.99,730865610013,3229,https://www.pricecharting.com/game/gamecube/cubivore 
Cubix Robots For Everyone Showdown,11.99,24.99,259.99,790561530916,3230,https://www.pricecharting.com/game/gamecube/cubix-robots-for-everyone-showdown 
Curious George,8.99,10.99,34.99,722674300131,3231,https://www.pricecharting.com/game/gamecube/curious-george 
Custom Robo,34.99,49.99,159.99,045496961831,3232,https://www.pricecharting.com/game/gamecube/custom-robo 
Dakar 2 Rally,3.99,10.99,49.99,021481652786,3233,https://www.pricecharting.com/game/gamecube/dakar-2-rally 
Dance Dance Revolution Mario Mix,12.99,19.99,139.99,045496963200045496963248,3234,https://www.pricecharting.com/game/gamecube/dance-dance-revolution-mario-mix 
Darkened Skye,19.99,44.99,74.99,076714508194,3236,https://www.pricecharting.com/game/gamecube/darkened-skye 
Dark Summit,4.99,11.99,44.99,785138380018,3235,https://www.pricecharting.com/game/gamecube/dark-summit 
Dave Mirra Freestyle BMX 2,2.99,3.99,19.99,021481652557,3237,https://www.pricecharting.com/game/gamecube/dave-mirra-freestyle-bmx-2 
Dead to Rights,3.99,9.99,29.99,722674021258,3238,https://www.pricecharting.com/game/gamecube/dead-to-rights 
Defender,3.99,9.99,29.99,031719198726,3241,https://www.pricecharting.com/game/gamecube/defender 
Def Jam Fight for New York,ND,ND,ND,,,https://www.pricecharting.com/game/gamecube/def-jam-fight-for-new-york 
Def Jam Vendetta,24.99,34.99,59.99,014633144277014633352191,3240,https://www.pricecharting.com/game/gamecube/def-jam-vendetta 
Die Hard Vendetta,8.99,15.99,29.99,020626716239,3242,https://www.pricecharting.com/game/gamecube/die-hard-vendetta 
Digimon Rumble Arena 2,64.99,94.99,279.99,045557184056,3243,https://www.pricecharting.com/game/gamecube/digimon-rumble-arena-2 
Digimon World 4,34.99,54.99,159.99,045557184025,3244,https://www.pricecharting.com/game/gamecube/digimon-world-4 
Dinotopia The Sunstone Odyssey,14.99,19.99,39.99,739069630049,3245,https://www.pricecharting.com/game/gamecube/dinotopia-the-sunstone-odyssey 
Disney Party,15.99,24.99,79.99,014633146035,3246,https://www.pricecharting.com/game/gamecube/disney-party 
Disney's Extreme Skate Adventure,19.99,29.99,74.99,047875805651,3249,https://www.pricecharting.com/game/gamecube/disney's-extreme-skate-adventure 
Disney's Hide and Sneak,24.99,49.99,104.99,013388200115,3250,https://www.pricecharting.com/game/gamecube/disney's-hide-and-sneak 
Disney's PK Out of the Shadows,8.99,15.99,44.99,008888150060,3251,https://www.pricecharting.com/game/gamecube/pk-out-of-the-shadows 
Disney Sports Basketball,164.99,394.99,749.99,083717400110,3247,https://www.pricecharting.com/game/gamecube/disney-sports-basketball 
Disney Sports Football,44.99,94.99,284.99,083717400059,11279,https://www.pricecharting.com/game/gamecube/disney-sports-football 
Disney Sports Skateboarding,9.99,19.99,89.99,083717400073,3252,https://www.pricecharting.com/game/gamecube/disney-sports-skateboarding 
Disney Sports Soccer,24.99,39.99,299.99,083717400097,3248,https://www.pricecharting.com/game/gamecube/disney-sports-soccer 
Donald Duck Going Quackers,19.99,24.99,74.99,008888150077,3253,https://www.pricecharting.com/game/gamecube/donald-duck-going-quackers 
Donkey Konga 2,12.99,19.99,54.99,045496962746045496962753,3256,https://www.pricecharting.com/game/gamecube/donkey-konga-2 
Donkey Konga 2 w/ Bongo,16.99,19.99,59.99,045496962807045496962814,16433,https://www.pricecharting.com/game/gamecube/donkey-konga-2-w-bongo 
Donkey Konga (Game only),8.99,14.99,49.99,045496962432,21970,https://www.pricecharting.com/game/gamecube/donkey-konga-(game-only) 
Donkey Konga w/ Bongo,15.99,34.99,54.99,045496961299,3257,https://www.pricecharting.com/game/gamecube/donkey-konga-w-bongo 
Donkey Kong Jungle Beat,17.99,29.99,104.99,045496962708045496962715,3254,https://www.pricecharting.com/game/gamecube/donkey-kong-jungle-beat 
Donkey Kong Jungle Beat w/ Bongos,ND,ND,ND,,,https://www.pricecharting.com/game/gamecube/donkey-kong-jungle-beat-w-bongos 
Dora the Explorer Journey to the Purple Planet,3.99,7.99,12.99,710425248719,3258,https://www.pricecharting.com/game/gamecube/dora-the-explorer-journey-to-the-purple-planet 
Dragon Ball Z Budokai,9.99,14.99,54.99,742725248069,3260,https://www.pricecharting.com/game/gamecube/dragon-ball-z-budokai 
Dragon Ball Z Budokai 2,19.99,29.99,69.99,742725262539,3261,https://www.pricecharting.com/game/gamecube/dragon-ball-z-budokai-2 
Dragon Ball Z Sagas,10.99,15.99,74.99,742725262546,3262,https://www.pricecharting.com/game/gamecube/dragon-ball-z-sagas 
Dragon's Lair 3D,18.99,34.99,74.99,705381801009,3263,https://www.pricecharting.com/game/gamecube/dragon's-lair-3d 
Driven,3.99,3.99,24.99,682384410042,3264,https://www.pricecharting.com/game/gamecube/driven 
Dr. Muto,19.99,34.99,39.99,031719198870,3259,https://www.pricecharting.com/game/gamecube/dr-muto 
Drome Racers,1.99,10.99,14.99,014633146431,3265,https://www.pricecharting.com/game/gamecube/drome-racers 
Ed Edd N Eddy Mis-Edventures,15.99,19.99,59.99,031719191611,3266,https://www.pricecharting.com/game/gamecube/ed-edd-n-eddy-mis-edventures 
Egg Mania,12.99,19.99,54.99,741648008064,3267,https://www.pricecharting.com/game/gamecube/egg-mania 
Enter the Matrix,9.99,12.99,39.99,742725243934,3268,https://www.pricecharting.com/game/gamecube/enter-the-matrix 
Eternal Darkness,59.99,94.99,239.99,045496960056045496960124,3270,https://www.pricecharting.com/game/gamecube/eternal-darkness 
Ethernet Adaptor,ND,ND,ND,,,https://www.pricecharting.com/game/gamecube/ethernet-adaptor 
Everything or Nothing,8.99,12.99,34.99,014633147162,3272,https://www.pricecharting.com/game/gamecube/007-everything-or-nothing 
Evolution Skateboarding,3.99,12.99,34.99,083717400103,3273,https://www.pricecharting.com/game/gamecube/evolution-skateboarding 
Evolution Snowboarding,19.99,49.99,149.99,083717400127,11280,https://www.pricecharting.com/game/gamecube/evolution-snowboarding 
Evolution Worlds,17.99,29.99,44.99,008888150121,3274,https://www.pricecharting.com/game/gamecube/evolution-worlds 
Extreme G 3 XG3,ND,ND,ND,,,https://www.pricecharting.com/game/gamecube/extreme-g-3-xg3 
F1 2002,8.99,17.99,59.99,014633145717,3276,https://www.pricecharting.com/game/gamecube/f1-2002 
Fairly Odd Parents: Breakin' Da Rules,14.99,19.99,74.99,785138380247,3277,https://www.pricecharting.com/game/gamecube/fairly-odd-parents-breakin'-da-rules 
Fairly Odd Parents Shadow Showdown,8.99,14.99,24.99,785138380360,3278,https://www.pricecharting.com/game/gamecube/fairly-odd-parents-shadow-showdown 
Fantastic 4,2.99,3.99,24.99,047875805835,3279,https://www.pricecharting.com/game/gamecube/fantastic-4 
FIFA 2002,.99,2.99,18.99,014633143409,3280,https://www.pricecharting.com/game/gamecube/fifa-2002 
FIFA 2002 World Cup,2.99,8.99,19.99,014633144819,3281,https://www.pricecharting.com/game/gamecube/fifa-2002-world-cup 
FIFA 2003,.99,3.99,19.99,014633145823,3282,https://www.pricecharting.com/game/gamecube/fifa-2003 
FIFA 2004,2.99,8.99,19.99,014633146684,3283,https://www.pricecharting.com/game/gamecube/fifa-2004 
FIFA 2005,2.99,3.99,24.99,014633148138,3284,https://www.pricecharting.com/game/gamecube/fifa-2005 
FIFA 2006,2.99,4.99,19.99,014633149593,3285,https://www.pricecharting.com/game/gamecube/fifa-06 
FIFA 2007,4.99,9.99,39.99,014633152524,3286,https://www.pricecharting.com/game/gamecube/fifa-07 
FIFA Street,11.99,16.99,49.99,014633149005,3287,https://www.pricecharting.com/game/gamecube/fifa-street 
FIFA Street 2,12.99,19.99,44.99,014633151800,3288,https://www.pricecharting.com/game/gamecube/fifa-street-2 
FIFA World Cup 2006 Germany,2.99,11.99,34.99,014633151671,3289,https://www.pricecharting.com/game/gamecube/fifa-world-cup-germany-2006 
Fight Night Round 2,12.99,17.99,39.99,014633148978,3290,https://www.pricecharting.com/game/gamecube/fight-night-round-2 
Final Fantasy Crystal Chronicles,3.99,13.99,64.99,045496961275045496961336045496961800,3291,https://www.pricecharting.com/game/gamecube/final-fantasy-crystal-chronicles 
Finding Nemo,1.99,3.99,18.99,785138380179,3292,https://www.pricecharting.com/game/gamecube/finding-nemo 
Fire Blade,2.99,10.99,24.99,031719191055,3294,https://www.pricecharting.com/game/gamecube/fire-blade 
Fire Emblem Path of Radiance,199.99,244.99,554.99,045496962760045496962777,3293,https://www.pricecharting.com/game/gamecube/fire-emblem-path-of-radiance 
Flushed Away,1.99,4.99,13.99,879278330030,11813,https://www.pricecharting.com/game/gamecube/flushed-away 
Freaky Flyers,19.99,39.99,104.99,031719198610,11151,https://www.pricecharting.com/game/gamecube/freaky-flyers 
Freedom Fighters,11.99,19.99,44.99,014633147353,3295,https://www.pricecharting.com/game/gamecube/freedom-fighters 
Freekstyle,9.99,13.99,34.99,014633145656,3296,https://www.pricecharting.com/game/gamecube/freekstyle 
Freestyle Metal X,2.99,11.99,34.99,031719198962,3297,https://www.pricecharting.com/game/gamecube/freestyle-metal-x 
Freestyle Street Soccer,2.99,8.99,15.99,021481653202,3298,https://www.pricecharting.com/game/gamecube/freestyle-street-soccer 
Frogger Ancient Shadow,8.99,12.99,24.99,083717400257,11284,https://www.pricecharting.com/game/gamecube/frogger-ancient-shadow 
Frogger Beyond,7.99,13.99,39.99,083717400080,3299,https://www.pricecharting.com/game/gamecube/frogger-beyond 
Froggers Adventures The Rescue,4.99,10.99,29.99,083717400172,3300,https://www.pricecharting.com/game/gamecube/frogger%27s-adventures-the-rescue 
From Russia With Love,12.99,17.99,49.99,014633151084,3301,https://www.pricecharting.com/game/gamecube/007-from-russia-with-love 
Future Tactics,3.99,14.99,19.99,650008599046650085990460,3302,https://www.pricecharting.com/game/gamecube/future-tactics 
F-Zero GX,49.99,79.99,234.99,045496960926045496960940,3303,https://www.pricecharting.com/game/gamecube/f-zero-gx 
Galidor Defenders of the Outer Dimension,1.99,8.99,24.99,014633145618,11056,https://www.pricecharting.com/game/gamecube/galidor-defenders-of-the-outer-dimension 
Galleon Islands of Mystery,ND,ND,ND,,,https://www.pricecharting.com/game/gamecube/galleon-islands-of-mystery 
Gameboy Player w/ Startup Disc,144.99,154.99,564.99,045496950309,3304,https://www.pricecharting.com/game/gamecube/gameboy-player-with-startup-disc 
Gamecube 5 inch LCD Screen,79.99,79.99,244.99,,3305,https://www.pricecharting.com/game/gamecube/gamecube-5-inch-lcd-screen 
Gamecube AV Cable,12.99,14.99,39.99,,14570,https://www.pricecharting.com/game/gamecube/gamecube-av-cable 
Gamecube to Gameboy Advanced Link Cable,13.99,18.99,54.99,045496950491,3306,https://www.pricecharting.com/game/gamecube/gamecube-to-gameboy-advanced-link-cable 
Gauntlet Dark Legacy,69.99,74.99,159.99,031719198825,3307,https://www.pricecharting.com/game/gamecube/gauntlet-dark-legacy 
Geist,18.99,34.99,79.99,045496961992045496962005,3308,https://www.pricecharting.com/game/gamecube/geist 
Ghost Recon,2.99,7.99,19.99,008888150169,3309,https://www.pricecharting.com/game/gamecube/ghost-recon 
Ghost Recon 2,3.99,11.99,34.99,008888151647,3310,https://www.pricecharting.com/game/gamecube/ghost-recon-2 
Gladius,16.99,19.99,64.99,023272321581,3311,https://www.pricecharting.com/game/gamecube/gladius 
Goblin Commander,24.99,49.99,64.99,032264194010,3313,https://www.pricecharting.com/game/gamecube/goblin-commander 
Godzilla Destroy All Monsters Melee,19.99,29.99,94.99,742725238602,3314,https://www.pricecharting.com/game/gamecube/godzilla-destroy-all-monsters-melee 
Go Go Hypergrind,214.99,319.99,769.99,730865610020,3312,https://www.pricecharting.com/game/gamecube/go-go-hypergrind 
Goldeneye Rogue Agent,ND,ND,ND,,,https://www.pricecharting.com/game/gamecube/007-goldeneye-rogue-agent 
Gotcha Force,299.99,479.99,829.99,013388200108,3316,https://www.pricecharting.com/game/gamecube/gotcha-force 
Grim Adventures of Billy & Mandy,19.99,24.99,84.99,031719191727,11147,https://www.pricecharting.com/game/gamecube/grim-adventures-of-billy-%26-mandy 
Grooverider Slot Car Thunder,19.99,84.99,259.99,705381806004,3317,https://www.pricecharting.com/game/gamecube/grooverider-slot-car-thunder 
Gun,9.99,13.99,44.99,047875809734,3318,https://www.pricecharting.com/game/gamecube/gun 
Happy Feet,1.99,2.99,19.99,031719191659,11146,https://www.pricecharting.com/game/gamecube/happy-feet 
Harry Potter Chamber of Secrets,9.99,13.99,34.99,014633145502,3320,https://www.pricecharting.com/game/gamecube/harry-potter-chamber-of-secrets 
Harry Potter Goblet of Fire,4.99,8.99,44.99,014633149845014633151756,3321,https://www.pricecharting.com/game/gamecube/harry-potter-and-the-goblet-of-fire 
Harry Potter Prisoner of Azkaban,4.99,12.99,39.99,014633147834,3322,https://www.pricecharting.com/game/gamecube/harry-potter-prisoner-of-azkaban 
Harry Potter Quidditch World Cup,3.99,10.99,34.99,014633146578,3323,https://www.pricecharting.com/game/gamecube/harry-potter-quidditch-world-cup 
Harry Potter Sorcerers Stone,49.99,74.99,179.99,014633146523,3324,https://www.pricecharting.com/game/gamecube/harry-potter-sorcerers-stone 
Harvest Moon Another Wonderful Life,24.99,34.99,114.99,719593090038,3326,https://www.pricecharting.com/game/gamecube/harvest-moon-another-wonderful-life 
Harvest Moon A Wonderful Life,16.99,19.99,69.99,719593090014,3325,https://www.pricecharting.com/game/gamecube/harvest-moon-a-wonderful-life 
Harvest Moon Magical Melody,19.99,29.99,94.99,719593090052,3327,https://www.pricecharting.com/game/gamecube/harvest-moon-magical-melody 
Haunted Mansion,15.99,19.99,64.99,739069630155,3328,https://www.pricecharting.com/game/gamecube/haunted-mansion 
Hello Kitty Roller Rescue,13.99,24.99,49.99,722674300124,11525,https://www.pricecharting.com/game/gamecube/hello-kitty-roller-rescue 
Hitman 2,7.99,11.99,34.99,788687400053,3330,https://www.pricecharting.com/game/gamecube/hitman-2 
Home Run King,2.99,4.99,29.99,010086610086,3331,https://www.pricecharting.com/game/gamecube/home-run-king 
Hot Wheels Velocity X,11.99,14.99,44.99,785138380117,3332,https://www.pricecharting.com/game/gamecube/hot-wheels-velocity-x 
Hot Wheels World Race,11.99,13.99,49.99,785138380308,3333,https://www.pricecharting.com/game/gamecube/hot-wheels-world-race 
Hunter the Reckoning,19.99,24.99,84.99,020626718660,3334,https://www.pricecharting.com/game/gamecube/hunter-the-reckoning 
Ice Age 2 The Meltdown,3.99,4.99,24.99,020626724470,3335,https://www.pricecharting.com/game/gamecube/ice-age-2-the-meltdown 
Ikaruga,49.99,74.99,199.99,722242519781,3336,https://www.pricecharting.com/game/gamecube/ikaruga 
Indigo GameCube System,54.99,144.99,529.99,045496940003045496940010,3337,https://www.pricecharting.com/game/gamecube/indigo-gamecube-system 
Indigo Nintendo Brand Controller,ND,ND,ND,,,https://www.pricecharting.com/game/gamecube/indigo-nintendo-brand-controller 
I-Ninja,19.99,29.99,54.99,722674300001,3339,https://www.pricecharting.com/game/gamecube/i-ninja 
Intellivision Lives,8.99,18.99,29.99,650008599077,3340,https://www.pricecharting.com/game/gamecube/intellivision-lives 
Italian Job,3.99,10.99,29.99,788687400152,3341,https://www.pricecharting.com/game/gamecube/italian-job 
Jacked,ND,ND,ND,,,https://www.pricecharting.com/game/gamecube/jacked 
Jeremy McGrath Supercross World,1.99,2.99,14.99,021481652854,3342,https://www.pricecharting.com/game/gamecube/jeremy-mcgrath-supercross-world 
Jimmy Neutron Attack of the Twonkies,3.99,12.99,18.99,785138380377,3343,https://www.pricecharting.com/game/gamecube/jimmy-neutron-attack-of-the-twonkies 
Jimmy Neutron Boy Genius,8.99,12.99,34.99,785138380049,3344,https://www.pricecharting.com/game/gamecube/jimmy-neutron-boy-genius 
Jimmy Neutron Jet Fusion,4.99,10.99,24.99,785138380254,3345,https://www.pricecharting.com/game/gamecube/jimmy-neutron-jet-fusion 
Judge Dredd Dredd vs Death,24.99,44.99,54.99,896992000414,11418,https://www.pricecharting.com/game/gamecube/judge-dredd-dredd-vs-death 
Kao the Kangaroo Round 2,10.99,19.99,49.99,742725272217,11601,https://www.pricecharting.com/game/gamecube/kao-the-kangaroo-round-2 
Karaoke Revolution Party w Microphone,ND,ND,ND,,,https://www.pricecharting.com/game/gamecube/karaoke-revolution-party-w-microphone 
Kelly Slater's Pro Surfer,3.99,8.99,29.99,047875803558,3347,https://www.pricecharting.com/game/gamecube/kelly-slater's-pro-surfer 
Killer 7,39.99,64.99,164.99,013388200139,3348,https://www.pricecharting.com/game/gamecube/killer-7 
King Arthur,7.99,12.99,34.99,083717400219,11281,https://www.pricecharting.com/game/gamecube/king-arthur 
King Kong the Movie,24.99,49.99,74.99,010086810103,13118,https://www.pricecharting.com/game/gamecube/king-kong-the-movie 
Kirby Air Ride,54.99,74.99,219.99,045496961268045496961312,3350,https://www.pricecharting.com/game/gamecube/kirby-air-ride 
Knockout Kings 2003,3.99,3.99,18.99,014633145861,3351,https://www.pricecharting.com/game/gamecube/knockout-kings-2003 
Legend of Spyro A New Beginning,14.99,19.99,59.99,020626725064,11113,https://www.pricecharting.com/game/gamecube/legend-of-spyro-a-new-beginning 
Legends of Wrestling,3.99,8.99,29.99,021481652656,3352,https://www.pricecharting.com/game/gamecube/legends-of-wrestling 
Legends of Wrestling II,7.99,10.99,19.99,021481653066,3353,https://www.pricecharting.com/game/gamecube/legends-of-wrestling-ii 
LEGO Star Wars,4.99,9.99,49.99,788687400138,3354,https://www.pricecharting.com/game/gamecube/lego-star-wars 
LEGO Star Wars II Original Trilogy,3.99,10.99,29.99,023272329587,3355,https://www.pricecharting.com/game/gamecube/lego-star-wars-ii-original-trilogy 
Lemony Snicket's A Series of Unfortunate Events,2.99,3.99,17.99,047875807198,3356,https://www.pricecharting.com/game/gamecube/lemony-snicket's-a-series-of-unfortunate-events 
Looney Tunes Back in Action,9.99,13.99,64.99,014633146349,3357,https://www.pricecharting.com/game/gamecube/looney-tunes-back-in-action 
Lord of the Rings Return of King,10.99,13.99,54.99,014633146868,3359,https://www.pricecharting.com/game/gamecube/lord-of-the-rings-return-of-the-king 
Lord of the Rings Third Age,ND,ND,ND,,,https://www.pricecharting.com/game/gamecube/lord-of-the-rings-third-age 
Lord of the Rings Two Towers,9.99,12.99,49.99,014633146189,3361,https://www.pricecharting.com/game/gamecube/lord-of-the-rings-two-towers 
Lost Kingdoms,24.99,49.99,114.99,047875804593,3362,https://www.pricecharting.com/game/gamecube/lost-kingdoms 
Lost Kingdoms II,79.99,114.99,274.99,047875805279,3363,https://www.pricecharting.com/game/gamecube/lost-kingdoms-ii 
Lotus Challenge,3.99,19.99,39.99,651222027032893384000083,11416,https://www.pricecharting.com/game/gamecube/lotus-challenge 
Luigi's Mansion,39.99,54.99,404.99,045496960018045496960087,3364,https://www.pricecharting.com/game/gamecube/luigi's-mansion 
Madagascar,3.99,7.99,19.99,047875811454,3366,https://www.pricecharting.com/game/gamecube/madagascar 
Madden 2002,1.99,2.99,18.99,014633143379,3367,https://www.pricecharting.com/game/gamecube/madden-2002 
Madden 2003 Football,2.99,2.99,19.99,014633145175,3368,https://www.pricecharting.com/game/gamecube/madden-2003 
Madden 2004,2.99,4.99,19.99,014633146387,3369,https://www.pricecharting.com/game/gamecube/madden-2004 
Madden 2005,1.99,2.99,18.99,014633147674,3370,https://www.pricecharting.com/game/gamecube/madden-2005 
Madden 2006,1.99,2.99,15.99,014633149371,3371,https://www.pricecharting.com/game/gamecube/madden-2006 
Madden 2007,2.99,2.99,19.99,014633152289,3372,https://www.pricecharting.com/game/gamecube/madden-2007 
Madden 2008,14.99,24.99,29.99,014633158724014633360707,3815,https://www.pricecharting.com/game/gamecube/madden-2008 
Major League Baseball 2K6,1.99,3.99,16.99,710425249396,3373,https://www.pricecharting.com/game/gamecube/major-league-baseball-2k6 
Mario Golf Toadstool Tour,17.99,24.99,164.99,045496960933045496961435,3374,https://www.pricecharting.com/game/gamecube/mario-golf-toadstool-tour 
Mario Kart Double Dash,54.99,69.99,584.99,045496961282045496961602045496961329045496962470045496962463,3375,https://www.pricecharting.com/game/gamecube/mario-kart-double-dash 
Mario Kart: Double Dash!! Special Edition,24.99,79.99,2124.99,045496961619,18556,https://www.pricecharting.com/game/gamecube/mario-kart-double-dash-special-edition 
Mario Party 4,59.99,74.99,354.99,045496960384045496960391,3376,https://www.pricecharting.com/game/gamecube/mario-party-4 
Mario Party 5,59.99,74.99,334.99,045496961305045496961343,3377,https://www.pricecharting.com/game/gamecube/mario-party-5 
Mario Party 6,79.99,104.99,339.99,045496962586045496962623,3378,https://www.pricecharting.com/game/gamecube/mario-party-6 
Mario Party 6 w/ Microphone,79.99,124.99,289.99,045496962012,45817,https://www.pricecharting.com/game/gamecube/mario-party-6-microphone-bundle 
Mario Party 7,44.99,59.99,304.99,045496963279045496963286,3380,https://www.pricecharting.com/game/gamecube/mario-party-7 
Mario Party 7 w/ Microphone,49.99,79.99,354.99,045496963057,45818,https://www.pricecharting.com/game/gamecube/mario-party-7-microphone-bundle 
Mario Power Tennis,24.99,34.99,154.99,045496962036045496962043,3382,https://www.pricecharting.com/game/gamecube/mario-power-tennis 
Mario Superstar Baseball,44.99,54.99,269.99,045496962975045496962982,3383,https://www.pricecharting.com/game/gamecube/mario-superstar-baseball 
Mark Davis Pro Bass Challenge,3.99,14.99,34.99,719593090045,11507,https://www.pricecharting.com/game/gamecube/mark-davis-pro-bass-challenge 
Marvel Nemesis Rise of the Imperfects,10.99,14.99,64.99,014633149562,3384,https://www.pricecharting.com/game/gamecube/marvel-nemesis-rise-of-the-imperfects 
Mary Kate and Ashley Sweet 16,1.99,3.99,17.99,021481653134,3385,https://www.pricecharting.com/game/gamecube/mary-kate-and-ashley-sweet-16 
Mat Hoffman's Pro BMX 2,2.99,7.99,24.99,047875804692,3386,https://www.pricecharting.com/game/gamecube/mat-hoffman's-pro-bmx-2 
MC Groovz Dance Craze,2.99,3.99,19.99,728658002923,3387,https://www.pricecharting.com/game/gamecube/mc-groovz-dance-craze 
Medabots Infinity,24.99,44.99,104.99,719593090021,11506,https://www.pricecharting.com/game/gamecube/medabots-infinity 
Medal of Honor European Assault,3.99,11.99,34.99,014633149333,3388,https://www.pricecharting.com/game/gamecube/medal-of-honor-european-assault 
Medal of Honor Frontline,3.99,8.99,24.99,014633146059,3389,https://www.pricecharting.com/game/gamecube/medal-of-honor-frontline 
Medal of Honor Rising Sun,3.99,7.99,29.99,014633147094,3390,https://www.pricecharting.com/game/gamecube/medal-of-honor-rising-sun 
Meet the Robinsons,2.99,7.99,14.99,712725002862,3391,https://www.pricecharting.com/game/gamecube/meet-the-robinsons 
Mega Man Anniversary Collection,8.99,16.99,79.99,013388200146,3392,https://www.pricecharting.com/game/gamecube/mega-man-anniversary-collection 
Mega Man Network Transmission,18.99,29.99,109.99,013388200061,3393,https://www.pricecharting.com/game/gamecube/mega-man-network-transmission 
Mega Man X Collection,19.99,29.99,69.99,013388200214,3394,https://www.pricecharting.com/game/gamecube/mega-man-x-collection 
Mega Man X Command Mission,34.99,54.99,99.99,013388200153,3395,https://www.pricecharting.com/game/gamecube/mega-man-x-command-mission 
Men In Black II Alien Escape,11.99,39.99,69.99,742725242326,11580,https://www.pricecharting.com/game/gamecube/men-in-black-ii-alien-escape 
Metal Arms Glitch in the System,19.99,24.99,79.99,020626718615,3396,https://www.pricecharting.com/game/gamecube/metal-arms-glitch-in-the-system 
Metal Gear Solid Twin Snakes,79.99,109.99,379.99,083717400165,3397,https://www.pricecharting.com/game/gamecube/metal-gear-solid-twin-snakes 
Metroid Prime,19.99,34.99,409.99,045496960438,3398,https://www.pricecharting.com/game/gamecube/metroid-prime 
Metroid Prime 2 Echoes,39.99,59.99,249.99,045496962159045496962487045496962166,3399,https://www.pricecharting.com/game/gamecube/metroid-prime-2-echoes 
Metroid Prime with Metroid Prime 2 Demo,19.99,49.99,219.99,045496962418045496962401,50110,https://www.pricecharting.com/game/gamecube/metroid-prime-echoes-bonus-disc 
Metroid Prime & Zelda Wind Waker Combo,239.99,509.99,1499.99,045496963149,21962,https://www.pricecharting.com/game/gamecube/metroid-prime-%26-zelda-wind-waker-combo 
Mickey Mouse Magic Mirror,10.99,15.99,49.99,045496960360,3400,https://www.pricecharting.com/game/gamecube/magical-mirror-starring-mickey-mouse 
Midway Arcade Treasures,11.99,14.99,34.99,031719191512,3401,https://www.pricecharting.com/game/gamecube/midway-arcade-treasures 
Midway Arcade Treasures 2,17.99,19.99,34.99,031719191536,3402,https://www.pricecharting.com/game/gamecube/midway-arcade-treasures-2 
Midway Arcade Treasures 3,15.99,19.99,44.99,031719191543,3403,https://www.pricecharting.com/game/gamecube/midway-arcade-treasures-3 
Mighty Beanz,2.99,3.99,19.99,096427013365,2376,https://www.pricecharting.com/game/gamecube/mighty-beanz 
Minority Report,1.99,4.99,15.99,047875803855,3404,https://www.pricecharting.com/game/gamecube/minority-report 
Mission Impossible Operation Surma,3.99,10.99,34.99,742725238756,3405,https://www.pricecharting.com/game/gamecube/mission-impossible-operation-surma 
MLB Slugfest 2003,9.99,11.99,29.99,031719198566,3406,https://www.pricecharting.com/game/gamecube/mlb-slugfest-2003 
MLB Slugfest 2004,17.99,29.99,84.99,031719198979,3407,https://www.pricecharting.com/game/gamecube/mlb-slugfest-2004 
MLS ExtraTime 2002,10.99,11.99,39.99,083717400035,3408,https://www.pricecharting.com/game/gamecube/espn-mls-extratime-2002 
Monopoly Party,3.99,4.99,13.99,742725237896,3409,https://www.pricecharting.com/game/gamecube/monopoly-party 
Monster 4x4 Masters of Metal,3.99,13.99,39.99,008888150503,10996,https://www.pricecharting.com/game/gamecube/monster-4x4-masters-of-metal 
Monster House,4.99,11.99,34.99,785138380568,7391,https://www.pricecharting.com/game/gamecube/monster-house 
Monster Jam Maximum Destruction,3.99,15.99,39.99,008888150190,3410,https://www.pricecharting.com/game/gamecube/monster-jam-maximum-destruction 
Monsters Inc,2.99,3.99,19.99,785138380124,3411,https://www.pricecharting.com/game/gamecube/monsters-inc 
Mortal Kombat Deadly Alliance,12.99,19.99,69.99,031719198580,3412,https://www.pricecharting.com/game/gamecube/mortal-kombat-deadly-alliance 
Mortal Kombat Deception,44.99,59.99,159.99,031719191550,3413,https://www.pricecharting.com/game/gamecube/mortal-kombat-deception 
Muppets Party Cruise,12.99,17.99,34.99,739069630186,3414,https://www.pricecharting.com/game/gamecube/muppets-party-cruise 
MVP Baseball 2004,1.99,2.99,15.99,014633147506,3415,https://www.pricecharting.com/game/gamecube/mvp-baseball-2004 
MVP Baseball 2005,7.99,8.99,34.99,014633148916,3416,https://www.pricecharting.com/game/gamecube/mvp-baseball-2005 
MX Superfly,2.99,7.99,19.99,785138380063,3417,https://www.pricecharting.com/game/gamecube/mx-superfly 
Mystic Heroes,14.99,19.99,19.99,040198001182,3418,https://www.pricecharting.com/game/gamecube/mystic-heroes 
Namco Museum,3.99,8.99,29.99,722674021227,3419,https://www.pricecharting.com/game/gamecube/namco-museum 
Namco Museum 50th Anniversary,12.99,17.99,49.99,722674300100,3420,https://www.pricecharting.com/game/gamecube/namco-museum-50th-anniversary 
Naruto Clash of Ninja,3.99,9.99,29.99,053941702014,3421,https://www.pricecharting.com/game/gamecube/naruto-clash-of-ninja 
Naruto Clash of Ninja 2,9.99,11.99,49.99,053941702021,11242,https://www.pricecharting.com/game/gamecube/naruto-clash-of-ninja-2 
NASCAR Chase for the Cup 2005,7.99,8.99,34.99,014633148046,3422,https://www.pricecharting.com/game/gamecube/nascar-chase-for-the-cup-2005 
NASCAR Dirt to Daytona,10.99,13.99,59.99,742725238404,3423,https://www.pricecharting.com/game/gamecube/nascar-dirt-to-daytona 
NASCAR Thunder 2003,3.99,4.99,19.99,014633145281,3424,https://www.pricecharting.com/game/gamecube/nascar-thunder-2003 
NBA 2K2,2.99,3.99,16.99,010086610093,3425,https://www.pricecharting.com/game/gamecube/nba-2k2 
NBA 2K3,2.99,8.99,19.99,010086610154,3426,https://www.pricecharting.com/game/gamecube/nba-2k3 
NBA Courtside 2002,3.99,10.99,214.99,045496960049,3427,https://www.pricecharting.com/game/gamecube/nba-courtside-2002 
NBA Live 2003,2.99,2.99,15.99,014633145380,3428,https://www.pricecharting.com/game/gamecube/nba-live-2003 
NBA Live 2004,2.99,3.99,16.99,014633146646,3429,https://www.pricecharting.com/game/gamecube/nba-live-2004 
NBA Live 2005,2.99,2.99,13.99,014633148077,3430,https://www.pricecharting.com/game/gamecube/nba-live-2005 
NBA Live 2006,2.99,3.99,18.99,014633149524,3431,https://www.pricecharting.com/game/gamecube/nba-live-2006 
NBA Street,10.99,14.99,44.99,014633144437,3432,https://www.pricecharting.com/game/gamecube/nba-street 
NBA Street Vol 2,19.99,24.99,99.99,014633146219,3433,https://www.pricecharting.com/game/gamecube/nba-street-vol-2 
NBA Street Vol 3,18.99,24.99,74.99,014633147605,3434,https://www.pricecharting.com/game/gamecube/nba-street-vol-3 
NCAA College Basketball 2K3,114.99,249.99,624.99,010086610222,3436,https://www.pricecharting.com/game/gamecube/ncaa-college-basketball-2k3 
NCAA Football 2003,2.99,4.99,18.99,014633145311,3437,https://www.pricecharting.com/game/gamecube/ncaa-football-2003 
NCAA Football 2004,3.99,9.99,24.99,014633146424,3438,https://www.pricecharting.com/game/gamecube/ncaa-football-2004 
NCAA Football 2005,10.99,15.99,29.99,014633147742,3439,https://www.pricecharting.com/game/gamecube/ncaa-football-2005 
NCAA Football 2K3,ND,ND,ND,,,https://www.pricecharting.com/game/gamecube/ncaa-football-2k3 
Need for Speed 2 Hot Pursuit,3.99,8.99,34.99,014633145342,3440,https://www.pricecharting.com/game/gamecube/need-for-speed-hot-pursuit-2 
Need for Speed Carbon,10.99,17.99,44.99,014633152708,3441,https://www.pricecharting.com/game/gamecube/need-for-speed-carbon 
Need for Speed Most Wanted,17.99,19.99,59.99,014633148237,3442,https://www.pricecharting.com/game/gamecube/need-for-speed-most-wanted 
Need for Speed Underground,7.99,9.99,44.99,014633147049,3443,https://www.pricecharting.com/game/gamecube/need-for-speed-underground 
Need for Speed Underground 2,13.99,19.99,59.99,014633148459014633353693,3444,https://www.pricecharting.com/game/gamecube/need-for-speed-underground-2 
NFL 2K3,2.99,3.99,19.99,010086610178,3445,https://www.pricecharting.com/game/gamecube/nfl-2k3 
NFL Blitz 2002,4.99,11.99,19.99,031719198528,3192,https://www.pricecharting.com/game/gamecube/nfl-blitz-2002 
NFL Blitz 2003,10.99,12.99,34.99,031719198740,3193,https://www.pricecharting.com/game/gamecube/nfl-blitz-2003 
NFL Blitz Pro,10.99,17.99,34.99,031719198894,3446,https://www.pricecharting.com/game/gamecube/nfl-blitz-pro 
NFL Street 2,24.99,29.99,64.99,014633148794,3447,https://www.pricecharting.com/game/gamecube/nfl-street-2 
NFL Street Football,11.99,18.99,44.99,014633147391,3448,https://www.pricecharting.com/game/gamecube/nfl-street 
NHL 2003,2.99,3.99,19.99,014633145465,3449,https://www.pricecharting.com/game/gamecube/nhl-2003 
NHL 2004,3.99,4.99,24.99,014633147131,3450,https://www.pricecharting.com/game/gamecube/nhl-2004 
NHL 2005,1.99,3.99,14.99,014633147872,3451,https://www.pricecharting.com/game/gamecube/nhl-2005 
NHL 2006,2.99,7.99,18.99,014633149487,3452,https://www.pricecharting.com/game/gamecube/nhl-06 
NHL 2K3,12.99,16.99,34.99,010086610208,3453,https://www.pricecharting.com/game/gamecube/nhl-2k3 
NHL Hitz 2002,3.99,8.99,24.99,031719198450,3454,https://www.pricecharting.com/game/gamecube/nhl-hitz-2002 
NHL Hitz 2003,17.99,24.99,64.99,031719198559,3455,https://www.pricecharting.com/game/gamecube/nhl-hitz-2003 
NHL Hitz Pro,13.99,17.99,39.99,031719191031,3456,https://www.pricecharting.com/game/gamecube/nhl-hitz-pro 
Nickelodeon Party Blast,7.99,11.99,29.99,742725238626,3457,https://www.pricecharting.com/game/gamecube/nickelodeon-party-blast 
Nicktoons Battle for Volcano Island,9.99,12.99,24.99,785138380605,11675,https://www.pricecharting.com/game/gamecube/nicktoons-battle-for-volcano-island 
Nicktoons Unite,9.99,13.99,29.99,785138380391,3458,https://www.pricecharting.com/game/gamecube/nicktoons-unite 
Nightfire,10.99,17.99,49.99,014633145939,3459,https://www.pricecharting.com/game/gamecube/007-nightfire 
Nintendo Gamecube Preview Disc,3.99,9.99,24.99,045496702748045496702731,14102,https://www.pricecharting.com/game/gamecube/nintendo-gamecube-preview-disc 
Odama w/ Microphone,12.99,34.99,49.99,045496963422045496963439,40457,https://www.pricecharting.com/game/gamecube/odama-w-microphone 
One Piece Grand Adventure,24.99,29.99,49.99,722674300179,11529,https://www.pricecharting.com/game/gamecube/one-piece-grand-adventure 
One Piece Grand Battle,12.99,18.99,44.99,045557184087,3461,https://www.pricecharting.com/game/gamecube/one-piece-grand-battle 
One Piece Pirates Carnival,8.99,18.99,44.99,722674300155,11527,https://www.pricecharting.com/game/gamecube/one-piece-pirates-carnival 
Open Season,2.99,3.99,14.99,008888153139,10450,https://www.pricecharting.com/game/gamecube/open-season 
Orange Nintendo Brand Controller,44.99,44.99,134.99,045496950477,3462,https://www.pricecharting.com/game/gamecube/orange-nintendo-brand-controller 
Outlaw Golf,2.99,4.99,19.99,076714525658,3463,https://www.pricecharting.com/game/gamecube/outlaw-golf 
Outlaw Golf / Darkened Skye,13.99,44.99,74.99,076714530867,17617,https://www.pricecharting.com/game/gamecube/outlaw-golf-darkened-skye 
Over the Hedge,4.99,9.99,29.99,047875814554047875815254,3464,https://www.pricecharting.com/game/gamecube/over-the-hedge 
Pac-Man Bundle,11.99,16.99,29.99,722674700429,33246,https://www.pricecharting.com/game/gamecube/pac-man-bundle 
Pac-Man Fever,3.99,10.99,24.99,722674021234,3466,https://www.pricecharting.com/game/gamecube/pac-man-fever 
Pac-Man Vs.,8.99,13.99,29.99,722674300032,32447,https://www.pricecharting.com/game/gamecube/pac-man-vs 
Pac-Man World 2,11.99,15.99,39.99,722674021241,3467,https://www.pricecharting.com/game/gamecube/pac-man-world-2 
Pac-Man World 3,24.99,39.99,59.99,722674300117,3469,https://www.pricecharting.com/game/gamecube/pac-man-world-3 
Pac-Man World Rally,19.99,34.99,69.99,722674300148,11526,https://www.pricecharting.com/game/gamecube/pac-man-world-rally 
Panasonic Q Gamecube Console,784.99,1224.99,3424.99,,31312,https://www.pricecharting.com/game/gamecube/panasonic-q-gamecube-console 
Paper Mario Thousand Year Door,79.99,114.99,344.99,045496962050,3470,https://www.pricecharting.com/game/gamecube/paper-mario-thousand-year-door 
Phantasy Star III Card Revolution,15.99,29.99,49.99,010086610284,3471,https://www.pricecharting.com/game/gamecube/phantasy-star-online-iii-card-revolution 
Phantasy Star Online,ND,ND,ND,,,https://www.pricecharting.com/game/gamecube/phantasy-star-online 
Phantasy Star Online Episode I & II Plus,ND,ND,ND,,,https://www.pricecharting.com/game/gamecube/phantasy-star-online-i-%26-ii-plus 
Piglet's Big Game,3.99,12.99,39.99,710425242427,3474,https://www.pricecharting.com/game/gamecube/piglet's-big-game 
Pikmin,34.99,49.99,239.99,045496960025045496960094,3475,https://www.pricecharting.com/game/gamecube/pikmin 
Pikmin 2,64.99,89.99,274.99,045496961220,3476,https://www.pricecharting.com/game/gamecube/pikmin-2 
Pinball Hall of Fame The Gottlieb Collection,2.99,10.99,16.99,650008599060,3477,https://www.pricecharting.com/game/gamecube/pinball-hall-of-fame-the-gottlieb-collection 
Pitfall The Lost Expedition,12.99,19.99,49.99,047875805576,3478,https://www.pricecharting.com/game/gamecube/pitfall-the-lost-expedition 
Platinum Gamecube System,64.99,109.99,799.99,045496940393045496940409,3479,https://www.pricecharting.com/game/gamecube/platinum-gamecube-system 
Platinum Nintendo Brand Controller,24.99,24.99,79.99,045496950637,3480,https://www.pricecharting.com/game/gamecube/platinum-nintendo-brand-controller 
Platinum Wavebird Wireless Controller,59.99,64.99,254.99,045496950538,3481,https://www.pricecharting.com/game/gamecube/platinum-wavebird-wireless-controller 
P.N. 03,24.99,54.99,99.99,013388200078,3465,https://www.pricecharting.com/game/gamecube/pn-03 
Pokemon Box,594.99,1214.99,2499.99,045496962203,15929,https://www.pricecharting.com/game/gamecube/pokemon-box 
Pokemon Channel,24.99,44.99,264.99,045496961466045496961473,3482,https://www.pricecharting.com/game/gamecube/pokemon-channel 
Pokemon Colosseum,84.99,114.99,299.99,045496961350045496961367,3483,https://www.pricecharting.com/game/gamecube/pokemon-colosseum 
Pokemon Colosseum Bonus Disc,124.99,154.99,379.99,040004455796045496961749,19302,https://www.pricecharting.com/game/gamecube/pokemon-colosseum-bonus-disc 
Pokemon XD,109.99,159.99,824.99,045496963033045496963224045496963040,3484,https://www.pricecharting.com/game/gamecube/pokemon-xd-gale-of-darkness 
Pokemon XD Limited Edition Gamecube Bundle,ND,ND,ND,,,https://www.pricecharting.com/game/gamecube/pokemon-xd-limited-edition-gamecube-bundle 
Pool Paradise,2.99,10.99,29.99,893384000069,3485,https://www.pricecharting.com/game/gamecube/pool-paradise 
Powerpuff Girls Relish Rampage Pickled Edition,15.99,24.99,64.99,682384410097,11440,https://www.pricecharting.com/game/gamecube/powerpuff-girls-relish-rampage-pickled-edition 
Power Rangers Dino Thunder,1.99,3.99,19.99,785138380384,3486,https://www.pricecharting.com/game/gamecube/power-rangers-dino-thunder 
Prince of Persia Sands of Time,3.99,14.99,39.99,008888151593,3487,https://www.pricecharting.com/game/gamecube/prince-of-persia-sands-of-time 
Prince of Persia Two Thrones,3.99,13.99,39.99,008888152828,3488,https://www.pricecharting.com/game/gamecube/prince-of-persia-two-thrones 
Prince of Persia Warrior Within,3.99,11.99,34.99,008888151982,3489,https://www.pricecharting.com/game/gamecube/prince-of-persia-warrior-within 
Pro Rally,11.99,24.99,74.99,008888150206,3490,https://www.pricecharting.com/game/gamecube/pro-rally 
Purple and Clear Controller,29.99,39.99,114.99,,3491,https://www.pricecharting.com/game/gamecube/purple-and-clear-controller 
Puyo Pop Fever,16.99,34.99,69.99,010086610307,3492,https://www.pricecharting.com/game/gamecube/puyo-pop-fever 
Rainbow Six 3,3.99,3.99,19.99,008888150282,3495,https://www.pricecharting.com/game/gamecube/rainbow-six-3 
Rainbow Six 3 Lockdown,2.99,8.99,24.99,008888152057,3496,https://www.pricecharting.com/game/gamecube/rainbow-six-3-lockdown 
Rally Championship,44.99,129.99,379.99,705381805007,3497,https://www.pricecharting.com/game/gamecube/rally-championship 
Rampage Total Destruction,10.99,13.99,59.99,031719191673,3498,https://www.pricecharting.com/game/gamecube/rampage-total-destruction 
Ratatouille,9.99,15.99,44.99,785138380643,3499,https://www.pricecharting.com/game/gamecube/ratatouille 
Rave Master,24.99,39.99,79.99,083717400240,11283,https://www.pricecharting.com/game/gamecube/rave-master 
Rayman 3 Hoodlum Havoc,19.99,29.99,84.99,008888150213,3500,https://www.pricecharting.com/game/gamecube/rayman-3-hoodlum-havoc 
Rayman Arena,8.99,12.99,34.99,008888150022,3501,https://www.pricecharting.com/game/gamecube/rayman-arena 
Red Card Soccer 2003,14.99,29.99,54.99,031719198597,3502,https://www.pricecharting.com/game/gamecube/red-card-2003 
Red Faction II,10.99,15.99,44.99,785138380155,3503,https://www.pricecharting.com/game/gamecube/red-faction-ii 
Reign of Fire,2.99,8.99,12.99,682384410066,3504,https://www.pricecharting.com/game/gamecube/reign-of-fire 
Resident Evil,14.99,19.99,134.99,013388200016,3505,https://www.pricecharting.com/game/gamecube/resident-evil 
Resident Evil 2,74.99,99.99,389.99,013388200030,3506,https://www.pricecharting.com/game/gamecube/resident-evil-2 
Resident Evil 3 Nemesis,59.99,89.99,259.99,013388200047,3507,https://www.pricecharting.com/game/gamecube/resident-evil-3-nemesis 
Resident Evil 4,15.99,29.99,159.99,013388200177,3508,https://www.pricecharting.com/game/gamecube/resident-evil-4 
Resident Evil 4 Gamestop Edition,ND,ND,ND,,,https://www.pricecharting.com/game/gamecube/resident-evil-4-gamestop-edition 
Resident Evil Code Veronica X,94.99,159.99,314.99,013388200092,3510,https://www.pricecharting.com/game/gamecube/resident-evil-code-veronica-x 
Resident Evil Zero,9.99,15.99,99.99,013388200023,3511,https://www.pricecharting.com/game/gamecube/resident-evil-zero 
Ribbit King,109.99,199.99,474.99,045557184063,3512,https://www.pricecharting.com/game/gamecube/ribbit-king 
Roadkill,17.99,24.99,64.99,031719191208,3513,https://www.pricecharting.com/game/gamecube/roadkill 
Road Trip,16.99,24.99,39.99,815315000382,10743,https://www.pricecharting.com/game/gamecube/road-trip 
Robotech Battlecry,8.99,13.99,39.99,739069630032739069000002,3514,https://www.pricecharting.com/game/gamecube/robotech-battlecry 
Robots,3.99,9.99,19.99,020626722377,3515,https://www.pricecharting.com/game/gamecube/robots 
Rocket Power Beach Bandits,7.99,10.99,29.99,785138380070,3516,https://www.pricecharting.com/game/gamecube/rocket-power-beach-bandits 
Rocky,8.99,13.99,39.99,008888150152,3517,https://www.pricecharting.com/game/gamecube/rocky 
Rogue Ops,8.99,12.99,34.99,741648008149,3518,https://www.pricecharting.com/game/gamecube/rogue-ops 
R: Racing Evolution,8.99,19.99,39.99,722674300018,3494,https://www.pricecharting.com/game/gamecube/r-racing-evolution 
Rugrats Royal Ransom,11.99,17.99,49.99,785138380001,3520,https://www.pricecharting.com/game/gamecube/rugrats-royal-ransom 
Samurai Jack Shadow of Aku,44.99,79.99,119.99,010086610338,3521,https://www.pricecharting.com/game/gamecube/samurai-jack-shadow-of-aku 
Scaler,18.99,34.99,89.99,710425245763,11457,https://www.pricecharting.com/game/gamecube/scaler 
Scooby Doo Mystery Mayhem,17.99,19.99,79.99,785138380209,3522,https://www.pricecharting.com/game/gamecube/scooby-doo-mystery-mayhem 
Scooby Doo Night of 100 Frights,15.99,19.99,104.99,785138380087,3523,https://www.pricecharting.com/game/gamecube/scooby-doo-night-of-100-frights 
Scooby Doo Unmasked,13.99,16.99,34.99,785138380407,11674,https://www.pricecharting.com/game/gamecube/scooby-doo-unmasked 
Second Sight,11.99,19.99,44.99,767649400928,3525,https://www.pricecharting.com/game/gamecube/second-sight 
Sega Soccer Slam,12.99,18.99,39.99,010086610048,3526,https://www.pricecharting.com/game/gamecube/sega-soccer-slam 
Serious Sam Next Encounter,24.99,54.99,79.99,710425241505,3527,https://www.pricecharting.com/game/gamecube/serious-sam-next-encounter 
Shadow the Hedgehog,19.99,29.99,134.99,010086610437,3528,https://www.pricecharting.com/game/gamecube/shadow-the-hedgehog 
Shamu's Deep Sea Adventure,ND,ND,ND,,,https://www.pricecharting.com/game/gamecube/shamu%27s-deep-sea-adventure 
Shark Tale,1.99,2.99,18.99,047875807013,3530,https://www.pricecharting.com/game/gamecube/shark-tale 
Shrek 2,8.99,9.99,34.99,047875806054047875807532,3531,https://www.pricecharting.com/game/gamecube/shrek-2 
Shrek Extra Large,8.99,11.99,34.99,739069630018,3532,https://www.pricecharting.com/game/gamecube/shrek-extra-large 
Shrek Smash and Crash Racing,12.99,14.99,39.99,047875752832,11210,https://www.pricecharting.com/game/gamecube/shrek-smash-and-crash-racing 
Shrek Super Party,24.99,39.99,99.99,739069630063,3533,https://www.pricecharting.com/game/gamecube/shrek-super-party 
Shrek Superslam,10.99,15.99,24.99,047875809857,3534,https://www.pricecharting.com/game/gamecube/shrek-superslam 
Skies of Arcadia,104.99,174.99,399.99,010086610185,3537,https://www.pricecharting.com/game/gamecube/skies-of-arcadia-legends 
Smashing Drive,7.99,14.99,24.99,722674021265,3538,https://www.pricecharting.com/game/gamecube/smashing-drive 
Smuggler's Run,3.99,11.99,24.99,710425241260,3539,https://www.pricecharting.com/game/gamecube/smuggler's-run 
Sonic Adventure 2 Battle,29.99,39.99,109.99,010086610079,3540,https://www.pricecharting.com/game/gamecube/sonic-adventure-2-battle 
Sonic Adventure DX,19.99,29.99,119.99,010086610260,3541,https://www.pricecharting.com/game/gamecube/sonic-adventure-dx 
Sonic Gems Collection,34.99,49.99,124.99,010086610444,3542,https://www.pricecharting.com/game/gamecube/sonic-gems-collection 
Sonic Heroes,17.99,24.99,94.99,010086610253,3543,https://www.pricecharting.com/game/gamecube/sonic-heroes 
Sonic Mega Collection,10.99,13.99,44.99,010086610239,3544,https://www.pricecharting.com/game/gamecube/sonic-mega-collection 
Sonic Riders,17.99,24.99,124.99,010086610420,3545,https://www.pricecharting.com/game/gamecube/sonic-riders 
Soul Calibur II,16.99,24.99,104.99,722674021456,3546,https://www.pricecharting.com/game/gamecube/soul-calibur-ii 
Space Raiders,4.99,17.99,29.99,859292000041,3547,https://www.pricecharting.com/game/gamecube/space-raiders 
Spartan Total Warrior,15.99,24.99,39.99,010086610413,3548,https://www.pricecharting.com/game/gamecube/spartan-total-warrior 
Spawn Armageddon,18.99,34.99,74.99,722674300049,3549,https://www.pricecharting.com/game/gamecube/spawn-armageddon 
Speed Kings,14.99,24.99,94.99,021481653042,3550,https://www.pricecharting.com/game/gamecube/speed-kings 
Sphinx and the Cursed Mummy,4.99,12.99,34.99,785138380216,3551,https://www.pricecharting.com/game/gamecube/sphinx-and-the-cursed-mummy 
Spiderman,7.99,12.99,34.99,047875801974047875811096,3552,https://www.pricecharting.com/game/gamecube/spiderman 
Spiderman 2,14.99,19.99,44.99,047875805897,3553,https://www.pricecharting.com/game/gamecube/spiderman-2 
Spirits & Spells,89.99,189.99,374.99,625904340955,11370,https://www.pricecharting.com/game/gamecube/spirits-%26-spells 
Splinter Cell,8.99,12.99,44.99,008888150220,3554,https://www.pricecharting.com/game/gamecube/splinter-cell 
Splinter Cell Chaos Theory,8.99,15.99,34.99,008888152149,3555,https://www.pricecharting.com/game/gamecube/splinter-cell-chaos-theory 
Splinter Cell Chaos Theory Collector's Edition,10.99,49.99,144.99,008888192145,3556,https://www.pricecharting.com/game/gamecube/splinter-cell-chaos-theory-collector's-edition 
Splinter Cell Double Agent,8.99,12.99,29.99,008888152941,13112,https://www.pricecharting.com/game/gamecube/splinter-cell-double-agent 
Splinter Cell Pandora Tomorrow,8.99,12.99,34.99,008888151609,3557,https://www.pricecharting.com/game/gamecube/splinter-cell-pandora-tomorrow 
SpongeBob SquarePants Battle for Bikini Bottom,11.99,19.99,64.99,785138380230,3559,https://www.pricecharting.com/game/gamecube/spongebob-squarepants-battle-for-bikini-bottom 
SpongeBob SquarePants Controller,54.99,84.99,254.99,026616005635,18480,https://www.pricecharting.com/game/gamecube/spongebob-squarepants-controller 
SpongeBob SquarePants Creature from Krusty Krab,9.99,16.99,29.99,785138380612,3560,https://www.pricecharting.com/game/gamecube/spongebob-squarepants-creature-from-krusty-krab 
SpongeBob SquarePants Lights Camera Pants,11.99,14.99,34.99,785138380438,3561,https://www.pricecharting.com/game/gamecube/spongebob-squarepants-lights-camera-pants 
SpongeBob SquarePants Revenge of the Flying Dutchman,15.99,19.99,59.99,785138380094,3558,https://www.pricecharting.com/game/gamecube/spongebob-squarepants-revenge-of-the-flying-dutchman 
SpongeBob SquarePants The Movie,12.99,15.99,54.99,785138380346,3562,https://www.pricecharting.com/game/gamecube/spongebob-squarepants-the-movie 
Spy Hunter,3.99,8.99,24.99,031719198573,3563,https://www.pricecharting.com/game/gamecube/spy-hunter 
Spyro A Heros Tail,12.99,14.99,39.99,020626721875,3564,https://www.pricecharting.com/game/gamecube/spyro-a-hero%27s-tail 
Spyro Enter the Dragonfly,8.99,11.99,54.99,020626718516,3565,https://www.pricecharting.com/game/gamecube/spyro-enter-the-dragonfly 
SSX 3,11.99,14.99,49.99,014633147124,3566,https://www.pricecharting.com/game/gamecube/ssx-3 
SSX On Tour,12.99,19.99,94.99,014633149364,3567,https://www.pricecharting.com/game/gamecube/ssx-on-tour 
SSX Tricky,19.99,24.99,89.99,014633143607,3568,https://www.pricecharting.com/game/gamecube/ssx-tricky 
Star Fox Adventures,19.99,34.99,139.99,045496960063045496960131045496960506,3574,https://www.pricecharting.com/game/gamecube/star-fox-adventures 
Star Fox Assault,34.99,49.99,189.99,045496962074045496962081,3575,https://www.pricecharting.com/game/gamecube/star-fox-assault 
Starsky and Hutch,1.99,3.99,18.99,682384410110,3576,https://www.pricecharting.com/game/gamecube/starsky-and-hutch 
Star Wars Bounty Hunter,14.99,19.99,69.99,023272659585,3569,https://www.pricecharting.com/game/gamecube/star-wars-bounty-hunter 
Star Wars Clone Wars,9.99,13.99,34.99,023272320584,3570,https://www.pricecharting.com/game/gamecube/star-wars-clone-wars 
Star Wars Jedi Outcast,11.99,19.99,54.99,023272954581,3571,https://www.pricecharting.com/game/gamecube/star-wars-jedi-outcast 
Star Wars Rebel Strike,10.99,17.99,44.99,023272662585,3572,https://www.pricecharting.com/game/gamecube/star-wars-rebel-strike 
Star Wars Rebel Strike Preview Disc,8.99,9.99,16.99,023272662592,14192,https://www.pricecharting.com/game/gamecube/star-wars-rebel-strike-preview-disc 
Star Wars Rogue Leader,11.99,14.99,84.99,023272652586,3573,https://www.pricecharting.com/game/gamecube/star-wars-rogue-leader 
Street Hoops,3.99,8.99,24.99,047875804739,3577,https://www.pricecharting.com/game/gamecube/street-hoops 
Street Racing Syndicate,9.99,14.99,54.99,722674300070,3578,https://www.pricecharting.com/game/gamecube/street-racing-syndicate 
Strike Force Bowling,3.99,9.99,24.99,650008599121,3579,https://www.pricecharting.com/game/gamecube/strike-force-bowling 
Summoner: A Goddess Reborn,10.99,34.99,54.99,785138380162,3581,https://www.pricecharting.com/game/gamecube/summoner-a-goddess-reborn 
Sum of All Fears,2.99,10.99,24.99,008888150176,3580,https://www.pricecharting.com/game/gamecube/sum-of-all-fears 
Super Bubble Pop,1.99,3.99,19.99,032264264010,3582,https://www.pricecharting.com/game/gamecube/super-bubble-pop 
Superman Shadow of Apokolips,11.99,19.99,29.99,742725239937,3588,https://www.pricecharting.com/game/gamecube/superman-shadow-of-apokolips 
Super Mario Strikers,59.99,79.99,349.99,045496963255045496963262045496963378,3583,https://www.pricecharting.com/game/gamecube/super-mario-strikers 
Super Mario Sunshine,29.99,39.99,179.99,045496960681045496960698045496960353045496960346,3584,https://www.pricecharting.com/game/gamecube/super-mario-sunshine 
Super Monkey Ball,19.99,24.99,124.99,010086610000,3585,https://www.pricecharting.com/game/gamecube/super-monkey-ball 
Super Monkey Ball 2,19.99,24.99,69.99,010086610123,3586,https://www.pricecharting.com/game/gamecube/super-monkey-ball-2 
Super Monkey Ball Adventure,17.99,19.99,64.99,010086610451,10893,https://www.pricecharting.com/game/gamecube/super-monkey-ball-adventure 
Super Smash Bros. Melee,49.99,64.99,829.99,045496960070045496960148045496963156045496963163,3587,https://www.pricecharting.com/game/gamecube/super-smash-bros-melee 
Surf's Up,2.99,9.99,24.99,008888153559,9905,https://www.pricecharting.com/game/gamecube/surf's-up 
Swingerz Golf,2.99,9.99,29.99,788687400022,3589,https://www.pricecharting.com/game/gamecube/swingerz-golf 
SX Superstar,2.99,9.99,34.99,021481653073,3590,https://www.pricecharting.com/game/gamecube/sx-superstar 
Tak 2 The Staff of Dreams,8.99,9.99,34.99,785138380353,3591,https://www.pricecharting.com/game/gamecube/tak-2-the-staff-of-dreams 
Tak and the Power of JuJu,11.99,15.99,49.99,785138380261,3592,https://www.pricecharting.com/game/gamecube/tak-and-the-power-of-juju 
Tak Great Juju Challenge,3.99,12.99,34.99,785138380414,3593,https://www.pricecharting.com/game/gamecube/tak-great-juju-challenge 
Tales of Symphonia,19.99,34.99,134.99,,3594,https://www.pricecharting.com/game/gamecube/tales-of-symphonia 
Tarzan Untamed,3.99,9.99,29.99,008888150046,3595,https://www.pricecharting.com/game/gamecube/tarzan-untamed 
Taz Wanted,9.99,16.99,29.99,742725237698,3596,https://www.pricecharting.com/game/gamecube/taz-wanted 
Teenage Mutant Ninja Turtles,14.99,24.99,139.99,083717400141,3598,https://www.pricecharting.com/game/gamecube/teenage-mutant-ninja-turtles 
Teenage Mutant Ninja Turtles 2,19.99,29.99,79.99,083717400196,3599,https://www.pricecharting.com/game/gamecube/teenage-mutant-ninja-turtles-2 
Teenage Mutant Ninja Turtles 3 Mutant Nightmare,24.99,49.99,124.99,083717400264,11285,https://www.pricecharting.com/game/gamecube/teenage-mutant-ninja-turtles-3-mutant-nightmare 
Teen Titans,16.99,19.99,74.99,785138380629,3597,https://www.pricecharting.com/game/gamecube/teen-titans 
Terminator 3 Redemption,15.99,19.99,54.99,742725255845,10908,https://www.pricecharting.com/game/gamecube/terminator-3-redemption 
Tetris Worlds,7.99,11.99,34.99,785138380025,3600,https://www.pricecharting.com/game/gamecube/tetris-worlds 
The Hobbit,10.99,18.99,39.99,020626719834,3601,https://www.pricecharting.com/game/gamecube/the-hobbit 
The Hulk,8.99,10.99,49.99,020626718936,3602,https://www.pricecharting.com/game/gamecube/hulk 
The Incredible Hulk Ultimate Destruction,19.99,29.99,39.99,020626723152,3603,https://www.pricecharting.com/game/gamecube/the-incredible-hulk-ultimate-destruction 
The Incredibles,2.99,3.99,19.99,785138380339,3604,https://www.pricecharting.com/game/gamecube/the-incredibles 
The Incredibles Rise of the Underminer,3.99,9.99,19.99,785138380469,3605,https://www.pricecharting.com/game/gamecube/the-incredibles-rise-of-the-underminer 
The Legend of Zelda Collector's Edition,49.99,74.99,294.99,045496961480045496961497,3667,https://www.pricecharting.com/game/gamecube/zelda-collector%27s-edition 
The Polar Express,4.99,11.99,29.99,785138380322,3606,https://www.pricecharting.com/game/gamecube/the-polar-express 
The Scorpion King Rise of the Akkadian,2.99,3.99,19.99,020626714464,3524,https://www.pricecharting.com/game/gamecube/the-scorpion-king-rise-of-the-akkadian 
The Simpsons Hit and Run,44.99,54.99,119.99,020626721103,3535,https://www.pricecharting.com/game/gamecube/the-simpsons-hit-and-run 
The Simpsons Road Rage,29.99,44.99,124.99,014633144253,3536,https://www.pricecharting.com/game/gamecube/the-simpsons-road-rage 
The Sims,7.99,8.99,29.99,014633146257,3607,https://www.pricecharting.com/game/gamecube/the-sims 
The Sims 2,14.99,18.99,69.99,014633151282,3608,https://www.pricecharting.com/game/gamecube/the-sims-2 
The Sims 2: Pets,3.99,9.99,24.99,014633152449,3609,https://www.pricecharting.com/game/gamecube/the-sims-2-pets 
The Sims Bustin Out,7.99,8.99,29.99,014633147254,3610,https://www.pricecharting.com/game/gamecube/the-sims-bustin-out 
The Urbz Sims in the City,12.99,19.99,49.99,014633148558,3611,https://www.pricecharting.com/game/gamecube/the-urbz-sims-in-the-city 
Tiger Woods 2003,2.99,2.99,24.99,014633145892,3612,https://www.pricecharting.com/game/gamecube/tiger-woods-2003 
Tiger Woods 2004,3.99,8.99,24.99,014633146776,3613,https://www.pricecharting.com/game/gamecube/tiger-woods-2004 
Tiger Woods 2005,2.99,3.99,19.99,014633147995,3614,https://www.pricecharting.com/game/gamecube/tiger-woods-2005 
Tiger Woods 2006,2.99,8.99,19.99,014633149272,3615,https://www.pricecharting.com/game/gamecube/tiger-woods-2006 
Time Splitters 2,18.99,24.99,99.99,788687400015,3616,https://www.pricecharting.com/game/gamecube/time-splitters-2 
Time Splitters Future Perfect,59.99,84.99,254.99,014633148640,3617,https://www.pricecharting.com/game/gamecube/time-splitters-future-perfect 
TMNT,9.99,14.99,59.99,008888153412,10998,https://www.pricecharting.com/game/gamecube/tmnt 
TMNT Mutant Melee,29.99,39.99,119.99,083717400233,11282,https://www.pricecharting.com/game/gamecube/tmnt-mutant-melee 
Tom and Jerry War of Whiskers,19.99,29.99,54.99,661204525074,3618,https://www.pricecharting.com/game/gamecube/tom-and-jerry-war-of-whiskers 
Tomb Raider Legend,12.99,19.99,59.99,788687400176,11688,https://www.pricecharting.com/game/gamecube/tomb-raider-legend 
Tonka Rescue Patrol,1.99,9.99,18.99,739069630179,3619,https://www.pricecharting.com/game/gamecube/tonka-rescue-patrol 
Tony Hawk 3,7.99,9.99,89.99,047875801950,3620,https://www.pricecharting.com/game/gamecube/tony-hawk-3 
Tony Hawk 4,4.99,9.99,34.99,047875804074,3621,https://www.pricecharting.com/game/gamecube/tony-hawk-4 
Tony Hawk American Wasteland,10.99,14.99,44.99,047875809499047875813311,3622,https://www.pricecharting.com/game/gamecube/tony-hawk-american-wasteland 
Tony Hawk Underground,9.99,11.99,34.99,047875806436,3623,https://www.pricecharting.com/game/gamecube/tony-hawk-underground 
Tony Hawk Underground 2,12.99,16.99,44.99,047875807358047875808072,3624,https://www.pricecharting.com/game/gamecube/tony-hawk-underground-2 
Top Angler Real Bass Fishing,16.99,29.99,94.99,040000135791,11170,https://www.pricecharting.com/game/gamecube/top-angler 
Top Gun Combat Zones,1.99,2.99,24.99,859292000089091493274788,3625,https://www.pricecharting.com/game/gamecube/top-gun-combat-zones 
Transworld Surf Next Wave,8.99,17.99,44.99,742725238329,7481,https://www.pricecharting.com/game/gamecube/transworld-surf-next-wave 
Trigger Man,3.99,15.99,29.99,650008599114,11400,https://www.pricecharting.com/game/gamecube/trigger-man 
True Crimes New York City,15.99,19.99,54.99,047875810099047875810112,3626,https://www.pricecharting.com/game/gamecube/true-crime-new-york-city 
True Crimes Streets of LA,4.99,10.99,29.99,047875804173,3627,https://www.pricecharting.com/game/gamecube/true-crime-streets-of-la 
Tube Slider,29.99,64.99,329.99,082472900019,3628,https://www.pricecharting.com/game/gamecube/tube-slider 
Turok Evolution,9.99,14.99,39.99,021481652731,3629,https://www.pricecharting.com/game/gamecube/turok-evolution 
Ty the Tasmanian Tiger,8.99,13.99,39.99,014633145427,3630,https://www.pricecharting.com/game/gamecube/ty-the-tasmanian-tiger 
Ty the Tasmanian Tiger 2 Bush Rescue,8.99,11.99,24.99,014633148022,3631,https://www.pricecharting.com/game/gamecube/ty-the-tasmanian-tiger-2-bush-rescue 
Ty the Tasmanian Tiger 3,11.99,24.99,54.99,047875751712,3632,https://www.pricecharting.com/game/gamecube/ty-the-tasmanian-tiger-3 
UFC Throwdown,3.99,7.99,24.99,650008599015,3633,https://www.pricecharting.com/game/gamecube/ufc-throwdown 
Ultimate Muscle,64.99,114.99,289.99,045557184018,3634,https://www.pricecharting.com/game/gamecube/ultimate-muscle-legends-vs-new-generation 
Ultimate Spiderman,29.99,49.99,129.99,047875808973,3635,https://www.pricecharting.com/game/gamecube/ultimate-spiderman 
Universal Studios,8.99,14.99,39.99,741648007081,3636,https://www.pricecharting.com/game/gamecube/universal-studios 
Vexx,10.99,19.99,39.99,021481652762,3637,https://www.pricecharting.com/game/gamecube/vexx 
Viewtiful Joe,19.99,34.99,119.99,013388200085,3638,https://www.pricecharting.com/game/gamecube/viewtiful-joe 
Viewtiful Joe 2,19.99,29.99,54.99,013388200160,3639,https://www.pricecharting.com/game/gamecube/viewtiful-joe-2 
Viewtiful Joe Red Hot Rumble,19.99,44.99,104.99,013388200221,7486,https://www.pricecharting.com/game/gamecube/viewtiful-joe-red-hot-rumble 
Virtua Quest,24.99,54.99,134.99,010086610352,10744,https://www.pricecharting.com/game/gamecube/virtua-quest 
Virtua Striker 2002,17.99,39.99,154.99,010086610062,3640,https://www.pricecharting.com/game/gamecube/virtua-striker-2002 
Wakeboarding Unleashed Featuring Shaun Murray,3.99,11.99,17.99,618870401300,35214,https://www.pricecharting.com/game/gamecube/wakeboarding-unleashed-featuring-shaun-murray 
Wallace and Gromit Project Zoo,10.99,12.99,19.99,682384410080,3641,https://www.pricecharting.com/game/gamecube/wallace-and-gromit-project-zoo 
Wario Ware Mega Party Games,54.99,69.99,189.99,045496961688045496961695,3642,https://www.pricecharting.com/game/gamecube/wario-ware-mega-party-games 
Wario World,59.99,84.99,329.99,045496960407045496960414,3643,https://www.pricecharting.com/game/gamecube/wario-world 
Wavebird Wireless Controller,54.99,69.99,294.99,045496950521,3644,https://www.pricecharting.com/game/gamecube/wavebird-wireless-controller 
Waverace Blue Storm,9.99,18.99,99.99,045496960032045496960100,3645,https://www.pricecharting.com/game/gamecube/wave-race-blue-storm 
Whirl Tour Scooters,2.99,8.99,29.99,020626718851,3646,https://www.pricecharting.com/game/gamecube/whirl-tour 
Winnie the Pooh Rumbly Tumbly Adventure,3.99,10.99,34.99,008888151142,3647,https://www.pricecharting.com/game/gamecube/winnie-the-pooh-rumbly-tumbly-adventure 
World Series of Poker,2.99,2.99,19.99,047875751415,3648,https://www.pricecharting.com/game/gamecube/world-series-of-poker 
Worms 3D,10.99,16.99,34.99,021481653561,3649,https://www.pricecharting.com/game/gamecube/worms-3d 
Worms Blast,3.99,13.99,29.99,008888150138,3650,https://www.pricecharting.com/game/gamecube/worms-blast 
Wreckless Yakuza Missions,2.99,9.99,49.99,047875804098,3651,https://www.pricecharting.com/game/gamecube/wreckless-yakuza-missions 
WTA Tour Tennis,10.99,15.99,64.99,083717400066,3652,https://www.pricecharting.com/game/gamecube/wta-tour-tennis 
WWE Crush Hour,12.99,19.99,29.99,785138380131,3653,https://www.pricecharting.com/game/gamecube/wwe-crush-hour 
WWE Day of Reckoning,13.99,19.99,94.99,785138380315,3654,https://www.pricecharting.com/game/gamecube/wwe-day-of-reckoning 
WWE Day of Reckoning 2,19.99,24.99,79.99,785138380452,3655,https://www.pricecharting.com/game/gamecube/wwe-day-of-reckoning-2 
WWE Wrestlemania X8,9.99,14.99,44.99,785138380056,3656,https://www.pricecharting.com/game/gamecube/wwe-wrestlemania-x8 
WWE Wrestlemania XIX,14.99,19.99,79.99,785138380193,3657,https://www.pricecharting.com/game/gamecube/wwe-wrestlemania-xix 
XGRA,12.99,19.99,39.99,021481653004,3658,https://www.pricecharting.com/game/gamecube/xgra 
XIII,14.99,18.99,59.99,008888150114,3659,https://www.pricecharting.com/game/gamecube/xiii 
X-men Legends,10.99,12.99,34.99,047875805774,3661,https://www.pricecharting.com/game/gamecube/x-men-legends 
X-men Legends 2,13.99,18.99,54.99,047875810419,3662,https://www.pricecharting.com/game/gamecube/x-men-legends-2 
X-men Next Dimension,7.99,10.99,34.99,047875803718,3663,https://www.pricecharting.com/game/gamecube/x-men-next-dimension 
X-Men: The Official Game,3.99,4.99,24.99,047875814356047875815896,3660,https://www.pricecharting.com/game/gamecube/x-men-the-official-game 
X-men Wolverines Revenge,4.99,9.99,34.99,047875804197047875806016,3664,https://www.pricecharting.com/game/gamecube/x2-wolverine%27s-revenge 
Yu-Gi-oh Falsebound Kingdom,13.99,19.99,89.99,083717400158,3665,https://www.pricecharting.com/game/gamecube/yu-gi-oh-falsebound-kingdom 
Zapper,3.99,9.99,24.99,742725238381,3666,https://www.pricecharting.com/game/gamecube/zapper 
Zatch Bell Mamodo Battles,19.99,29.99,89.99,045557184094,11199,https://www.pricecharting.com/game/gamecube/zatch-bell-mamodo-battles 
Zatch Bell Mamodo Fury,24.99,119.99,214.99,722674300162,11528,https://www.pricecharting.com/game/gamecube/zatch-bell-mamodo-fury 
Zelda Four Swords Adventure,ND,ND,ND,,,https://www.pricecharting.com/game/gamecube/zelda-four-swords-adventures-cable-bundle 
Zelda Four Swords Adventure (no cable),54.99,84.99,324.99,045496961862,3668,https://www.pricecharting.com/game/gamecube/zelda-four-swords-adventures 
Zelda Ocarina of Time Master Quest,49.99,69.99,224.99,045496702267045496702311,3669,https://www.pricecharting.com/game/gamecube/zelda-ocarina-of-time-master-quest 
Zelda Twilight Princess,79.99,104.99,514.99,045496963071045496963088,3670,https://www.pricecharting.com/game/gamecube/zelda-twilight-princess 
Zelda Wind Waker,49.99,64.99,364.99,045496960469045496963132045496960476045496960964,3671,https://www.pricecharting.com/game/gamecube/zelda-wind-waker 
Zelda Wind Waker & Ocarina Master Quest Combo,ND,ND,ND,,,https://www.pricecharting.com/game/gamecube/zelda-wind-waker-%26-ocarina-master-quest-combo 
Zoids Battle Legends,39.99,49.99,164.99,742725250345,3672,https://www.pricecharting.com/game/gamecube/zoids-battle-legends 
Zoocube,3.99,9.99,18.99,021481652977,3673,https://www.pricecharting.com/game/gamecube/zoocube 
