1080 Avalanche,4,30,1,http://videogames.pricecharting.com/game/gamecube/1080-avalanche 
16MB 251 Block Memory Card,,,,http://videogames.pricecharting.com/game/gamecube/16mb-251-block-memory-card 
18 Wheeler American Pro Trucker,4,4,0,http://videogames.pricecharting.com/game/gamecube/18-wheeler-american-pro-trucker 
4MB 59 Block Memory Card,,,,http://videogames.pricecharting.com/game/gamecube/4mb-59-block-memory-card 
4x4 EVO 2,2,4,0,http://videogames.pricecharting.com/game/gamecube/4x4-evo-2 
64MB 1019 Block Memory Card,,,,http://videogames.pricecharting.com/game/gamecube/64mb-1019-block-memory-card 
Action Replay Ultimate Codes,1,0,0,http://videogames.pricecharting.com/game/gamecube/action-replay-ultimate-codes 
Action Replay w/ CD,,,,http://videogames.pricecharting.com/game/gamecube/action-replay-w-cd 
Agent Under Fire,,,,http://videogames.pricecharting.com/game/gamecube/agent-under-fire 
Aggressive Inline,1,2,0,http://videogames.pricecharting.com/game/gamecube/aggressive-inline 
Alien Hominid,4,12,1,http://videogames.pricecharting.com/game/gamecube/alien-hominid 
All-Star Baseball 2002,2,1,0,http://videogames.pricecharting.com/game/gamecube/all-star-baseball-2002 
All-Star Baseball 2003,1,1,0,http://videogames.pricecharting.com/game/gamecube/all-star-baseball-2003 
All-Star Baseball 2004,1,1,0,http://videogames.pricecharting.com/game/gamecube/all-star-baseball-2004 
Amazing Island,4,8,0,http://videogames.pricecharting.com/game/gamecube/amazing-island 
American Chopper 2 Full Throttle,1,1,0,http://videogames.pricecharting.com/game/gamecube/american-chopper-2-full-throttle 
American Idol,,,,http://videogames.pricecharting.com/game/gamecube/american-idol 
Animal Crossing,60,180,4,http://videogames.pricecharting.com/game/gamecube/animal-crossing 
Animaniacs The Great Edgar Hunt,1,4,0,http://videogames.pricecharting.com/game/gamecube/animaniacs-the-great-edgar-hunt 
Ant Bully,1,1,0,http://videogames.pricecharting.com/game/gamecube/ant-bully 
Aquaman,1,1,0,http://videogames.pricecharting.com/game/gamecube/aquaman 
Army Men Air Combat Elite Missions,1,1,0,http://videogames.pricecharting.com/game/gamecube/army-men-air-combat-elite-missions 
Army Men RTS,4,8,1,http://videogames.pricecharting.com/game/gamecube/army-men-rts 
Army Men Sarge's War,4,8,0,http://videogames.pricecharting.com/game/gamecube/army-men-sarge's-war 
ATV Quad Power Racing 2,4,8,0,http://videogames.pricecharting.com/game/gamecube/atv-quad-power-racing-2 
Auto Modellista,1,4,0,http://videogames.pricecharting.com/game/gamecube/auto-modellista 
Avatar the Last Airbender,4,4,1,http://videogames.pricecharting.com/game/gamecube/avatar-the-last-airbender 
Backyard Baseball,4,8,0,http://videogames.pricecharting.com/game/gamecube/backyard-baseball 
Backyard Baseball 2007,1,1,0,http://videogames.pricecharting.com/game/gamecube/backyard-baseball-2007 
Backyard Basketball 2007,,,,http://videogames.pricecharting.com/game/gamecube/backyard-basketball-2007 
Backyard Football,4,4,0,http://videogames.pricecharting.com/game/gamecube/backyard-football 
Bad Boys Miami Takedown,1,1,0,http://videogames.pricecharting.com/game/gamecube/bad-boys-miami-takedown 
Baldur's Gate Dark Alliance,4,30,0,http://videogames.pricecharting.com/game/gamecube/baldur's-gate-dark-alliance 
Barbarian,,,,http://videogames.pricecharting.com/game/gamecube/barbarian 
Barbie Treasures in Time,,,,http://videogames.pricecharting.com/game/gamecube/barbie-treasures-in-time 
Barnyard,4,8,1,http://videogames.pricecharting.com/game/gamecube/barnyard 
Baten Kaitos,4,60,4,http://videogames.pricecharting.com/game/gamecube/baten-kaitos 
Baten Kaitos Origins,4,30,4,http://videogames.pricecharting.com/game/gamecube/baten-kaitos-origins 
Batman Begins,4,8,1,http://videogames.pricecharting.com/game/gamecube/batman-begins 
Batman Dark Tomorrow,4,4,0,http://videogames.pricecharting.com/game/gamecube/batman-dark-tomorrow 
Batman Rise of Sin Tzu,4,8,1,http://videogames.pricecharting.com/game/gamecube/batman-rise-of-sin-tzu 
Batman Vengeance,4,8,0,http://videogames.pricecharting.com/game/gamecube/batman-vengeance 
Battalion Wars,4,30,4,http://videogames.pricecharting.com/game/gamecube/battalion-wars 
BattleBots,,,,http://videogames.pricecharting.com/game/gamecube/battlebots 
Beach Spikers,4,8,0,http://videogames.pricecharting.com/game/gamecube/beach-spikers 
Beyblade V Force,4,4,0,http://videogames.pricecharting.com/game/gamecube/beyblade-v-force 
Beyond Good and Evil,4,30,0,http://videogames.pricecharting.com/game/gamecube/beyond-good-and-evil 
Big Air Freestyle,1,1,0,http://videogames.pricecharting.com/game/gamecube/big-air-freestyle 
Big Mutha Truckers,2,4,0,http://videogames.pricecharting.com/game/gamecube/big-mutha-truckers 
Billy Hatcher and The Giant Egg,12,30,1,http://videogames.pricecharting.com/game/gamecube/billy-hatcher-and-the-giant-egg 
Bionicle,4,4,0,http://videogames.pricecharting.com/game/gamecube/bionicle 
Bionicle Heroes,2,2,0,http://videogames.pricecharting.com/game/gamecube/bionicle-heroes 
Black and Bruised,1,1,0,http://videogames.pricecharting.com/game/gamecube/black-and-bruised 
Black GameCube System,4,12,0,http://videogames.pricecharting.com/game/gamecube/black-gamecube-system 
Black Nintendo Brand Controller,,,,http://videogames.pricecharting.com/game/gamecube/black-nintendo-brand-controller 
Blood Omen 2,2,4,1,http://videogames.pricecharting.com/game/gamecube/blood-omen-2 
Bloodrayne,4,4,1,http://videogames.pricecharting.com/game/gamecube/bloodrayne 
Bloody Roar Primal Fury,4,12,0,http://videogames.pricecharting.com/game/gamecube/bloody-roar-primal-fury 
Blowout,1,1,0,http://videogames.pricecharting.com/game/gamecube/blowout 
BMX XXX,4,4,1,http://videogames.pricecharting.com/game/gamecube/bmx-xxx 
Bomberman Generation,4,30,0,http://videogames.pricecharting.com/game/gamecube/bomberman-generation 
Bomberman Jetters,4,8,1,http://videogames.pricecharting.com/game/gamecube/bomberman-jetters 
Bratz Forever Diamondz,4,8,1,http://videogames.pricecharting.com/game/gamecube/bratz-forever-diamondz 
Bratz Formal Funk,,,,http://videogames.pricecharting.com/game/gamecube/bratz-formal-funk 
Bratz Rock Angelz,4,8,0,http://videogames.pricecharting.com/game/gamecube/bratz-rock-angelz 
Buffy the Vampire Slayer Chaos Bleeds,4,4,0,http://videogames.pricecharting.com/game/gamecube/buffy-the-vampire-slayer-chaos-bleeds 
Burnout,4,12,0,http://videogames.pricecharting.com/game/gamecube/burnout 
Burnout 2 Point of Impact,4,4,0,http://videogames.pricecharting.com/game/gamecube/burnout-2-point-of-impact 
Bust-A-Move 3000,1,1,0,http://videogames.pricecharting.com/game/gamecube/bust-a-move-3000 
Butt Ugly Martians Zoom or Doom,0,0,0,http://videogames.pricecharting.com/game/gamecube/butt-ugly-martians-zoom-or-doom 
Cabela's Big Game Hunter 2005 Adventures,2,1,0,http://videogames.pricecharting.com/game/gamecube/cabela's-big-game-hunter-2005-adventures 
Cabela's Dangerous Hunts 2,1,1,0,http://videogames.pricecharting.com/game/gamecube/cabela's-dangerous-hunts-2 
Cabela's Outdoor Adventures,2,2,0,http://videogames.pricecharting.com/game/gamecube/cabela's-outdoor-adventures 
Call of Duty 2 Big Red One,4,8,0,http://videogames.pricecharting.com/game/gamecube/call-of-duty-2-big-red-one 
Call of Duty Finest Hour,4,8,0,http://videogames.pricecharting.com/game/gamecube/call-of-duty-finest-hour 
Capcom vs SNK 2,4,12,0,http://videogames.pricecharting.com/game/gamecube/capcom-vs-snk-2 
Carmen Sandiego The Secret of the Stolen Drums,1,1,0,http://videogames.pricecharting.com/game/gamecube/carmen-sandiego-the-secret-of-the-stolen-drums 
Cars,4,12,1,http://videogames.pricecharting.com/game/gamecube/cars 
Casper Spirit Dimensions,2,1,0,http://videogames.pricecharting.com/game/gamecube/casper-spirit-dimensions 
Catwoman,1,2,0,http://videogames.pricecharting.com/game/gamecube/catwoman 
Cel Damage,4,4,0,http://videogames.pricecharting.com/game/gamecube/cel-damage 
Chaos Field,4,8,1,http://videogames.pricecharting.com/game/gamecube/chaos-field 
Charlie and the Chocolate Factory,4,4,0,http://videogames.pricecharting.com/game/gamecube/charlie-and-the-chocolate-factory 
Charlie's Angels,1,1,0,http://videogames.pricecharting.com/game/gamecube/charlie's-angels 
Chibi Robo,8,30,2,http://videogames.pricecharting.com/game/gamecube/chibi-robo 
Chicken Little,4,4,0,http://videogames.pricecharting.com/game/gamecube/chicken-little 
Chronicles of Narnia Lion Witch and the Wardrobe,4,4,1,http://videogames.pricecharting.com/game/gamecube/chronicles-of-narnia-lion-witch-and-the-wardrobe 
City Racer,1,1,0,http://videogames.pricecharting.com/game/gamecube/city-racer 
Codename Kids Next Door Operation VIDEOGAME,4,1,0,http://videogames.pricecharting.com/game/gamecube/codename-kids-next-door-operation-videogame 
Component Video Cables,,,,http://videogames.pricecharting.com/game/gamecube/component-video-cables 
Conflict Desert Storm,2,4,0,http://videogames.pricecharting.com/game/gamecube/conflict-desert-storm 
Conflict Desert Storm 2,2,1,0,http://videogames.pricecharting.com/game/gamecube/conflict-desert-storm-2 
Crash Bandicoot Wrath Cortex,,,,http://videogames.pricecharting.com/game/gamecube/crash-bandicoot-wrath-cortex 
Crash Nitro Kart,4,30,0,http://videogames.pricecharting.com/game/gamecube/crash-nitro-kart 
Crash Tag Team Racing,4,12,0,http://videogames.pricecharting.com/game/gamecube/crash-tag-team-racing 
Crazy Taxi,4,30,0,http://videogames.pricecharting.com/game/gamecube/crazy-taxi 
Crouching Tiger Hidden Dragon,,,,http://videogames.pricecharting.com/game/gamecube/crouching-tiger-hidden-dragon 
Crushed Baseball 2004,,,,http://videogames.pricecharting.com/game/gamecube/crushed-baseball-2004 
Cubivore,4,12,0,http://videogames.pricecharting.com/game/gamecube/cubivore 
Cubix Robots For Everyone Showdown,1,1,0,http://videogames.pricecharting.com/game/gamecube/cubix-robots-for-everyone-showdown 
Curious George,2,4,0,http://videogames.pricecharting.com/game/gamecube/curious-george 
Custom Robo,8,30,1,http://videogames.pricecharting.com/game/gamecube/custom-robo 
Dakar 2 Rally,1,1,0,http://videogames.pricecharting.com/game/gamecube/dakar-2-rally 
Dance Dance Revolution Mario Mix,8,30,1,http://videogames.pricecharting.com/game/gamecube/dance-dance-revolution-mario-mix 
Darkened Skye,1,4,0,http://videogames.pricecharting.com/game/gamecube/darkened-skye 
Dark Summit,1,1,0,http://videogames.pricecharting.com/game/gamecube/dark-summit 
Dave Mirra Freestyle BMX 2,4,4,0,http://videogames.pricecharting.com/game/gamecube/dave-mirra-freestyle-bmx-2 
Dead to Rights,4,4,1,http://videogames.pricecharting.com/game/gamecube/dead-to-rights 
Defender,2,4,0,http://videogames.pricecharting.com/game/gamecube/defender 
Def Jam Fight for New York,8,12,0,http://videogames.pricecharting.com/game/gamecube/def-jam-fight-for-new-york 
Def Jam Vendetta,4,12,0,http://videogames.pricecharting.com/game/gamecube/def-jam-vendetta 
Die Hard Vendetta,2,4,1,http://videogames.pricecharting.com/game/gamecube/die-hard-vendetta 
Digimon Rumble Arena 2,4,4,0,http://videogames.pricecharting.com/game/gamecube/digimon-rumble-arena-2 
Digimon World 4,4,8,0,http://videogames.pricecharting.com/game/gamecube/digimon-world-4 
Dinotopia The Sunstone Odyssey,1,1,0,http://videogames.pricecharting.com/game/gamecube/dinotopia-the-sunstone-odyssey 
Disney Party,4,4,0,http://videogames.pricecharting.com/game/gamecube/disney-party 
Disney's Extreme Skate Adventure,4,8,0,http://videogames.pricecharting.com/game/gamecube/disney's-extreme-skate-adventure 
Disney's Hide and Sneak,1,1,0,http://videogames.pricecharting.com/game/gamecube/disney's-hide-and-sneak 
Disney's PK Out of the Shadows,2,4,0,http://videogames.pricecharting.com/game/gamecube/disney's-pk-out-of-the-shadows 
Disney Sports Basketball,1,1,,http://videogames.pricecharting.com/game/gamecube/disney-sports-basketball 
Disney Sports Football,2,1,,http://videogames.pricecharting.com/game/gamecube/disney-sports-football 
Disney Sports Skateboarding,1,4,0,http://videogames.pricecharting.com/game/gamecube/disney-sports-skateboarding 
Disney Sports Soccer,1,1,0,http://videogames.pricecharting.com/game/gamecube/disney-sports-soccer 
Donald Duck Going Quackers,4,4,0,http://videogames.pricecharting.com/game/gamecube/donald-duck-going-quackers 
Donkey Konga 2,4,30,1,http://videogames.pricecharting.com/game/gamecube/donkey-konga-2 
Donkey Konga 2 w/ Bongo,4,1,1,http://videogames.pricecharting.com/game/gamecube/donkey-konga-2-w-bongo 
Donkey Konga (Game only),8,12,0,http://videogames.pricecharting.com/game/gamecube/donkey-konga-(game-only) 
Donkey Konga w/ Bongo,4,4,1,http://videogames.pricecharting.com/game/gamecube/donkey-konga-w-bongo 
Donkey Kong Jungle Beat,8,30,4,http://videogames.pricecharting.com/game/gamecube/donkey-kong-jungle-beat 
Donkey Kong Jungle Beat w/ Bongos,12,2,,http://videogames.pricecharting.com/game/gamecube/donkey-kong-jungle-beat-w-bongos 
Dora the Explorer Journey to the Purple Planet,2,2,1,http://videogames.pricecharting.com/game/gamecube/dora-the-explorer-journey-to-the-purple-planet 
Dragon Ball Z Budokai,8,30,1,http://videogames.pricecharting.com/game/gamecube/dragon-ball-z-budokai 
Dragon Ball Z Budokai 2,4,12,1,http://videogames.pricecharting.com/game/gamecube/dragon-ball-z-budokai-2 
Dragon Ball Z Sagas,4,12,0,http://videogames.pricecharting.com/game/gamecube/dragon-ball-z-sagas 
Dragon's Lair 3D,4,8,0,http://videogames.pricecharting.com/game/gamecube/dragon's-lair-3d 
Driven,1,2,0,http://videogames.pricecharting.com/game/gamecube/driven 
Dr. Muto,2,4,0,http://videogames.pricecharting.com/game/gamecube/dr-muto 
Drome Racers,1,1,0,http://videogames.pricecharting.com/game/gamecube/drome-racers 
Ed Edd N Eddy Mis-Edventures,4,12,1,http://videogames.pricecharting.com/game/gamecube/ed-edd-n-eddy-mis-edventures 
Egg Mania,1,1,0,http://videogames.pricecharting.com/game/gamecube/egg-mania 
Enter the Matrix,4,12,1,http://videogames.pricecharting.com/game/gamecube/enter-the-matrix 
ESPN Winter Sports 2002,1,1,0,http://videogames.pricecharting.com/game/gamecube/espn-winter-sports-2002 
Eternal Darkness,30,90,2,http://videogames.pricecharting.com/game/gamecube/eternal-darkness 
Ethernet Adaptor,,,,http://videogames.pricecharting.com/game/gamecube/ethernet-adaptor 
ET The Search for Dragora,,,,http://videogames.pricecharting.com/game/gamecube/et-the-search-for-dragora 
Everything or Nothing,,,,http://videogames.pricecharting.com/game/gamecube/everything-or-nothing 
Evolution Skateboarding,0,0,0,http://videogames.pricecharting.com/game/gamecube/evolution-skateboarding 
Evolution Snowboarding,0,0,0,http://videogames.pricecharting.com/game/gamecube/evolution-snowboarding 
Evolution Worlds,4,12,1,http://videogames.pricecharting.com/game/gamecube/evolution-worlds 
Extreme G 3 XG3,4,4,0,http://videogames.pricecharting.com/game/gamecube/extreme-g-3-xg3 
F1 2002,1,1,0,http://videogames.pricecharting.com/game/gamecube/f1-2002 
Fairly Odd Parents: Breakin' Da Rules,4,8,0,http://videogames.pricecharting.com/game/gamecube/fairly-odd-parents-breakin'-da-rules 
Fairly Odd Parents Shadow Showdown,4,4,0,http://videogames.pricecharting.com/game/gamecube/fairly-odd-parents-shadow-showdown 
Fantastic 4,4,4,0,http://videogames.pricecharting.com/game/gamecube/fantastic-4 
FIFA 2002,1,1,0,http://videogames.pricecharting.com/game/gamecube/fifa-2002 
FIFA 2002 World Cup,1,1,0,http://videogames.pricecharting.com/game/gamecube/fifa-2002-world-cup 
FIFA 2003,1,1,,http://videogames.pricecharting.com/game/gamecube/fifa-2003 
FIFA 2004,1,1,0,http://videogames.pricecharting.com/game/gamecube/fifa-2004 
FIFA 2005,1,1,0,http://videogames.pricecharting.com/game/gamecube/fifa-2005 
FIFA 2006,,,,http://videogames.pricecharting.com/game/gamecube/fifa-2006 
FIFA 2007,,,,http://videogames.pricecharting.com/game/gamecube/fifa-2007 
FIFA Street,4,4,0,http://videogames.pricecharting.com/game/gamecube/fifa-street 
FIFA Street 2,4,4,0,http://videogames.pricecharting.com/game/gamecube/fifa-street-2 
FIFA World Cup 2006 Germany,2,1,0,http://videogames.pricecharting.com/game/gamecube/fifa-world-cup-2006-germany 
Fight Night Round 2,4,8,0,http://videogames.pricecharting.com/game/gamecube/fight-night-round-2 
Final Fantasy Crystal Chronicles,8,60,4,http://videogames.pricecharting.com/game/gamecube/final-fantasy-crystal-chronicles 
Finding Nemo,4,30,0,http://videogames.pricecharting.com/game/gamecube/finding-nemo 
Fire Blade,1,1,0,http://videogames.pricecharting.com/game/gamecube/fire-blade 
Fire Emblem Path of Radiance,30,60,4,http://videogames.pricecharting.com/game/gamecube/fire-emblem-path-of-radiance 
Flushed Away,2,4,0,http://videogames.pricecharting.com/game/gamecube/flushed-away 
Freaky Flyers,1,2,0,http://videogames.pricecharting.com/game/gamecube/freaky-flyers 
Freedom Fighters,2,8,0,http://videogames.pricecharting.com/game/gamecube/freedom-fighters 
Freekstyle,2,4,0,http://videogames.pricecharting.com/game/gamecube/freekstyle 
Freestyle Metal X,1,1,0,http://videogames.pricecharting.com/game/gamecube/freestyle-metal-x 
Freestyle Street Soccer,1,1,,http://videogames.pricecharting.com/game/gamecube/freestyle-street-soccer 
Frogger Ancient Shadow,2,2,0,http://videogames.pricecharting.com/game/gamecube/frogger-ancient-shadow 
Frogger Beyond,4,8,0,http://videogames.pricecharting.com/game/gamecube/frogger-beyond 
Froggers Adventures The Rescue,2,4,0,http://videogames.pricecharting.com/game/gamecube/froggers-adventures-the-rescue 
From Russia With Love,,,,http://videogames.pricecharting.com/game/gamecube/from-russia-with-love 
Future Tactics,1,1,0,http://videogames.pricecharting.com/game/gamecube/future-tactics 
F-Zero GX,30,120,1,http://videogames.pricecharting.com/game/gamecube/f-zero-gx 
Galidor Defenders of the Outer Dimension,1,0,0,http://videogames.pricecharting.com/game/gamecube/galidor-defenders-of-the-outer-dimension 
Galleon Islands of Mystery,,,,http://videogames.pricecharting.com/game/gamecube/galleon-islands-of-mystery 
Gameboy Player w/ Startup Disc,,,,http://videogames.pricecharting.com/game/gamecube/gameboy-player-w-startup-disc 
Gamecube 5 inch LCD Screen,,,,http://videogames.pricecharting.com/game/gamecube/gamecube-5-inch-lcd-screen 
Gamecube AV Cable,,,,http://videogames.pricecharting.com/game/gamecube/gamecube-av-cable 
Gamecube to Gameboy Advanced Link Cable,0,,,http://videogames.pricecharting.com/game/gamecube/gamecube-to-gameboy-advanced-link-cable 
Gauntlet Dark Legacy,8,30,1,http://videogames.pricecharting.com/game/gamecube/gauntlet-dark-legacy 
Geist,4,30,2,http://videogames.pricecharting.com/game/gamecube/geist 
Ghost Recon,4,4,0,http://videogames.pricecharting.com/game/gamecube/ghost-recon 
Ghost Recon 2,1,2,0,http://videogames.pricecharting.com/game/gamecube/ghost-recon-2 
Gladius,4,8,0,http://videogames.pricecharting.com/game/gamecube/gladius 
Goblin Commander,4,4,0,http://videogames.pricecharting.com/game/gamecube/goblin-commander 
Godzilla Destroy All Monsters Melee,8,30,0,http://videogames.pricecharting.com/game/gamecube/godzilla-destroy-all-monsters-melee 
Go Go Hypergrind,4,4,0,http://videogames.pricecharting.com/game/gamecube/go-go-hypergrind 
Goldeneye Rogue Agent,,,,http://videogames.pricecharting.com/game/gamecube/goldeneye-rogue-agent 
Gotcha Force,4,8,0,http://videogames.pricecharting.com/game/gamecube/gotcha-force 
Gravity Games Bike Street Vert Dirt,,,,http://videogames.pricecharting.com/game/gamecube/gravity-games-bike-street-vert-dirt 
Grim Adventures of Billy & Mandy,4,4,0,http://videogames.pricecharting.com/game/gamecube/grim-adventures-of-billy-%26-mandy 
Grooverider Slot Car Thunder,1,0,0,http://videogames.pricecharting.com/game/gamecube/grooverider-slot-car-thunder 
Gun,4,12,1,http://videogames.pricecharting.com/game/gamecube/gun 
Happy Feet,2,4,0,http://videogames.pricecharting.com/game/gamecube/happy-feet 
Harry Potter Chamber of Secrets,4,30,1,http://videogames.pricecharting.com/game/gamecube/harry-potter-chamber-of-secrets 
Harry Potter Goblet of Fire,4,12,1,http://videogames.pricecharting.com/game/gamecube/harry-potter-goblet-of-fire 
Harry Potter Prisoner of Azkaban,4,12,0,http://videogames.pricecharting.com/game/gamecube/harry-potter-prisoner-of-azkaban 
Harry Potter Quidditch World Cup,4,30,1,http://videogames.pricecharting.com/game/gamecube/harry-potter-quidditch-world-cup 
Harry Potter Sorcerers Stone,4,30,0,http://videogames.pricecharting.com/game/gamecube/harry-potter-sorcerers-stone 
Harvest Moon Another Wonderful Life,4,30,1,http://videogames.pricecharting.com/game/gamecube/harvest-moon-another-wonderful-life 
Harvest Moon A Wonderful Life,30,60,2,http://videogames.pricecharting.com/game/gamecube/harvest-moon-a-wonderful-life 
Harvest Moon Magical Melody,8,30,2,http://videogames.pricecharting.com/game/gamecube/harvest-moon-magical-melody 
Haunted Mansion,4,8,0,http://videogames.pricecharting.com/game/gamecube/haunted-mansion 
Haven Call of the King,1,2,1,http://videogames.pricecharting.com/game/gamecube/haven-call-of-the-king 
Hello Kitty Roller Rescue,4,4,0,http://videogames.pricecharting.com/game/gamecube/hello-kitty-roller-rescue 
He-Man Defender of Grayskull,,,,http://videogames.pricecharting.com/game/gamecube/he-man-defender-of-grayskull 
High Heat Baseball 2004,,,,http://videogames.pricecharting.com/game/gamecube/high-heat-baseball-2004 
Hitman 2,4,4,0,http://videogames.pricecharting.com/game/gamecube/hitman-2 
Home Run King,1,1,0,http://videogames.pricecharting.com/game/gamecube/home-run-king 
Hot Wheels Velocity X,2,4,0,http://videogames.pricecharting.com/game/gamecube/hot-wheels-velocity-x 
Hot Wheels World Race,2,4,0,http://videogames.pricecharting.com/game/gamecube/hot-wheels-world-race 
Hunter the Reckoning,4,8,0,http://videogames.pricecharting.com/game/gamecube/hunter-the-reckoning 
Ice Age 2 The Meltdown,4,4,0,http://videogames.pricecharting.com/game/gamecube/ice-age-2-the-meltdown 
Ikaruga,4,30,1,http://videogames.pricecharting.com/game/gamecube/ikaruga 
Indigo GameCube System,4,8,0,http://videogames.pricecharting.com/game/gamecube/indigo-gamecube-system 
Indigo Nintendo Brand Controller,,,,http://videogames.pricecharting.com/game/gamecube/indigo-nintendo-brand-controller 
I-Ninja,4,8,0,http://videogames.pricecharting.com/game/gamecube/i-ninja 
Intellivision Lives,1,4,0,http://videogames.pricecharting.com/game/gamecube/intellivision-lives 
Italian Job,1,1,0,http://videogames.pricecharting.com/game/gamecube/italian-job 
Jacked,,,,http://videogames.pricecharting.com/game/gamecube/jacked 
Jane's Attack Squadron,,,,http://videogames.pricecharting.com/game/gamecube/jane's-attack-squadron 
Jeremy McGrath Supercross World,2,2,0,http://videogames.pricecharting.com/game/gamecube/jeremy-mcgrath-supercross-world 
Jimmy Neutron Attack of the Twonkies,4,4,0,http://videogames.pricecharting.com/game/gamecube/jimmy-neutron-attack-of-the-twonkies 
Jimmy Neutron Boy Genius,4,4,0,http://videogames.pricecharting.com/game/gamecube/jimmy-neutron-boy-genius 
Jimmy Neutron Jet Fusion,4,2,0,http://videogames.pricecharting.com/game/gamecube/jimmy-neutron-jet-fusion 
Judge Dredd Dredd vs Death,1,2,0,http://videogames.pricecharting.com/game/gamecube/judge-dredd-dredd-vs-death 
Kao the Kangaroo Round 2,1,2,0,http://videogames.pricecharting.com/game/gamecube/kao-the-kangaroo-round-2 
Karaoke Revolution Party w/ Microphone,1,0,0,http://videogames.pricecharting.com/game/gamecube/karaoke-revolution-party-w-microphone 
Kelly Slater's Pro Surfer,1,2,0,http://videogames.pricecharting.com/game/gamecube/kelly-slater's-pro-surfer 
Killer 7,4,30,4,http://videogames.pricecharting.com/game/gamecube/killer-7 
King Arthur,1,1,0,http://videogames.pricecharting.com/game/gamecube/king-arthur 
King Kong the Movie,4,4,0,http://videogames.pricecharting.com/game/gamecube/king-kong-the-movie 
Kirby Air Ride,60,90,1,http://videogames.pricecharting.com/game/gamecube/kirby-air-ride 
Knockout Kings 2003,2,1,0,http://videogames.pricecharting.com/game/gamecube/knockout-kings-2003 
Legend of Spyro A New Beginning,4,12,1,http://videogames.pricecharting.com/game/gamecube/legend-of-spyro-a-new-beginning 
Legends of Wrestling,2,4,0,http://videogames.pricecharting.com/game/gamecube/legends-of-wrestling 
Legends of Wrestling II,2,4,0,http://videogames.pricecharting.com/game/gamecube/legends-of-wrestling-ii 
LEGO Star Wars,4,30,1,http://videogames.pricecharting.com/game/gamecube/lego-star-wars 
LEGO Star Wars II Original Trilogy,4,30,1,http://videogames.pricecharting.com/game/gamecube/lego-star-wars-ii-original-trilogy 
Lemony Snicket's A Series of Unfortunate Events,4,4,0,http://videogames.pricecharting.com/game/gamecube/lemony-snicket's-a-series-of-unfortunate-events 
Looney Tunes Back in Action,4,4,0,http://videogames.pricecharting.com/game/gamecube/looney-tunes-back-in-action 
Lord of the Rings Return of King,,,,http://videogames.pricecharting.com/game/gamecube/lord-of-the-rings-return-of-king 
Lord of the Rings Third Age,4,30,0,http://videogames.pricecharting.com/game/gamecube/lord-of-the-rings-third-age 
Lord of the Rings Two Towers,4,30,1,http://videogames.pricecharting.com/game/gamecube/lord-of-the-rings-two-towers 
Lost Kingdoms,4,30,0,http://videogames.pricecharting.com/game/gamecube/lost-kingdoms 
Lost Kingdoms II,4,12,0,http://videogames.pricecharting.com/game/gamecube/lost-kingdoms-ii 
Lotus Challenge,1,1,0,http://videogames.pricecharting.com/game/gamecube/lotus-challenge 
Luigi's Mansion,120,360,4,http://videogames.pricecharting.com/game/gamecube/luigi's-mansion 
Madagascar,4,12,0,http://videogames.pricecharting.com/game/gamecube/madagascar 
Madden 2002,2,4,0,http://videogames.pricecharting.com/game/gamecube/madden-2002 
Madden 2003 Football,,,,http://videogames.pricecharting.com/game/gamecube/madden-2003-football 
Madden 2004,4,4,0,http://videogames.pricecharting.com/game/gamecube/madden-2004 
Madden 2005,4,4,0,http://videogames.pricecharting.com/game/gamecube/madden-2005 
Madden 2006,2,4,1,http://videogames.pricecharting.com/game/gamecube/madden-2006 
Madden 2007,4,4,1,http://videogames.pricecharting.com/game/gamecube/madden-2007 
Madden 2008,4,4,1,http://videogames.pricecharting.com/game/gamecube/madden-2008 
Major League Baseball 2K6,2,1,0,http://videogames.pricecharting.com/game/gamecube/major-league-baseball-2k6 
Mario Golf Toadstool Tour,30,120,4,http://videogames.pricecharting.com/game/gamecube/mario-golf-toadstool-tour 
Mario Kart Double Dash,210,270,4,http://videogames.pricecharting.com/game/gamecube/mario-kart-double-dash 
Mario Kart: Double Dash!! Special Edition,8,60,0,http://videogames.pricecharting.com/game/gamecube/mario-kart-double-dash-special-edition 
Mario Party 4,60,150,1,http://videogames.pricecharting.com/game/gamecube/mario-party-4 
Mario Party 5,60,120,1,http://videogames.pricecharting.com/game/gamecube/mario-party-5 
Mario Party 6,60,120,0,http://videogames.pricecharting.com/game/gamecube/mario-party-6 
Mario Party 6 w/ Microphone,,,,http://videogames.pricecharting.com/game/gamecube/mario-party-6-w-microphone 
Mario Party 7,60,150,1,http://videogames.pricecharting.com/game/gamecube/mario-party-7 
Mario Party 7 w/ Microphone,,,,http://videogames.pricecharting.com/game/gamecube/mario-party-7-w-microphone 
Mario Power Tennis,30,90,1,http://videogames.pricecharting.com/game/gamecube/mario-power-tennis 
Mario Superstar Baseball,30,90,1,http://videogames.pricecharting.com/game/gamecube/mario-superstar-baseball 
Mark Davis Pro Bass Challenge,1,1,0,http://videogames.pricecharting.com/game/gamecube/mark-davis-pro-bass-challenge 
Marvel Nemesis Rise of the Imperfects,4,12,0,http://videogames.pricecharting.com/game/gamecube/marvel-nemesis-rise-of-the-imperfects 
Mary Kate and Ashley Sweet 16,2,4,0,http://videogames.pricecharting.com/game/gamecube/mary-kate-and-ashley-sweet-16 
Mat Hoffman's Pro BMX 2,2,1,0,http://videogames.pricecharting.com/game/gamecube/mat-hoffman's-pro-bmx-2 
MC Groovz Dance Craze,1,1,0,http://videogames.pricecharting.com/game/gamecube/mc-groovz-dance-craze 
Medabots Infinity,4,1,0,http://videogames.pricecharting.com/game/gamecube/medabots-infinity 
Medal of Honor European Assault,4,4,0,http://videogames.pricecharting.com/game/gamecube/medal-of-honor-european-assault 
Medal of Honor Frontline,4,30,0,http://videogames.pricecharting.com/game/gamecube/medal-of-honor-frontline 
Medal of Honor Rising Sun,4,30,0,http://videogames.pricecharting.com/game/gamecube/medal-of-honor-rising-sun 
Meet the Robinsons,2,2,0,http://videogames.pricecharting.com/game/gamecube/meet-the-robinsons 
Mega Man Anniversary Collection,4,30,1,http://videogames.pricecharting.com/game/gamecube/mega-man-anniversary-collection 
Mega Man Network Transmission,4,12,1,http://videogames.pricecharting.com/game/gamecube/mega-man-network-transmission 
Mega Man X Collection,4,30,1,http://videogames.pricecharting.com/game/gamecube/mega-man-x-collection 
Mega Man X Command Mission,4,12,1,http://videogames.pricecharting.com/game/gamecube/mega-man-x-command-mission 
Men In Black II Alien Escape,0,0,0,http://videogames.pricecharting.com/game/gamecube/men-in-black-ii-alien-escape 
Metal Arms Glitch in the System,4,8,0,http://videogames.pricecharting.com/game/gamecube/metal-arms-glitch-in-the-system 
Metal Gear Solid Twin Snakes,12,60,4,http://videogames.pricecharting.com/game/gamecube/metal-gear-solid-twin-snakes 
Metroid Prime,60,210,8,http://videogames.pricecharting.com/game/gamecube/metroid-prime 
Metroid Prime 2 Echoes,30,90,8,http://videogames.pricecharting.com/game/gamecube/metroid-prime-2-echoes 
Metroid Prime with Metroid Prime 2 Demo,,,,http://videogames.pricecharting.com/game/gamecube/metroid-prime-with-metroid-prime-2-demo 
Metroid Prime & Zelda Wind Waker Combo,1,1,,http://videogames.pricecharting.com/game/gamecube/metroid-prime-%26-zelda-wind-waker-combo 
Mickey Mouse Magic Mirror,,,,http://videogames.pricecharting.com/game/gamecube/mickey-mouse-magic-mirror 
Micro Machines,,,,http://videogames.pricecharting.com/game/gamecube/micro-machines 
Midway Arcade Treasures,4,12,0,http://videogames.pricecharting.com/game/gamecube/midway-arcade-treasures 
Midway Arcade Treasures 2,4,12,0,http://videogames.pricecharting.com/game/gamecube/midway-arcade-treasures-2 
Midway Arcade Treasures 3,4,4,0,http://videogames.pricecharting.com/game/gamecube/midway-arcade-treasures-3 
Mighty Beanz,,,,http://videogames.pricecharting.com/game/gamecube/mighty-beanz 
Minority Report,1,1,0,http://videogames.pricecharting.com/game/gamecube/minority-report 
Mission Impossible Operation Surma,1,0,0,http://videogames.pricecharting.com/game/gamecube/mission-impossible-operation-surma 
MLB Slugfest 2003,4,4,0,http://videogames.pricecharting.com/game/gamecube/mlb-slugfest-2003 
MLB Slugfest 2004,0,0,,http://videogames.pricecharting.com/game/gamecube/mlb-slugfest-2004 
MLS ExtraTime 2002,,,,http://videogames.pricecharting.com/game/gamecube/mls-extratime-2002 
Monopoly Party,2,4,0,http://videogames.pricecharting.com/game/gamecube/monopoly-party 
Monster 4x4 Masters of Metal,1,2,,http://videogames.pricecharting.com/game/gamecube/monster-4x4-masters-of-metal 
Monster House,4,4,1,http://videogames.pricecharting.com/game/gamecube/monster-house 
Monster Jam Maximum Destruction,1,1,0,http://videogames.pricecharting.com/game/gamecube/monster-jam-maximum-destruction 
Monsters Inc,4,8,0,http://videogames.pricecharting.com/game/gamecube/monsters-inc 
Mortal Kombat Deadly Alliance,4,30,0,http://videogames.pricecharting.com/game/gamecube/mortal-kombat-deadly-alliance 
Mortal Kombat Deception,4,8,0,http://videogames.pricecharting.com/game/gamecube/mortal-kombat-deception 
MTV's Celebrity Deathmatch,,,,http://videogames.pricecharting.com/game/gamecube/mtv's-celebrity-deathmatch 
MTX Mototrax,,,,http://videogames.pricecharting.com/game/gamecube/mtx-mototrax 
Muppets Party Cruise,2,4,0,http://videogames.pricecharting.com/game/gamecube/muppets-party-cruise 
MVP Baseball 2004,2,4,0,http://videogames.pricecharting.com/game/gamecube/mvp-baseball-2004 
MVP Baseball 2005,4,12,0,http://videogames.pricecharting.com/game/gamecube/mvp-baseball-2005 
MX Superfly,2,1,0,http://videogames.pricecharting.com/game/gamecube/mx-superfly 
Mystic Heroes,4,8,0,http://videogames.pricecharting.com/game/gamecube/mystic-heroes 
Namco Museum,4,30,1,http://videogames.pricecharting.com/game/gamecube/namco-museum 
Namco Museum 50th Anniversary,4,8,0,http://videogames.pricecharting.com/game/gamecube/namco-museum-50th-anniversary 
NARC,,,,http://videogames.pricecharting.com/game/gamecube/narc 
Naruto Clash of Ninja,4,30,1,http://videogames.pricecharting.com/game/gamecube/naruto-clash-of-ninja 
Naruto Clash of Ninja 2,4,30,1,http://videogames.pricecharting.com/game/gamecube/naruto-clash-of-ninja-2 
NASCAR Chase for the Cup 2005,4,4,0,http://videogames.pricecharting.com/game/gamecube/nascar-chase-for-the-cup-2005 
NASCAR Dirt to Daytona,4,8,0,http://videogames.pricecharting.com/game/gamecube/nascar-dirt-to-daytona 
NASCAR Heat 2002,,,,http://videogames.pricecharting.com/game/gamecube/nascar-heat-2002 
NASCAR Thunder 2003,4,4,0,http://videogames.pricecharting.com/game/gamecube/nascar-thunder-2003 
NBA 2K2,2,2,0,http://videogames.pricecharting.com/game/gamecube/nba-2k2 
NBA 2K3,2,2,0,http://videogames.pricecharting.com/game/gamecube/nba-2k3 
NBA Ballers,,,,http://videogames.pricecharting.com/game/gamecube/nba-ballers 
NBA Courtside 2002,2,4,0,http://videogames.pricecharting.com/game/gamecube/nba-courtside-2002 
NBA Live 2003,2,2,0,http://videogames.pricecharting.com/game/gamecube/nba-live-2003 
NBA Live 2004,1,4,0,http://videogames.pricecharting.com/game/gamecube/nba-live-2004 
NBA Live 2005,4,4,0,http://videogames.pricecharting.com/game/gamecube/nba-live-2005 
NBA Live 2006,4,4,0,http://videogames.pricecharting.com/game/gamecube/nba-live-2006 
NBA Street,4,30,0,http://videogames.pricecharting.com/game/gamecube/nba-street 
NBA Street Vol 2,8,30,0,http://videogames.pricecharting.com/game/gamecube/nba-street-vol-2 
NBA Street Vol 3,4,30,0,http://videogames.pricecharting.com/game/gamecube/nba-street-vol-3 
NCAA College Basketball 2K3,2,4,0,http://videogames.pricecharting.com/game/gamecube/ncaa-college-basketball-2k3 
NCAA Football 2003,1,4,0,http://videogames.pricecharting.com/game/gamecube/ncaa-football-2003 
NCAA Football 2004,2,2,0,http://videogames.pricecharting.com/game/gamecube/ncaa-football-2004 
NCAA Football 2005,4,4,0,http://videogames.pricecharting.com/game/gamecube/ncaa-football-2005 
NCAA Football 2K3,1,1,0,http://videogames.pricecharting.com/game/gamecube/ncaa-football-2k3 
Need for Speed 2 Hot Pursuit,4,30,0,http://videogames.pricecharting.com/game/gamecube/need-for-speed-2-hot-pursuit 
Need for Speed Carbon,4,8,0,http://videogames.pricecharting.com/game/gamecube/need-for-speed-carbon 
Need for Speed Most Wanted,4,30,0,http://videogames.pricecharting.com/game/gamecube/need-for-speed-most-wanted 
Need for Speed Underground,8,30,0,http://videogames.pricecharting.com/game/gamecube/need-for-speed-underground 
Need for Speed Underground 2,8,30,0,http://videogames.pricecharting.com/game/gamecube/need-for-speed-underground-2 
NFL 2K3,1,2,0,http://videogames.pricecharting.com/game/gamecube/nfl-2k3 
NFL Blitz 2002,2,4,0,http://videogames.pricecharting.com/game/gamecube/nfl-blitz-2002 
NFL Blitz 2003,4,4,0,http://videogames.pricecharting.com/game/gamecube/nfl-blitz-2003 
NFL Blitz Pro,1,2,0,http://videogames.pricecharting.com/game/gamecube/nfl-blitz-pro 
NFL Street 2,4,30,1,http://videogames.pricecharting.com/game/gamecube/nfl-street-2 
NFL Street Football,2,1,0,http://videogames.pricecharting.com/game/gamecube/nfl-street-football 
NHL 2003,1,1,0,http://videogames.pricecharting.com/game/gamecube/nhl-2003 
NHL 2004,1,1,0,http://videogames.pricecharting.com/game/gamecube/nhl-2004 
NHL 2005,1,2,0,http://videogames.pricecharting.com/game/gamecube/nhl-2005 
NHL 2006,,,,http://videogames.pricecharting.com/game/gamecube/nhl-2006 
NHL 2K3,0,0,0,http://videogames.pricecharting.com/game/gamecube/nhl-2k3 
NHL Hitz 2002,4,8,0,http://videogames.pricecharting.com/game/gamecube/nhl-hitz-2002 
NHL Hitz 2003,4,8,0,http://videogames.pricecharting.com/game/gamecube/nhl-hitz-2003 
NHL Hitz Pro,1,1,0,http://videogames.pricecharting.com/game/gamecube/nhl-hitz-pro 
Nickelodeon Party Blast,4,4,0,http://videogames.pricecharting.com/game/gamecube/nickelodeon-party-blast 
Nicktoons Battle for Volcano Island,4,8,0,http://videogames.pricecharting.com/game/gamecube/nicktoons-battle-for-volcano-island 
Nicktoons Unite,4,12,0,http://videogames.pricecharting.com/game/gamecube/nicktoons-unite 
Nightfire,,,,http://videogames.pricecharting.com/game/gamecube/nightfire 
Nintendo Gamecube Preview Disc,4,4,1,http://videogames.pricecharting.com/game/gamecube/nintendo-gamecube-preview-disc 
Odama w/ Microphone,2,4,4,http://videogames.pricecharting.com/game/gamecube/odama-w-microphone 
One Piece Grand Adventure,1,4,0,http://videogames.pricecharting.com/game/gamecube/one-piece-grand-adventure 
One Piece Grand Battle,2,4,0,http://videogames.pricecharting.com/game/gamecube/one-piece-grand-battle 
One Piece Pirates Carnival,2,1,1,http://videogames.pricecharting.com/game/gamecube/one-piece-pirates-carnival 
Open Season,2,4,0,http://videogames.pricecharting.com/game/gamecube/open-season 
Orange Nintendo Brand Controller,,,,http://videogames.pricecharting.com/game/gamecube/orange-nintendo-brand-controller 
Outlaw Golf,2,2,0,http://videogames.pricecharting.com/game/gamecube/outlaw-golf 
Outlaw Golf / Darkened Skye,1,1,0,http://videogames.pricecharting.com/game/gamecube/outlaw-golf-darkened-skye 
Over the Hedge,4,12,0,http://videogames.pricecharting.com/game/gamecube/over-the-hedge 
Pac-Man Bundle,8,30,1,http://videogames.pricecharting.com/game/gamecube/pac-man-bundle 
Pac-Man Fever,4,12,1,http://videogames.pricecharting.com/game/gamecube/pac-man-fever 
Pac-Man Vs.,4,0,1,http://videogames.pricecharting.com/game/gamecube/pac-man-vs 
Pac-Man World 2,4,30,0,http://videogames.pricecharting.com/game/gamecube/pac-man-world-2 
Pac-Man World 3,4,8,0,http://videogames.pricecharting.com/game/gamecube/pac-man-world-3 
Pac-Man World Rally,4,4,0,http://videogames.pricecharting.com/game/gamecube/pac-man-world-rally 
Panasonic Q Gamecube Console,0,0,0,http://videogames.pricecharting.com/game/gamecube/panasonic-q-gamecube-console 
Paper Mario Thousand Year Door,60,210,4,http://videogames.pricecharting.com/game/gamecube/paper-mario-thousand-year-door 
Phantasy Star III Card Revolution,4,8,1,http://videogames.pricecharting.com/game/gamecube/phantasy-star-iii-card-revolution 
Phantasy Star Online,8,30,1,http://videogames.pricecharting.com/game/gamecube/phantasy-star-online 
Phantasy Star Online Episode I & II Plus,4,8,0,http://videogames.pricecharting.com/game/gamecube/phantasy-star-online-episode-i-%26-ii-plus 
Piglet's Big Game,1,4,0,http://videogames.pricecharting.com/game/gamecube/piglet's-big-game 
Pikmin,30,90,1,http://videogames.pricecharting.com/game/gamecube/pikmin 
Pikmin 2,30,60,4,http://videogames.pricecharting.com/game/gamecube/pikmin-2 
Pinball Hall of Fame The Gottlieb Collection,2,4,0,http://videogames.pricecharting.com/game/gamecube/pinball-hall-of-fame-the-gottlieb-collection 
Pitfall The Lost Expedition,4,8,0,http://videogames.pricecharting.com/game/gamecube/pitfall-the-lost-expedition 
Platinum Gamecube System,4,4,2,http://videogames.pricecharting.com/game/gamecube/platinum-gamecube-system 
Platinum Nintendo Brand Controller,,,,http://videogames.pricecharting.com/game/gamecube/platinum-nintendo-brand-controller 
Platinum Wavebird Wireless Controller,,,,http://videogames.pricecharting.com/game/gamecube/platinum-wavebird-wireless-controller 
P.N. 03,4,12,1,http://videogames.pricecharting.com/game/gamecube/pn-03 
Pokemon Box,4,8,0,http://videogames.pricecharting.com/game/gamecube/pokemon-box 
Pokemon Channel,8,30,0,http://videogames.pricecharting.com/game/gamecube/pokemon-channel 
Pokemon Colosseum,60,120,1,http://videogames.pricecharting.com/game/gamecube/pokemon-colosseum 
Pokemon Colosseum Bonus Disc,8,30,4,http://videogames.pricecharting.com/game/gamecube/pokemon-colosseum-bonus-disc 
Pokemon XD,,,,http://videogames.pricecharting.com/game/gamecube/pokemon-xd 
Pokemon XD Limited Edition Gamecube Bundle,1,0,0,http://videogames.pricecharting.com/game/gamecube/pokemon-xd-limited-edition-gamecube-bundle 
Pool Paradise,1,1,0,http://videogames.pricecharting.com/game/gamecube/pool-paradise 
Powerpuff Girls Relish Rampage Pickled Edition,2,2,0,http://videogames.pricecharting.com/game/gamecube/powerpuff-girls-relish-rampage-pickled-edition 
Power Rangers Dino Thunder,4,4,0,http://videogames.pricecharting.com/game/gamecube/power-rangers-dino-thunder 
Prince of Persia Sands of Time,4,30,0,http://videogames.pricecharting.com/game/gamecube/prince-of-persia-sands-of-time 
Prince of Persia Two Thrones,4,8,0,http://videogames.pricecharting.com/game/gamecube/prince-of-persia-two-thrones 
Prince of Persia Warrior Within,4,8,0,http://videogames.pricecharting.com/game/gamecube/prince-of-persia-warrior-within 
Pro Rally,1,1,,http://videogames.pricecharting.com/game/gamecube/pro-rally 
Purple and Clear Controller,4,,,http://videogames.pricecharting.com/game/gamecube/purple-and-clear-controller 
Puyo Pop Fever,2,8,0,http://videogames.pricecharting.com/game/gamecube/puyo-pop-fever 
Puzzle Trouble,,,,http://videogames.pricecharting.com/game/gamecube/puzzle-trouble 
Quarterback Club 2002,,,,http://videogames.pricecharting.com/game/gamecube/quarterback-club-2002 
Rainbow Six 3,1,1,0,http://videogames.pricecharting.com/game/gamecube/rainbow-six-3 
Rainbow Six 3 Lockdown,1,1,0,http://videogames.pricecharting.com/game/gamecube/rainbow-six-3-lockdown 
Rally Championship,0,0,,http://videogames.pricecharting.com/game/gamecube/rally-championship 
Rally Fusion Race of Champions,,,,http://videogames.pricecharting.com/game/gamecube/rally-fusion-race-of-champions 
Rampage Total Destruction,4,30,1,http://videogames.pricecharting.com/game/gamecube/rampage-total-destruction 
Ratatouille,4,4,1,http://videogames.pricecharting.com/game/gamecube/ratatouille 
Rave Master,2,4,1,http://videogames.pricecharting.com/game/gamecube/rave-master 
Rayman 3 Hoodlum Havoc,4,8,0,http://videogames.pricecharting.com/game/gamecube/rayman-3-hoodlum-havoc 
Rayman Arena,4,8,0,http://videogames.pricecharting.com/game/gamecube/rayman-arena 
Red Card Soccer 2003,1,0,0,http://videogames.pricecharting.com/game/gamecube/red-card-soccer-2003 
Red Faction II,2,4,0,http://videogames.pricecharting.com/game/gamecube/red-faction-ii 
Reign of Fire,2,4,0,http://videogames.pricecharting.com/game/gamecube/reign-of-fire 
Resident Evil,8,90,4,http://videogames.pricecharting.com/game/gamecube/resident-evil 
Resident Evil 2,4,30,4,http://videogames.pricecharting.com/game/gamecube/resident-evil-2 
Resident Evil 3 Nemesis,4,30,2,http://videogames.pricecharting.com/game/gamecube/resident-evil-3-nemesis 
Resident Evil 4,8,150,4,http://videogames.pricecharting.com/game/gamecube/resident-evil-4 
Resident Evil 4 Gamestop Edition,4,4,1,http://videogames.pricecharting.com/game/gamecube/resident-evil-4-gamestop-edition 
Resident Evil Code Veronica X,4,30,1,http://videogames.pricecharting.com/game/gamecube/resident-evil-code-veronica-x 
Resident Evil Zero,4,90,4,http://videogames.pricecharting.com/game/gamecube/resident-evil-zero 
Ribbit King,4,12,0,http://videogames.pricecharting.com/game/gamecube/ribbit-king 
Risk Global Domination,4,8,0,http://videogames.pricecharting.com/game/gamecube/risk-global-domination 
Roadkill,1,1,0,http://videogames.pricecharting.com/game/gamecube/roadkill 
Road Trip,1,1,0,http://videogames.pricecharting.com/game/gamecube/road-trip 
Robocop,,,,http://videogames.pricecharting.com/game/gamecube/robocop 
Robotech Battlecry,4,4,0,http://videogames.pricecharting.com/game/gamecube/robotech-battlecry 
Robots,2,4,0,http://videogames.pricecharting.com/game/gamecube/robots 
Rocket Power Beach Bandits,4,4,0,http://videogames.pricecharting.com/game/gamecube/rocket-power-beach-bandits 
Rocky,4,4,0,http://videogames.pricecharting.com/game/gamecube/rocky 
Rogue Ops,1,1,0,http://videogames.pricecharting.com/game/gamecube/rogue-ops 
Room Zoom,1,0,0,http://videogames.pricecharting.com/game/gamecube/room-zoom 
R: Racing Evolution,2,2,0,http://videogames.pricecharting.com/game/gamecube/r-racing-evolution 
Rugrats Royal Ransom,4,4,0,http://videogames.pricecharting.com/game/gamecube/rugrats-royal-ransom 
Samurai Jack Shadow of Aku,1,2,0,http://videogames.pricecharting.com/game/gamecube/samurai-jack-shadow-of-aku 
Scaler,1,2,0,http://videogames.pricecharting.com/game/gamecube/scaler 
Scooby Doo Mystery Mayhem,4,8,0,http://videogames.pricecharting.com/game/gamecube/scooby-doo-mystery-mayhem 
Scooby Doo Night of 100 Frights,4,30,0,http://videogames.pricecharting.com/game/gamecube/scooby-doo-night-of-100-frights 
Scooby Doo Unmasked,4,8,1,http://videogames.pricecharting.com/game/gamecube/scooby-doo-unmasked 
Second Sight,4,4,1,http://videogames.pricecharting.com/game/gamecube/second-sight 
Sega Soccer Slam,2,4,0,http://videogames.pricecharting.com/game/gamecube/sega-soccer-slam 
Serious Sam Next Encounter,1,4,0,http://videogames.pricecharting.com/game/gamecube/serious-sam-next-encounter 
Shadow the Hedgehog,12,60,1,http://videogames.pricecharting.com/game/gamecube/shadow-the-hedgehog 
Shamu's Deep Sea Adventure,2,2,0,http://videogames.pricecharting.com/game/gamecube/shamu's-deep-sea-adventure 
Shark Tale,4,4,0,http://videogames.pricecharting.com/game/gamecube/shark-tale 
Shox,1,1,0,http://videogames.pricecharting.com/game/gamecube/shox 
Shrek 2,4,30,0,http://videogames.pricecharting.com/game/gamecube/shrek-2 
Shrek Extra Large,2,4,0,http://videogames.pricecharting.com/game/gamecube/shrek-extra-large 
Shrek Smash and Crash Racing,2,4,0,http://videogames.pricecharting.com/game/gamecube/shrek-smash-and-crash-racing 
Shrek Super Party,2,4,0,http://videogames.pricecharting.com/game/gamecube/shrek-super-party 
Shrek Superslam,4,4,0,http://videogames.pricecharting.com/game/gamecube/shrek-superslam 
Skies of Arcadia,8,30,4,http://videogames.pricecharting.com/game/gamecube/skies-of-arcadia 
Smashing Drive,2,4,0,http://videogames.pricecharting.com/game/gamecube/smashing-drive 
Smuggler's Run,1,4,0,http://videogames.pricecharting.com/game/gamecube/smuggler's-run 
Sonic Adventure 2 Battle,30,150,4,http://videogames.pricecharting.com/game/gamecube/sonic-adventure-2-battle 
Sonic Adventure DX,30,60,1,http://videogames.pricecharting.com/game/gamecube/sonic-adventure-dx 
Sonic Gems Collection,8,30,1,http://videogames.pricecharting.com/game/gamecube/sonic-gems-collection 
Sonic Heroes,30,60,2,http://videogames.pricecharting.com/game/gamecube/sonic-heroes 
Sonic Mega Collection,30,60,4,http://videogames.pricecharting.com/game/gamecube/sonic-mega-collection 
Sonic Riders,8,30,1,http://videogames.pricecharting.com/game/gamecube/sonic-riders 
Soul Calibur II,30,60,1,http://videogames.pricecharting.com/game/gamecube/soul-calibur-ii 
Space Raiders,1,4,1,http://videogames.pricecharting.com/game/gamecube/space-raiders 
Spartan Total Warrior,2,4,0,http://videogames.pricecharting.com/game/gamecube/spartan-total-warrior 
Spawn Armageddon,4,8,1,http://videogames.pricecharting.com/game/gamecube/spawn-armageddon 
Speed Kings,1,0,0,http://videogames.pricecharting.com/game/gamecube/speed-kings 
Sphinx and the Cursed Mummy,2,8,0,http://videogames.pricecharting.com/game/gamecube/sphinx-and-the-cursed-mummy 
Spiderman,4,30,1,http://videogames.pricecharting.com/game/gamecube/spiderman 
Spiderman 2,4,30,1,http://videogames.pricecharting.com/game/gamecube/spiderman-2 
Spirits & Spells,2,4,0,http://videogames.pricecharting.com/game/gamecube/spirits-%26-spells 
Splinter Cell,2,8,0,http://videogames.pricecharting.com/game/gamecube/splinter-cell 
Splinter Cell Chaos Theory,4,4,0,http://videogames.pricecharting.com/game/gamecube/splinter-cell-chaos-theory 
Splinter Cell Chaos Theory Collector's Edition,1,0,,http://videogames.pricecharting.com/game/gamecube/splinter-cell-chaos-theory-collector's-edition 
Splinter Cell Double Agent,1,1,0,http://videogames.pricecharting.com/game/gamecube/splinter-cell-double-agent 
Splinter Cell Pandora Tomorrow,2,2,0,http://videogames.pricecharting.com/game/gamecube/splinter-cell-pandora-tomorrow 
SpongeBob SquarePants Battle for Bikini Bottom,8,30,0,http://videogames.pricecharting.com/game/gamecube/spongebob-squarepants-battle-for-bikini-bottom 
SpongeBob SquarePants Controller,,,,http://videogames.pricecharting.com/game/gamecube/spongebob-squarepants-controller 
SpongeBob SquarePants Creature from Krusty Krab,4,8,0,http://videogames.pricecharting.com/game/gamecube/spongebob-squarepants-creature-from-krusty-krab 
SpongeBob SquarePants Lights Camera Pants,4,12,0,http://videogames.pricecharting.com/game/gamecube/spongebob-squarepants-lights-camera-pants 
SpongeBob SquarePants Revenge of the Flying Dutchman,4,12,0,http://videogames.pricecharting.com/game/gamecube/spongebob-squarepants-revenge-of-the-flying-dutchman 
SpongeBob SquarePants The Movie,8,30,0,http://videogames.pricecharting.com/game/gamecube/spongebob-squarepants-the-movie 
Spy Hunter,1,4,0,http://videogames.pricecharting.com/game/gamecube/spy-hunter 
SpyHunter 2,,,,http://videogames.pricecharting.com/game/gamecube/spyhunter-2 
Spyro A Heros Tail,4,30,1,http://videogames.pricecharting.com/game/gamecube/spyro-a-heros-tail 
Spyro Enter the Dragonfly,12,60,1,http://videogames.pricecharting.com/game/gamecube/spyro-enter-the-dragonfly 
SSX 3,4,30,0,http://videogames.pricecharting.com/game/gamecube/ssx-3 
SSX On Tour,4,12,0,http://videogames.pricecharting.com/game/gamecube/ssx-on-tour 
SSX Tricky,4,30,0,http://videogames.pricecharting.com/game/gamecube/ssx-tricky 
Star Fox Adventures,30,120,2,http://videogames.pricecharting.com/game/gamecube/star-fox-adventures 
Star Fox Assault,30,60,1,http://videogames.pricecharting.com/game/gamecube/star-fox-assault 
Starsky and Hutch,1,4,0,http://videogames.pricecharting.com/game/gamecube/starsky-and-hutch 
Star Wars Bounty Hunter,4,30,1,http://videogames.pricecharting.com/game/gamecube/star-wars-bounty-hunter 
Star Wars Clone Wars,4,30,0,http://videogames.pricecharting.com/game/gamecube/star-wars-clone-wars 
Star Wars Jedi Outcast,4,30,0,http://videogames.pricecharting.com/game/gamecube/star-wars-jedi-outcast 
Star Wars Rebel Strike,12,60,1,http://videogames.pricecharting.com/game/gamecube/star-wars-rebel-strike 
Star Wars Rebel Strike Preview Disc,4,1,1,http://videogames.pricecharting.com/game/gamecube/star-wars-rebel-strike-preview-disc 
Star Wars Rogue Leader,12,90,1,http://videogames.pricecharting.com/game/gamecube/star-wars-rogue-leader 
Street Hoops,1,1,0,http://videogames.pricecharting.com/game/gamecube/street-hoops 
Street Racing Syndicate,1,1,0,http://videogames.pricecharting.com/game/gamecube/street-racing-syndicate 
Strike Force Bowling,1,1,0,http://videogames.pricecharting.com/game/gamecube/strike-force-bowling 
Summoner: A Goddess Reborn,2,4,0,http://videogames.pricecharting.com/game/gamecube/summoner-a-goddess-reborn 
Sum of All Fears,1,1,0,http://videogames.pricecharting.com/game/gamecube/sum-of-all-fears 
Super Bubble Pop,1,2,0,http://videogames.pricecharting.com/game/gamecube/super-bubble-pop 
Superman Shadow of Apokolips,2,4,0,http://videogames.pricecharting.com/game/gamecube/superman-shadow-of-apokolips 
Super Mario Strikers,30,120,4,http://videogames.pricecharting.com/game/gamecube/super-mario-strikers 
Super Mario Sunshine,180,390,4,http://videogames.pricecharting.com/game/gamecube/super-mario-sunshine 
Super Monkey Ball,12,60,2,http://videogames.pricecharting.com/game/gamecube/super-monkey-ball 
Super Monkey Ball 2,30,90,4,http://videogames.pricecharting.com/game/gamecube/super-monkey-ball-2 
Super Monkey Ball Adventure,4,12,0,http://videogames.pricecharting.com/game/gamecube/super-monkey-ball-adventure 
Super Smash Bros. Melee,150,570,4,http://videogames.pricecharting.com/game/gamecube/super-smash-bros-melee 
Surf's Up,1,1,0,http://videogames.pricecharting.com/game/gamecube/surf's-up 
Swingerz Golf,1,4,0,http://videogames.pricecharting.com/game/gamecube/swingerz-golf 
SX Superstar,1,0,0,http://videogames.pricecharting.com/game/gamecube/sx-superstar 
Tak 2 The Staff of Dreams,4,12,0,http://videogames.pricecharting.com/game/gamecube/tak-2-the-staff-of-dreams 
Tak and the Power of JuJu,4,12,0,http://videogames.pricecharting.com/game/gamecube/tak-and-the-power-of-juju 
Tak Great Juju Challenge,4,4,1,http://videogames.pricecharting.com/game/gamecube/tak-great-juju-challenge 
Tales of Symphonia,8,90,2,http://videogames.pricecharting.com/game/gamecube/tales-of-symphonia 
Tarzan Untamed,4,4,0,http://videogames.pricecharting.com/game/gamecube/tarzan-untamed 
Taz Wanted,2,4,0,http://videogames.pricecharting.com/game/gamecube/taz-wanted 
Teenage Mutant Ninja Turtles,4,30,0,http://videogames.pricecharting.com/game/gamecube/teenage-mutant-ninja-turtles 
Teenage Mutant Ninja Turtles 2,4,12,0,http://videogames.pricecharting.com/game/gamecube/teenage-mutant-ninja-turtles-2 
Teenage Mutant Ninja Turtles 3 Mutant Nightmare,4,8,0,http://videogames.pricecharting.com/game/gamecube/teenage-mutant-ninja-turtles-3-mutant-nightmare 
Teen Titans,8,30,1,http://videogames.pricecharting.com/game/gamecube/teen-titans 
Terminator 3 Redemption,2,4,0,http://videogames.pricecharting.com/game/gamecube/terminator-3-redemption 
Terminator 3 Rise of the Machines,,,,http://videogames.pricecharting.com/game/gamecube/terminator-3-rise-of-the-machines 
Tetris Worlds,4,8,0,http://videogames.pricecharting.com/game/gamecube/tetris-worlds 
The Hobbit,4,8,0,http://videogames.pricecharting.com/game/gamecube/the-hobbit 
The Hulk,4,4,0,http://videogames.pricecharting.com/game/gamecube/the-hulk 
The Incredible Hulk Ultimate Destruction,4,8,0,http://videogames.pricecharting.com/game/gamecube/the-incredible-hulk-ultimate-destruction 
The Incredibles,4,8,1,http://videogames.pricecharting.com/game/gamecube/the-incredibles 
The Incredibles Rise of the Underminer,4,4,0,http://videogames.pricecharting.com/game/gamecube/the-incredibles-rise-of-the-underminer 
The Legend of Zelda Collector's Edition,,,,http://videogames.pricecharting.com/game/gamecube/the-legend-of-zelda-collector's-edition 
The Polar Express,4,4,0,http://videogames.pricecharting.com/game/gamecube/the-polar-express 
The Scorpion King Rise of the Akkadian,1,4,1,http://videogames.pricecharting.com/game/gamecube/the-scorpion-king-rise-of-the-akkadian 
The Simpsons Hit and Run,30,60,1,http://videogames.pricecharting.com/game/gamecube/the-simpsons-hit-and-run 
The Simpsons Road Rage,8,30,0,http://videogames.pricecharting.com/game/gamecube/the-simpsons-road-rage 
The Sims,4,30,0,http://videogames.pricecharting.com/game/gamecube/the-sims 
The Sims 2,4,30,0,http://videogames.pricecharting.com/game/gamecube/the-sims-2 
The Sims 2: Pets,4,8,1,http://videogames.pricecharting.com/game/gamecube/the-sims-2-pets 
The Sims Bustin Out,4,30,0,http://videogames.pricecharting.com/game/gamecube/the-sims-bustin-out 
The Suffering,,,,http://videogames.pricecharting.com/game/gamecube/the-suffering 
The Urbz Sims in the City,4,12,1,http://videogames.pricecharting.com/game/gamecube/the-urbz-sims-in-the-city 
Tiger Woods 2003,2,4,0,http://videogames.pricecharting.com/game/gamecube/tiger-woods-2003 
Tiger Woods 2004,4,2,0,http://videogames.pricecharting.com/game/gamecube/tiger-woods-2004 
Tiger Woods 2005,1,4,0,http://videogames.pricecharting.com/game/gamecube/tiger-woods-2005 
Tiger Woods 2006,4,4,0,http://videogames.pricecharting.com/game/gamecube/tiger-woods-2006 
Time Splitters 2,8,30,1,http://videogames.pricecharting.com/game/gamecube/time-splitters-2 
Time Splitters Future Perfect,4,30,1,http://videogames.pricecharting.com/game/gamecube/time-splitters-future-perfect 
TMNT,4,4,0,http://videogames.pricecharting.com/game/gamecube/tmnt 
TMNT Mutant Melee,4,4,0,http://videogames.pricecharting.com/game/gamecube/tmnt-mutant-melee 
Tom and Jerry War of Whiskers,4,8,0,http://videogames.pricecharting.com/game/gamecube/tom-and-jerry-war-of-whiskers 
Tomb Raider Legend,4,8,1,http://videogames.pricecharting.com/game/gamecube/tomb-raider-legend 
Tonka Rescue Patrol,1,1,0,http://videogames.pricecharting.com/game/gamecube/tonka-rescue-patrol 
Tony Hawk 3,4,30,1,http://videogames.pricecharting.com/game/gamecube/tony-hawk-3 
Tony Hawk 4,4,30,1,http://videogames.pricecharting.com/game/gamecube/tony-hawk-4 
Tony Hawk American Wasteland,4,12,0,http://videogames.pricecharting.com/game/gamecube/tony-hawk-american-wasteland 
Tony Hawk Underground,4,30,1,http://videogames.pricecharting.com/game/gamecube/tony-hawk-underground 
Tony Hawk Underground 2,4,30,1,http://videogames.pricecharting.com/game/gamecube/tony-hawk-underground-2 
Top Angler Real Bass Fishing,1,1,,http://videogames.pricecharting.com/game/gamecube/top-angler-real-bass-fishing 
Top Gun Combat Zones,4,8,0,http://videogames.pricecharting.com/game/gamecube/top-gun-combat-zones 
Transworld Surf Next Wave,1,0,0,http://videogames.pricecharting.com/game/gamecube/transworld-surf-next-wave 
Trigger Man,0,0,0,http://videogames.pricecharting.com/game/gamecube/trigger-man 
True Crimes New York City,,,,http://videogames.pricecharting.com/game/gamecube/true-crimes-new-york-city 
True Crimes Streets of LA,,,,http://videogames.pricecharting.com/game/gamecube/true-crimes-streets-of-la 
Tube Slider,1,2,0,http://videogames.pricecharting.com/game/gamecube/tube-slider 
Turok Evolution,4,30,1,http://videogames.pricecharting.com/game/gamecube/turok-evolution 
Ty the Tasmanian Tiger,4,12,0,http://videogames.pricecharting.com/game/gamecube/ty-the-tasmanian-tiger 
Ty the Tasmanian Tiger 2 Bush Rescue,4,12,0,http://videogames.pricecharting.com/game/gamecube/ty-the-tasmanian-tiger-2-bush-rescue 
Ty the Tasmanian Tiger 3,4,8,0,http://videogames.pricecharting.com/game/gamecube/ty-the-tasmanian-tiger-3 
UFC Throwdown,1,1,0,http://videogames.pricecharting.com/game/gamecube/ufc-throwdown 
Ultimate Muscle,4,2,8,http://videogames.pricecharting.com/game/gamecube/ultimate-muscle 
Ultimate Spiderman,4,30,0,http://videogames.pricecharting.com/game/gamecube/ultimate-spiderman 
Universal Studios,4,4,0,http://videogames.pricecharting.com/game/gamecube/universal-studios 
Vexx,4,4,0,http://videogames.pricecharting.com/game/gamecube/vexx 
Viewtiful Joe,8,30,2,http://videogames.pricecharting.com/game/gamecube/viewtiful-joe 
Viewtiful Joe 2,4,30,4,http://videogames.pricecharting.com/game/gamecube/viewtiful-joe-2 
Viewtiful Joe Red Hot Rumble,4,4,1,http://videogames.pricecharting.com/game/gamecube/viewtiful-joe-red-hot-rumble 
Virtua Quest,1,1,1,http://videogames.pricecharting.com/game/gamecube/virtua-quest 
Virtua Striker 2002,1,2,0,http://videogames.pricecharting.com/game/gamecube/virtua-striker-2002 
Wakeboarding Unleashed Featuring Shaun Murray,0,0,,http://videogames.pricecharting.com/game/gamecube/wakeboarding-unleashed-featuring-shaun-murray 
Wallace and Gromit Project Zoo,1,4,0,http://videogames.pricecharting.com/game/gamecube/wallace-and-gromit-project-zoo 
Wario Ware Mega Party Games,12,30,1,http://videogames.pricecharting.com/game/gamecube/wario-ware-mega-party-games 
Wario World,12,60,1,http://videogames.pricecharting.com/game/gamecube/wario-world 
Wavebird Wireless Controller,2,,,http://videogames.pricecharting.com/game/gamecube/wavebird-wireless-controller 
Waverace Blue Storm,4,30,1,http://videogames.pricecharting.com/game/gamecube/waverace-blue-storm 
Whirl Tour Scooters,,,,http://videogames.pricecharting.com/game/gamecube/whirl-tour-scooters 
Winnie the Pooh Rumbly Tumbly Adventure,2,4,0,http://videogames.pricecharting.com/game/gamecube/winnie-the-pooh-rumbly-tumbly-adventure 
World Championship Pool 2004,,,,http://videogames.pricecharting.com/game/gamecube/world-championship-pool-2004 
World Series of Poker,1,1,0,http://videogames.pricecharting.com/game/gamecube/world-series-of-poker 
Worms 3D,4,4,0,http://videogames.pricecharting.com/game/gamecube/worms-3d 
Worms Blast,2,4,0,http://videogames.pricecharting.com/game/gamecube/worms-blast 
Wreckless Yakuza Missions,1,1,0,http://videogames.pricecharting.com/game/gamecube/wreckless-yakuza-missions 
WTA Tour Tennis,1,0,0,http://videogames.pricecharting.com/game/gamecube/wta-tour-tennis 
WWE Crush Hour,4,2,0,http://videogames.pricecharting.com/game/gamecube/wwe-crush-hour 
WWE Day of Reckoning,4,30,0,http://videogames.pricecharting.com/game/gamecube/wwe-day-of-reckoning 
WWE Day of Reckoning 2,4,30,0,http://videogames.pricecharting.com/game/gamecube/wwe-day-of-reckoning-2 
WWE Wrestlemania X8,4,8,0,http://videogames.pricecharting.com/game/gamecube/wwe-wrestlemania-x8 
WWE Wrestlemania XIX,4,12,0,http://videogames.pricecharting.com/game/gamecube/wwe-wrestlemania-xix 
XGRA,1,1,0,http://videogames.pricecharting.com/game/gamecube/xgra 
XIII,4,8,0,http://videogames.pricecharting.com/game/gamecube/xiii 
X-men Legends,4,30,1,http://videogames.pricecharting.com/game/gamecube/x-men-legends 
X-men Legends 2,4,12,1,http://videogames.pricecharting.com/game/gamecube/x-men-legends-2 
X-men Next Dimension,4,4,0,http://videogames.pricecharting.com/game/gamecube/x-men-next-dimension 
X-Men: The Official Game,4,4,0,http://videogames.pricecharting.com/game/gamecube/x-men-the-official-game 
X-men Wolverines Revenge,4,4,0,http://videogames.pricecharting.com/game/gamecube/x-men-wolverines-revenge 
Yu-Gi-oh Falsebound Kingdom,8,30,0,http://videogames.pricecharting.com/game/gamecube/yu-gi-oh-falsebound-kingdom 
Zapper,2,4,0,http://videogames.pricecharting.com/game/gamecube/zapper 
Zatch Bell Mamodo Battles,4,4,0,http://videogames.pricecharting.com/game/gamecube/zatch-bell-mamodo-battles 
Zatch Bell Mamodo Fury,1,1,0,http://videogames.pricecharting.com/game/gamecube/zatch-bell-mamodo-fury 
Zelda Four Swords Adventure,12,90,4,http://videogames.pricecharting.com/game/gamecube/zelda-four-swords-adventure 
Zelda Four Swords Adventure (no cable),,,,http://videogames.pricecharting.com/game/gamecube/zelda-four-swords-adventure-(no-cable) 
Zelda Ocarina of Time Master Quest,12,90,4,http://videogames.pricecharting.com/game/gamecube/zelda-ocarina-of-time-master-quest 
Zelda Twilight Princess,60,180,4,http://videogames.pricecharting.com/game/gamecube/zelda-twilight-princess 
Zelda Wind Waker,120,300,12,http://videogames.pricecharting.com/game/gamecube/zelda-wind-waker 
Zelda Wind Waker & Ocarina Master Quest Combo,4,1,0,http://videogames.pricecharting.com/game/gamecube/zelda-wind-waker-%26-ocarina-master-quest-combo 
Zoids Battle Legends,8,30,0,http://videogames.pricecharting.com/game/gamecube/zoids-battle-legends 
Zoocube,1,2,0,http://videogames.pricecharting.com/game/gamecube/zoocube 
