2006 FIFA World Cup,2.99,6.99,8.99,014633152166,8441,https://www.pricecharting.com/game/psp/2006-fifa-world-cup 
2010 FIFA World Cup,8.99,12.99,16.99,014633194104,21259,https://www.pricecharting.com/game/psp/2010-fifa-world-cup-south-africa 
2GB PSP Memory Stick Pro Duo,4.99,7.99,13.99,711719859307,31563,https://www.pricecharting.com/game/psp/2gb-psp-memory-stick-pro-duo 
300 March to Glory,3.99,6.99,11.99,788687400374,8443,https://www.pricecharting.com/game/psp/300-march-to-glory 
32MB PSP Memory Stick Pro Duo,6.99,6.99,11.99,711719852001,31566,https://www.pricecharting.com/game/psp/32mb-psp-memory-stick-pro-duo 
4GB PSP Memory Stick Pro Duo,10.99,13.99,24.99,711719858409,31565,https://www.pricecharting.com/game/psp/4gb-psp-memory-stick-pro-duo 
50 Cent Bulletproof G Unit Edition,24.99,29.99,49.99,020626724852,8448,https://www.pricecharting.com/game/psp/50-cent-bulletproof-g-unit-edition 
7 Wonders of the Ancient World,3.99,4.99,9.99,811930103408,8450,https://www.pricecharting.com/game/psp/7-wonders-of-the-ancient-world 
8GB PSP Memory Stick Pro Duo,11.99,14.99,29.99,,31564,https://www.pricecharting.com/game/psp/8gb-psp-memory-stick-pro-duo 
Ace Combat: Joint Assault,13.99,24.99,44.99,722674150361,21967,https://www.pricecharting.com/game/psp/ace-combat-joint-assault 
Ace Combat X Skies of Deception,8.99,13.99,29.99,722674150187,8452,https://www.pricecharting.com/game/psp/ace-combat-x-skies-of-deception 
Activision Hits Remixed,10.99,12.99,29.99,047875817296,8454,https://www.pricecharting.com/game/psp/activision-hits-remixed 
Adventures to Go,3.99,6.99,19.99,719593110064,19894,https://www.pricecharting.com/game/psp/adventures-to-go 
Aedis Eclipse Generation of Chaos,10.99,19.99,39.99,857823001208,8474,https://www.pricecharting.com/game/psp/aedis-eclipse-generation-of-chaos 
After Burner Black Falcon,9.99,15.99,34.99,010086660159,8483,https://www.pricecharting.com/game/psp/after-burner-black-falcon 
Air Conflicts,8.99,11.99,29.99,891563001074,8487,https://www.pricecharting.com/game/psp/air-conflicts 
Aliens vs. Predator Requiem,8.99,13.99,49.99,020626726740,10522,https://www.pricecharting.com/game/psp/aliens-vs-predator-requiem 
Alien Syndrome,3.99,11.99,15.99,010086660180,8498,https://www.pricecharting.com/game/psp/alien-syndrome 
Ape Escape Academy,4.99,7.99,12.99,711719861928,8514,https://www.pricecharting.com/game/psp/ape-escape-academy 
Ape Escape On the Loose,6.99,8.99,13.99,711719860921,8515,https://www.pricecharting.com/game/psp/ape-escape-on-the-loose 
Armored Core Formula Front,6.99,14.99,29.99,093992097301,8530,https://www.pricecharting.com/game/psp/armored-core-formula-front 
Army of Two: The 40th Day,9.99,12.99,19.99,014633155242,20350,https://www.pricecharting.com/game/psp/army-of-two-the-40th-day 
Assassins Creed: Bloodlines,8.99,11.99,24.99,008888335733,20035,https://www.pricecharting.com/game/psp/assassin%27s-creed-bloodlines 
Astonishia Story,7.99,19.99,19.99,008888332985,8537,https://www.pricecharting.com/game/psp/astonishia-story 
Astro Boy: The Video Game,4.99,9.99,19.99,879278110120,19790,https://www.pricecharting.com/game/psp/astro-boy-the-video-game 
Atari Classics Evolved,8.99,10.99,44.99,742725276000,8540,https://www.pricecharting.com/game/psp/atari-classics-evolved 
ATV Offroad Fury Blazing Trails,2.99,4.99,10.99,711719860327,8542,https://www.pricecharting.com/game/psp/atv-offroad-fury-blazing-trails 
ATV Offroad Fury Pro,3.99,4.99,19.99,711719864820,8543,https://www.pricecharting.com/game/psp/atv-offroad-fury-pro 
Avatar: The Game,4.99,6.99,13.99,008888335436,21551,https://www.pricecharting.com/game/psp/avatar-the-game 
Avatar The Last Airbender,7.99,8.99,19.99,752919480281,8545,https://www.pricecharting.com/game/psp/avatar-the-last-airbender 
Bakugan: Defenders of the Core,5.99,15.99,24.99,047875764965,30303,https://www.pricecharting.com/game/psp/bakugan-defenders-of-the-core 
BattleZone,7.99,8.99,19.99,742725271869,8589,https://www.pricecharting.com/game/psp/battlezone 
B-Boy,4.99,8.99,14.99,896992000568,14454,https://www.pricecharting.com/game/psp/b-boy 
Beaterator,4.99,9.99,12.99,710425371295,21681,https://www.pricecharting.com/game/psp/beaterator 
Ben 10 Alien Force,4.99,7.99,7.99,879278110083,15847,https://www.pricecharting.com/game/psp/ben-10-alien-force 
Ben 10: Alien Force: Vilgax Attacks,4.99,9.99,10.99,879278110113,19858,https://www.pricecharting.com/game/psp/ben-10-alien-force-vilgax-attacks 
Ben 10 Protector of Earth,6.99,9.99,15.99,879278110069879278115064,8596,https://www.pricecharting.com/game/psp/ben-10-protector-of-earth 
Ben 10: Ultimate Alien Cosmic Destruction,6.99,11.99,19.99,879278110151,22111,https://www.pricecharting.com/game/psp/ben-10-ultimate-alien-cosmic-destruction 
Beowulf,3.99,3.99,4.99,008888333791,8597,https://www.pricecharting.com/game/psp/beowulf 
Blade Dancer Lineage of Light,10.99,24.99,34.99,857823001031,8613,https://www.pricecharting.com/game/psp/blade-dancer-lineage-of-light 
BlazBlue: Calamity Trigger Portable,6.99,9.99,24.99,893610001303,21078,https://www.pricecharting.com/game/psp/blazblue-calamity-trigger-portable 
BlazBlue: Continuum Shift II,7.99,15.99,29.99,893610001488,31448,https://www.pricecharting.com/game/psp/blazblue-continuum-shift-ii 
Blazing Souls Accelate,9.99,24.99,29.99,893610001396,30310,https://www.pricecharting.com/game/psp/blazing-souls-accelate 
Blitz Overtime,9.99,19.99,34.99,031719269860,8623,https://www.pricecharting.com/game/psp/blitz-overtime 
Blokus Portable Steambot Championship,1.99,3.99,4.99,096427015024,12963,https://www.pricecharting.com/game/psp/blokus-portable-steambot-championship 
Blood Bowl,6.99,7.99,15.99,612561400511,31157,https://www.pricecharting.com/game/psp/blood-bowl 
Bomberman,9.99,12.99,29.99,083717260189,8631,https://www.pricecharting.com/game/psp/bomberman 
Bomberman Land,7.99,10.99,19.99,083717260387083717260448,14417,https://www.pricecharting.com/game/psp/bomberman-land 
Bounty Hounds,12.99,19.99,39.99,722674150064,8639,https://www.pricecharting.com/game/psp/bounty-hounds 
Brave Story New Traveler,34.99,49.99,99.99,853466001056,14464,https://www.pricecharting.com/game/psp/brave-story-new-traveler 
Brooktown High,2.99,3.99,4.99,083717260301,8646,https://www.pricecharting.com/game/psp/brooktown-high 
Brothers in Arms D-Day,2.99,6.99,16.99,008888332619,8647,https://www.pricecharting.com/game/psp/brothers-in-arms-d-day 
Brunswick Pro Bowling,4.99,6.99,9.99,650008999112,8648,https://www.pricecharting.com/game/psp/brunswick-pro-bowling 
Bubble Bobble Evolution,6.99,9.99,13.99,767649401383,8652,https://www.pricecharting.com/game/psp/bubble-bobble-evolution 
Burnout Dominator,7.99,10.99,19.99,014633156362,8667,https://www.pricecharting.com/game/psp/burnout-dominator 
Burnout Legends,7.99,9.99,19.99,014633151220014633169171014633355017,8668,https://www.pricecharting.com/game/psp/burnout-legends 
Bust-A-Move Deluxe,4.99,6.99,11.99,096427014430,8672,https://www.pricecharting.com/game/psp/bust-a-move-deluxe 
Buzz! Master Quiz,1.99,3.99,3.99,711719872924,15072,https://www.pricecharting.com/game/psp/buzz-master-quiz 
Cabelas African Safari,4.99,9.99,24.99,047875753273,8676,https://www.pricecharting.com/game/psp/cabela%27s-african-safari 
Cabelas Dangerous Hunts Ultimate Challenge,6.99,7.99,15.99,047875752078,8678,https://www.pricecharting.com/game/psp/cabela%27s-dangerous-hunts-ultimate-challenge 
Cabelas Legendary Adventures,4.99,4.99,19.99,047875756618047875757776,14919,https://www.pricecharting.com/game/psp/cabela%27s-legendary-adventures 
Cabelas North American Adventures 2011,8.99,9.99,16.99,047875764460,31627,https://www.pricecharting.com/game/psp/cabela%27s-north-american-adventures-2011 
Cake Mania Bakers Challenge,4.99,9.99,13.99,828068211837,15694,https://www.pricecharting.com/game/psp/cake-mania-baker%27s-challenge 
Call of Duty Roads to Victory,7.99,11.99,24.99,047875816398,8688,https://www.pricecharting.com/game/psp/call-of-duty-roads-to-victory 
Capcom Classics Collection Reloaded,10.99,13.99,19.99,013388270118,8690,https://www.pricecharting.com/game/psp/capcom-classics-collection-reloaded 
Capcom Classics Collection Remixed,9.99,13.99,24.99,013388270040,8691,https://www.pricecharting.com/game/psp/capcom-classics-collection-remixed 
Capcom Puzzle World,8.99,10.99,19.99,013388270095,8692,https://www.pricecharting.com/game/psp/capcom-puzzle-world 
Carol Vordermans Sudoku,1.99,2.99,3.99,788687400367,8698,https://www.pricecharting.com/game/psp/carol-vorderman%27s-sudoku 
Cars,3.99,6.99,14.99,752919480250,8700,https://www.pricecharting.com/game/psp/cars 
Cars 2,7.99,8.99,13.99,711719987666,32093,https://www.pricecharting.com/game/psp/cars-2 
Cars Race-O-Rama,3.99,8.99,15.99,752919480960,19754,https://www.pricecharting.com/game/psp/cars-race-o-rama 
Castlevania Dracula X Chronicles,29.99,44.99,94.99,083717260363,10321,https://www.pricecharting.com/game/psp/castlevania-dracula-x-chronicles 
Chameleon,2.99,3.99,4.99,695771600124,18625,https://www.pricecharting.com/game/psp/chameleon 
Chessmaster,3.99,4.99,8.99,008888333661,8721,https://www.pricecharting.com/game/psp/chessmaster 
Chili Con Carnage,19.99,39.99,64.99,788687400183,8728,https://www.pricecharting.com/game/psp/chili-con-carnage 
Cid the Dummy,3.99,4.99,9.99,878614001054,16194,https://www.pricecharting.com/game/psp/cid-the-dummy 
Class of Heroes,9.99,19.99,34.99,730865600069,19284,https://www.pricecharting.com/game/psp/class-of-heroes 
Class of Heroes 2,49.99,79.99,114.99,735366000110,34650,https://www.pricecharting.com/game/psp/class-of-heroes-2 
Cloudy with a Chance of Meatballs,6.99,8.99,11.99,008888335450,19594,https://www.pricecharting.com/game/psp/cloudy-with-a-chance-of-meatballs 
Coded Arms,4.99,8.99,12.99,083717260059,8748,https://www.pricecharting.com/game/psp/coded-arms 
Coded Arms Contagion,11.99,19.99,29.99,083717260295,8749,https://www.pricecharting.com/game/psp/coded-arms-contagion 
Code Lyoko Quest for Infinity,13.99,24.99,54.99,855433001861,13914,https://www.pricecharting.com/game/psp/code-lyoko-quest-for-infinity 
Crash Bandicoot Mind over Mutant,16.99,24.99,39.99,020626728041,15676,https://www.pricecharting.com/game/psp/crash-mind-over-mutant 
Crash of the Titans,9.99,15.99,19.99,020626726498,8771,https://www.pricecharting.com/game/psp/crash-of-the-titans 
Crash Tag Team Racing,10.99,11.99,19.99,020626723626,8774,https://www.pricecharting.com/game/psp/crash-tag-team-racing 
Crazy Taxi Fare Wars,7.99,10.99,19.99,010086660135,8778,https://www.pricecharting.com/game/psp/crazy-taxi-fare-wars 
Crimson Gem Saga,24.99,49.99,59.99,730865600083,19243,https://www.pricecharting.com/game/psp/crimson-gem-saga 
Crush,7.99,10.99,19.99,010086660203,8785,https://www.pricecharting.com/game/psp/crush 
Cube,4.99,10.99,12.99,879278110052,8790,https://www.pricecharting.com/game/psp/cube 
Dantes Inferno,24.99,34.99,54.99,014633193695014633364170,21684,https://www.pricecharting.com/game/psp/dante%27s-inferno 
Darkstalkers Chronicle The Chaos Tower,13.99,24.99,69.99,013388270019,8809,https://www.pricecharting.com/game/psp/darkstalkers-chronicle-the-chaos-tower 
Dave Mirra BMX Challenge,3.99,5.99,12.99,650008999075,8812,https://www.pricecharting.com/game/psp/dave-mirra-bmx-challenge 
Daxter,4.99,8.99,19.99,711719861829,8816,https://www.pricecharting.com/game/psp/daxter 
Dead Head Fred,11.99,24.99,39.99,879278110007879278115002,8822,https://www.pricecharting.com/game/psp/dead-head-fred 
Dead or Alive Paradise,19.99,44.99,59.99,018946010670,21150,https://www.pricecharting.com/game/psp/dead-or-alive-paradise 
Dead to Rights Reckoning,6.99,10.99,19.99,722674150057,8824,https://www.pricecharting.com/game/psp/dead-to-rights-reckoning 
Death Jr.,8.99,13.99,34.99,083717260011,8828,https://www.pricecharting.com/game/psp/death-jr 
Death Jr. 2 Root of Evil,10.99,24.99,44.99,083717260226,8829,https://www.pricecharting.com/game/psp/death-jr-2-root-of-evil 
Def Jam Fight for NY The Takeover,69.99,79.99,154.99,014633151381,8834,https://www.pricecharting.com/game/psp/def-jam-fight-for-ny-the-takeover 
Despicable Me,4.99,7.99,29.99,879278110144,21558,https://www.pricecharting.com/game/psp/despicable-me 
Diner Dash Sizzle and Serve,4.99,7.99,9.99,788687400336,8844,https://www.pricecharting.com/game/psp/diner-dash-sizzle-and-serve 
Dirt 2,9.99,12.99,24.99,767649402830,19589,https://www.pricecharting.com/game/psp/dirt-2 
Disgaea 2: Dark Hero Days,13.99,29.99,54.99,857823001406,19590,https://www.pricecharting.com/game/psp/disgaea-2-dark-hero-days 
Disgaea Afternoon of Darkness,9.99,14.99,29.99,857823001253,8848,https://www.pricecharting.com/game/psp/disgaea-afternoon-of-darkness 
Disgaea Infinite,9.99,24.99,54.99,813633010595,21524,https://www.pricecharting.com/game/psp/disgaea-infinite 
Dissidia 012 Final Fantasy,11.99,19.99,39.99,662248910369,31113,https://www.pricecharting.com/game/psp/dissidia-012-duodecim-final-fantasy 
Dissidia Final Fantasy,7.99,7.99,19.99,662248909028,19520,https://www.pricecharting.com/game/psp/dissidia-final-fantasy 
DJ Max Fever,4.99,7.99,10.99,897790002006,16248,https://www.pricecharting.com/game/psp/dj-max-fever 
DJ Max Fever Crew Edition,ND,ND,ND,,,https://www.pricecharting.com/game/psp/dj-max-fever-crew-edition 
DJ Max Portable 3,4.99,6.99,9.99,897790020512,34647,https://www.pricecharting.com/game/psp/dj-max-portable-3 
Downstream Panic,3.99,8.99,11.99,742725275652,11934,https://www.pricecharting.com/game/psp/downstream-panic 
Dragonball: Evolution,3.99,8.99,14.99,722674150347,17656,https://www.pricecharting.com/game/psp/dragonball-evolution 
Dragon Ball Z Shin Budokai,19.99,24.99,34.99,742725271852,8861,https://www.pricecharting.com/game/psp/dragon-ball-z-shin-budokai 
Dragon Ball Z Shin Budokai: Another Road,24.99,39.99,49.99,742725275348,8862,https://www.pricecharting.com/game/psp/dragon-ball-z-shin-budokai-another-road 
Dragon Ball Z: Tenkaichi Tag Team,59.99,74.99,124.99,722674150385,30309,https://www.pricecharting.com/game/psp/dragon-ball-z-tenkaichi-tag-team 
Dragoneers Aria,6.99,19.99,34.99,857823001833,8870,https://www.pricecharting.com/game/psp/dragoneer%27s-aria 
Driver 76,15.99,34.99,54.99,008888333487,8874,https://www.pricecharting.com/game/psp/driver-%2776 
DT Carnage,4.99,8.99,14.99,093992093525,21679,https://www.pricecharting.com/game/psp/dt-carnage 
Dual Pack: Capcom Classics Collection: Remixed & Reloaded,29.99,49.99,84.99,013388270248,34651,https://www.pricecharting.com/game/psp/capcom-classics-collection-dual-pack 
Dungeon Explorer Warriors of Ancient Arts,7.99,19.99,24.99,083717260370,14473,https://www.pricecharting.com/game/psp/dungeon-explorer-warriors-of-ancient-arts 
Dungeon Maker Hunting Ground,4.99,9.99,29.99,853466001049,8881,https://www.pricecharting.com/game/psp/dungeon-maker-hunting-ground 
Dungeon Maker II The Hidden War,7.99,19.99,39.99,695771600131,16149,https://www.pricecharting.com/game/psp/dungeon-maker-ii-the-hidden-war 
Dungeons & Dragons Tactics,10.99,14.99,29.99,742725275256,8883,https://www.pricecharting.com/game/psp/dungeons-%26-dragons-tactics 
Dungeon Siege Throne of Agony,2.99,8.99,15.99,710425239816710425338892,8882,https://www.pricecharting.com/game/psp/dungeon-siege-throne-of-agony 
Dynasty Warriors,4.99,6.99,13.99,040198001397,8887,https://www.pricecharting.com/game/psp/dynasty-warriors 
Dynasty Warriors Strikeforce,4.99,7.99,13.99,040198002011,18743,https://www.pricecharting.com/game/psp/dynasty-warriors-strikeforce 
Dynasty Warriors Vol. 2,8.99,9.99,19.99,040198001588,8888,https://www.pricecharting.com/game/psp/dynasty-warriors-vol-2 
EA Replay,4.99,9.99,19.99,014633152067,8890,https://www.pricecharting.com/game/psp/ea-replay 
End War,3.99,3.99,8.99,008888334064,15885,https://www.pricecharting.com/game/psp/end-war 
Eragon,2.99,3.99,4.99,020626724388,8909,https://www.pricecharting.com/game/psp/eragon 
Every Extend Extra,2.99,3.99,7.99,712725003241,8918,https://www.pricecharting.com/game/psp/every-extend-extra 
Exit,2.99,4.99,7.99,008888332992,8922,https://www.pricecharting.com/game/psp/exit 
EyePet Bundle,2.99,4.99,10.99,711719875925,32925,https://www.pricecharting.com/game/psp/eyepet-bundle 
F1 2009,12.99,24.99,29.99,767649403011,32353,https://www.pricecharting.com/game/psp/f1-2009 
Fading Shadows,3.99,9.99,11.99,093992093303,14631,https://www.pricecharting.com/game/psp/fading-shadows 
Family Guy,11.99,14.99,24.99,710425330247,8936,https://www.pricecharting.com/game/psp/family-guy 
Fast and the Furious,10.99,13.99,19.99,722674150125,8940,https://www.pricecharting.com/game/psp/fast-and-the-furious 
Fate/Extra,54.99,74.99,109.99,893610001518,32153,https://www.pricecharting.com/game/psp/fateextra 
Fate/Extra Limited Edition,39.99,104.99,154.99,893610001532,32154,https://www.pricecharting.com/game/psp/fateextra-limited-edition 
Fat Princess: Fistful of Cake,3.99,7.99,8.99,711719874027,21272,https://www.pricecharting.com/game/psp/fat-princess-fistful-of-cake 
Field Commander,3.99,4.99,10.99,814582409324,8952,https://www.pricecharting.com/game/psp/field-commander 
FIFA 2006,1.99,4.99,8.99,014633149920,8960,https://www.pricecharting.com/game/psp/fifa-06 
FIFA 2007,3.99,4.99,10.99,014633152548,8961,https://www.pricecharting.com/game/psp/fifa-07 
FIFA 2008,3.99,4.99,9.99,014633154849,8962,https://www.pricecharting.com/game/psp/fifa-08 
FIFA Soccer,2.99,4.99,19.99,014633148350,8958,https://www.pricecharting.com/game/psp/fifa-soccer 
FIFA Soccer 09,3.99,3.99,19.99,014633155068,15647,https://www.pricecharting.com/game/psp/fifa-soccer-09 
FIFA Soccer 10,4.99,4.99,12.99,014633157079,19775,https://www.pricecharting.com/game/psp/fifa-soccer-10 
FIFA Soccer 11,3.99,5.99,7.99,014633194920,22053,https://www.pricecharting.com/game/psp/fifa-soccer-11 
FIFA Soccer 12,7.99,9.99,11.99,014633196863,31764,https://www.pricecharting.com/game/psp/fifa-soccer-12 
FIFA Soccer 13,12.99,15.99,19.99,014633197648,33123,https://www.pricecharting.com/game/psp/fifa-soccer-13 
FIFA Street 2,12.99,19.99,34.99,014633151954,8964,https://www.pricecharting.com/game/psp/fifa-street-2 
Fight Night Round 3,10.99,11.99,19.99,014633151749,8965,https://www.pricecharting.com/game/psp/fight-night-round-3 
Final Fantasy,13.99,19.99,44.99,662248907031,8969,https://www.pricecharting.com/game/psp/final-fantasy 
Final Fantasy II,12.99,19.99,34.99,662248907048,8971,https://www.pricecharting.com/game/psp/final-fantasy-ii 
Final Fantasy IV Complete Collection,ND,ND,ND,,,https://www.pricecharting.com/game/psp/final-fantasy-iv-complete-collection 
Final Fantasy Tactics War of the Lions,ND,ND,ND,,,https://www.pricecharting.com/game/psp/final-fantasy-tactics-war-of-the-lions 
Final Fantasy VII Crisis Core,ND,ND,ND,,,https://www.pricecharting.com/game/psp/final-fantasy-vii-crisis-core 
FlatOut Head On,9.99,13.99,15.99,085391187998,11932,https://www.pricecharting.com/game/psp/flatout-head-on 
Ford Bold Moves Street Racing,7.99,11.99,19.99,788687400305,8986,https://www.pricecharting.com/game/psp/ford-bold-moves-street-racing 
Ford Racing Off Road,4.99,7.99,13.99,650008500233,14388,https://www.pricecharting.com/game/psp/ford-racing-off-road 
Frantix,1.99,3.99,7.99,814582409225,8990,https://www.pricecharting.com/game/psp/frantix 
Free Running,4.99,7.99,12.99,,8991,https://www.pricecharting.com/game/psp/free-running 
Frogger Helmet Chaos,4.99,11.99,15.99,083717260073,8995,https://www.pricecharting.com/game/psp/frogger-helmet-chaos 
From Russia With Love,8.99,13.99,24.99,014633151091,8996,https://www.pricecharting.com/game/psp/007-from-russia-with-love 
Full Auto 2,3.99,6.99,16.99,010086660111,8998,https://www.pricecharting.com/game/psp/full-auto-2 
Gangs of London,4.99,8.99,13.99,711719861720,9010,https://www.pricecharting.com/game/psp/gangs-of-london 
Generation of Chaos,7.99,19.99,49.99,857823001017,9020,https://www.pricecharting.com/game/psp/generation-of-chaos 
G-Force,2.99,4.99,5.99,712725005610,19394,https://www.pricecharting.com/game/psp/g-force 
Ghostbusters: The Video Game,7.99,9.99,15.99,742725278608,21552,https://www.pricecharting.com/game/psp/ghostbusters-the-video-game 
Ghost in the Shell Stand Alone Complex,13.99,34.99,49.99,045557188047,9028,https://www.pricecharting.com/game/psp/ghost-in-the-shell-stand-alone-complex 
Ghost Recon Advanced Warfighter 2,2.99,3.99,10.99,008888333470,9030,https://www.pricecharting.com/game/psp/ghost-recon-advanced-warfighter-2 
Ghost Recon: Predator,6.99,8.99,19.99,008888336075,30723,https://www.pricecharting.com/game/psp/ghost-recon-predator 
Ghost Rider,8.99,13.99,34.99,710425330322,9031,https://www.pricecharting.com/game/psp/ghost-rider 
G.I. Joe: The Rise of Cobra,3.99,4.99,10.99,014633191417,19456,https://www.pricecharting.com/game/psp/gi-joe-the-rise-of-cobra 
Gitaroo Man Lives,29.99,59.99,94.99,040198001601,9037,https://www.pricecharting.com/game/psp/gitaroo-man-lives 
Gladiator Begins,12.99,24.99,34.99,893610001389,22016,https://www.pricecharting.com/game/psp/gladiator-begins 
Godfather Mob Wars,11.99,19.99,34.99,014633149760,9040,https://www.pricecharting.com/game/psp/godfather-mob-wars 
God of War Chains of Olympus,11.99,14.99,44.99,711719865322,12962,https://www.pricecharting.com/game/psp/god-of-war-chains-of-olympus 
God of War: Ghost of Sparta,19.99,34.99,59.99,711719873723,30612,https://www.pricecharting.com/game/psp/god-of-war-ghost-of-sparta 
Gods Eater Burst,9.99,19.99,29.99,879278110168,31085,https://www.pricecharting.com/game/psp/gods-eater-burst 
Golden Compass,2.99,3.99,6.99,010086660210,9049,https://www.pricecharting.com/game/psp/the-golden-compass 
Go Sudoku,1.99,2.99,3.99,008888333098,9038,https://www.pricecharting.com/game/psp/go-sudoku 
Gradius Collection,19.99,39.99,69.99,083717260165,9054,https://www.pricecharting.com/game/psp/gradius-collection 
Grand Theft Auto: Chinatown Wars,19.99,24.99,39.99,710425336928710425336935,19824,https://www.pricecharting.com/game/psp/grand-theft-auto-chinatown-wars 
Grand Theft Auto Liberty City Stories,11.99,15.99,54.99,710425236969,9056,https://www.pricecharting.com/game/psp/grand-theft-auto-liberty-city-stories 
Grand Theft Auto Vice City Stories,19.99,29.99,59.99,710425279768,9059,https://www.pricecharting.com/game/psp/grand-theft-auto-vice-city-stories 
Gran Turismo,9.99,15.99,24.99,711719863229,20113,https://www.pricecharting.com/game/psp/gran-turismo 
Gretzky NHL,2.99,4.99,10.99,711719860426,9069,https://www.pricecharting.com/game/psp/gretzky-nhl 
Gretzky NHL 2006,2.99,4.99,9.99,711719862727,9070,https://www.pricecharting.com/game/psp/gretzky-nhl-06 
GripShift,2.99,4.99,8.99,814582409126,9072,https://www.pricecharting.com/game/psp/gripshift 
Growlanser Wayfarer of Time,34.99,59.99,79.99,730865600182,32968,https://www.pricecharting.com/game/psp/growlanser-wayfarer-of-time 
Guilty Gear Judgment,4.99,19.99,29.99,096427014423,9074,https://www.pricecharting.com/game/psp/guilty-gear-judgment 
Guilty Gear XX Accent Core Plus,7.99,13.99,16.99,893610001174,21678,https://www.pricecharting.com/game/psp/guilty-gear-xx-accent-core-plus 
Gungnir,39.99,64.99,89.99,730865600199,32841,https://www.pricecharting.com/game/psp/gungnir 
Gunpey,1.99,6.99,10.99,722674150231,9080,https://www.pricecharting.com/game/psp/gunpey 
Gun Showdown,13.99,19.99,44.99,047875810914,9077,https://www.pricecharting.com/game/psp/gun-showdown 
Gurumin A Monstrous Adventure,29.99,44.99,79.99,859292000225,9082,https://www.pricecharting.com/game/psp/gurumin-a-monstrous-adventure 
Hakuoki: Demon Of The Fleeting Blossom,9.99,12.99,19.99,893610001501,32487,https://www.pricecharting.com/game/psp/hakuoki-demon-of-the-fleeting-blossom 
Hakuoki: Demon Of The Fleeting Blossom Limited Edition,24.99,29.99,34.99,893610001549,32488,https://www.pricecharting.com/game/psp/hakuoki-demon-of-the-fleeting-blossom-limited-edition 
Hakuoki: Warriors of the Shinsengumi,11.99,12.99,24.99,893610001693,33853,https://www.pricecharting.com/game/psp/hakuoki-warriors-of-the-shinsengumi 
Half-Minute Hero,11.99,19.99,24.99,853466001230,19759,https://www.pricecharting.com/game/psp/half-minute-hero 
Hammerin Hero,54.99,114.99,214.99,730865600076,17655,https://www.pricecharting.com/game/psp/hammerin%27-hero 
Hannah Montana: Rock Out the Show,2.99,3.99,6.99,712725017767,19470,https://www.pricecharting.com/game/psp/hannah-montana-rock-out-the-show 
Hannspree Ten Kate Honda SBK Superbike World Championship,3.99,4.99,9.99,853333001271,14790,https://www.pricecharting.com/game/psp/hannspree-ten-kate-honda-sbk-superbike-world-championship 
Hard Rock Casino,3.99,3.99,9.99,650008999013,9089,https://www.pricecharting.com/game/psp/hard-rock-casino 
Harlem Globetrotters World Tour,ND,ND,ND,,,https://www.pricecharting.com/game/psp/harlem-globetrotters-world-tour 
Harry Potter and the Goblet of Fire,3.99,4.99,13.99,014633149883,9093,https://www.pricecharting.com/game/psp/harry-potter-and-the-goblet-of-fire 
Harry Potter and the Half-Blood Prince,3.99,6.99,19.99,014633155204,21680,https://www.pricecharting.com/game/psp/harry-potter-and-the-half-blood-prince 
Harry Potter and the Order of the Phoenix,6.99,8.99,16.99,014633154986,9094,https://www.pricecharting.com/game/psp/harry-potter-and-the-order-of-the-phoenix 
Harvest Moon Boy and Girl,13.99,24.99,34.99,719593110033,9095,https://www.pricecharting.com/game/psp/harvest-moon-boy-and-girl 
Harvest Moon: Hero of Leaf Valley,24.99,69.99,94.99,719593110040,21262,https://www.pricecharting.com/game/psp/harvest-moon-hero-of-leaf-valley 
Harvey Birdman Attorney at Law,6.99,9.99,13.99,013388270149,9096,https://www.pricecharting.com/game/psp/harvey-birdman-attorney-at-law 
Heatseeker,7.99,7.99,19.99,767649401574,9099,https://www.pricecharting.com/game/psp/heatseeker 
Hellboy Science of Evil,7.99,9.99,15.99,083717260349083717260462,13991,https://www.pricecharting.com/game/psp/hellboy-science-of-evil 
Hexyz Force,59.99,179.99,234.99,730865600137,21515,https://www.pricecharting.com/game/psp/hexyz-force 
History Channel Great Battles of Rome,10.99,13.99,24.99,853333001172,9111,https://www.pricecharting.com/game/psp/history-channel-great-battles-of-rome 
Hot Brain,3.99,3.99,7.99,031719269938,9122,https://www.pricecharting.com/game/psp/hot-brain 
Hot Pxl,2.99,3.99,8.99,742725273917,9123,https://www.pricecharting.com/game/psp/hot-pxl 
Hot Shots Golf and Hot Shots Tennis,3.99,5.99,10.99,711719987710,32422,https://www.pricecharting.com/game/psp/hot-shots-golf-and-hot-shots-tennis 
Hot Shots Golf Open Tee,2.99,2.99,3.99,711719861423,9125,https://www.pricecharting.com/game/psp/hot-shots-golf-open-tee 
Hot Shots Golf Open Tee 2,3.99,3.99,3.99,711719869320,13876,https://www.pricecharting.com/game/psp/hot-shots-golf-open-tee-2 
Hot Shots Tennis: Get a Grip,2.99,2.99,3.99,711719870128,21580,https://www.pricecharting.com/game/psp/hot-shots-tennis-get-a-grip 
Hot Wheels Ultimate Racing,4.99,7.99,15.99,802068100964,9130,https://www.pricecharting.com/game/psp/hot-wheels-ultimate-racing 
Hustle Detroit Streets,2.99,3.99,5.99,047875752115,9134,https://www.pricecharting.com/game/psp/hustle-detroit-streets 
IL-2 Sturmovik: Birds of Prey,6.99,12.99,19.99,812872015019,19556,https://www.pricecharting.com/game/psp/il-2-sturmovik-birds-of-prey 
Indiana Jones and the Staff of Kings,7.99,11.99,19.99,023272337391,19274,https://www.pricecharting.com/game/psp/indiana-jones-and-the-staff-of-kings 
Infected,8.99,12.99,24.99,096427014119,9147,https://www.pricecharting.com/game/psp/infected 
Innocent Life A Futuristic Harvest Moon,8.99,15.99,24.99,719593110026,9148,https://www.pricecharting.com/game/psp/innocent-life-a-futuristic-harvest-moon 
Invizimals,3.99,4.99,19.99,711719874621,22178,https://www.pricecharting.com/game/psp/invizimals 
Invizimals: Shadow Zone,3.99,6.99,19.99,711719876021,31908,https://www.pricecharting.com/game/psp/invizimals-shadow-zone 
Iron Man,3.99,4.99,11.99,010086660234,13904,https://www.pricecharting.com/game/psp/iron-man 
Iron Man 2,4.99,6.99,15.99,010086660296,21267,https://www.pricecharting.com/game/psp/iron-man-2 
Jackass The Game,8.99,9.99,13.99,855743001117,9157,https://www.pricecharting.com/game/psp/jackass-the-game 
Jak and Daxter: The Lost Frontier,12.99,19.99,29.99,711719863427,19937,https://www.pricecharting.com/game/psp/jak-and-daxter-the-lost-frontier 
Jeanne dArc,24.99,44.99,74.99,711719870029,9166,https://www.pricecharting.com/game/psp/jeanne-d%27arc 
Jikandia: The Timeless Land,5.99,11.99,19.99,893610001419,31115,https://www.pricecharting.com/game/psp/jikandia-the-timeless-land 
Juiced 2 Hot Import Nights,6.99,10.99,15.99,752919480335,9185,https://www.pricecharting.com/game/psp/juiced-2-hot-import-nights 
Juiced Eliminator,4.99,8.99,14.99,752919480267,9187,https://www.pricecharting.com/game/psp/juiced-eliminator 
Justice League Heroes,8.99,11.99,19.99,788687400268,9191,https://www.pricecharting.com/game/psp/justice-league-heroes 
Kao Challengers,6.99,12.99,24.99,742725272279,9194,https://www.pricecharting.com/game/psp/kao-challengers 
Kenka Bancho: Badass Rumble,64.99,109.99,124.99,730865600113,19980,https://www.pricecharting.com/game/psp/kenka-bancho-badass-rumble 
Killzone Liberation,3.99,3.99,7.99,711719864622,9206,https://www.pricecharting.com/game/psp/killzone-liberation 
Kingdom Hearts: Birth by Sleep,9.99,11.99,29.99,662248910086,21991,https://www.pricecharting.com/game/psp/kingdom-hearts-birth-by-sleep 
Kingdom of Paradise,1.99,4.99,8.99,711719862321,9211,https://www.pricecharting.com/game/psp/kingdom-of-paradise 
King of Fighters Collection The Orochi Saga,24.99,39.99,64.99,828862300041,16060,https://www.pricecharting.com/game/psp/king-of-fighters-collection-the-orochi-saga 
Knights in the Nightmare,29.99,44.99,64.99,730865600151,31754,https://www.pricecharting.com/game/psp/knights-in-the-nightmare 
Legend of Heroes A Tear of Vermillion,19.99,34.99,59.99,045557188023,9230,https://www.pricecharting.com/game/psp/legend-of-heroes-a-tear-of-vermillion 
Legend of Heroes III Song of the Ocean,69.99,149.99,199.99,722674150255,9232,https://www.pricecharting.com/game/psp/legend-of-heroes-iii-song-of-the-ocean 
Legend of Heroes II Prophecy of the Moonlight Witch,34.99,69.99,129.99,722674150156,9231,https://www.pricecharting.com/game/psp/legend-of-heroes-ii-prophecy-of-the-moonlight-witch 
Legend of the Dragon,3.99,7.99,12.99,855433001489,9235,https://www.pricecharting.com/game/psp/legend-of-the-dragon 
LEGO Batman The Videogame,7.99,9.99,16.99,883929020676,15022,https://www.pricecharting.com/game/psp/lego-batman-the-videogame 
LEGO Harry Potter: Years 1-4,7.99,7.99,12.99,883929119653883929085965,21570,https://www.pricecharting.com/game/psp/lego-harry-potter-years-1-4 
LEGO Harry Potter Years 5-7,5.99,6.99,10.99,883929186471,32119,https://www.pricecharting.com/game/psp/lego-harry-potter-years-5-7 
LEGO Indiana Jones 2: The Adventure Continues,3.99,4.99,11.99,023272339395023272339371,19998,https://www.pricecharting.com/game/psp/lego-indiana-jones-2-the-adventure-continues 
LEGO Indiana Jones The Original Adventures,4.99,6.99,11.99,023272333393023272333379,13862,https://www.pricecharting.com/game/psp/lego-indiana-jones-the-original-adventures 
LEGO Pirates of the Caribbean: The Video Game,6.99,7.99,10.99,712725021184712725021337,31412,https://www.pricecharting.com/game/psp/lego-pirates-of-the-caribbean-the-video-game 
LEGO Star Wars III: The Clone Wars,8.99,8.99,16.99,023272342395023272342371,31104,https://www.pricecharting.com/game/psp/lego-star-wars-iii-the-clone-wars 
LEGO Star Wars II Original Trilogy,4.99,7.99,14.99,023272329396,9237,https://www.pricecharting.com/game/psp/lego-star-wars-ii-original-trilogy 
Lemmings,4.99,6.99,9.99,711719864721,9238,https://www.pricecharting.com/game/psp/lemmings 
LittleBigPlanet,5.99,7.99,12.99,711719874423,20036,https://www.pricecharting.com/game/psp/littlebigplanet 
LocoRoco,3.99,5.99,9.99,711719866220,9252,https://www.pricecharting.com/game/psp/locoroco 
LocoRoco 2,3.99,6.99,11.99,711719873129,16287,https://www.pricecharting.com/game/psp/locoroco-2 
Lord of Arcana,3.99,6.99,8.99,662248910314,30875,https://www.pricecharting.com/game/psp/lord-of-arcana 
Lord of the Rings Tactics,4.99,7.99,19.99,014633149906,9256,https://www.pricecharting.com/game/psp/lord-of-the-rings-tactics 
Lumines,1.99,4.99,16.99,008888332435,9258,https://www.pricecharting.com/game/psp/lumines 
Lumines II,2.99,4.99,7.99,712725003234,9259,https://www.pricecharting.com/game/psp/lumines-ii 
Lunar: Silver Star Harmony,49.99,69.99,109.99,853466001247,21014,https://www.pricecharting.com/game/psp/lunar-silver-star-harmony 
Lunar: Silver Star Harmony Limited Edition,49.99,124.99,169.99,853466001315,21015,https://www.pricecharting.com/game/psp/lunar-silver-star-harmony-premium-edition 
Luxor Pharaohs Challenge,2.99,3.99,7.99,811930103798,14574,https://www.pricecharting.com/game/psp/luxor-pharaoh%27s-challenge 
Luxor Wrath of Set,4.99,6.99,11.99,811930103149,9261,https://www.pricecharting.com/game/psp/luxor-wrath-of-set 
M.A.C.H.,7.99,11.99,19.99,020626725125,9262,https://www.pricecharting.com/game/psp/mach 
Madden 2007,2.99,3.99,8.99,014633152487,9264,https://www.pricecharting.com/game/psp/madden-2007 
Madden 2009,2.99,3.99,9.99,014633155044014633357844,14182,https://www.pricecharting.com/game/psp/madden-2009 
Madden NFL 08,1.99,4.99,16.99,014633154832014633357639,9267,https://www.pricecharting.com/game/psp/madden-2008 
Madden NFL 10,4.99,7.99,13.99,014633157055,19481,https://www.pricecharting.com/game/psp/madden-nfl-10 
Madden NFL 11,7.99,9.99,19.99,014633193534014633363869,21867,https://www.pricecharting.com/game/psp/madden-nfl-11 
Madden NFL 12,19.99,19.99,34.99,014633196702014633366174,31676,https://www.pricecharting.com/game/psp/madden-nfl-12 
Madden NFL 2006,2.99,2.99,8.99,014633149654,9268,https://www.pricecharting.com/game/psp/madden-2006 
Major League Baseball 2K10,3.99,3.99,8.99,710425337437,21002,https://www.pricecharting.com/game/psp/major-league-baseball-2k10 
Major League Baseball 2K11,3.99,3.99,7.99,710425339677,31023,https://www.pricecharting.com/game/psp/major-league-baseball-2k11 
Major League Baseball 2K12,7.99,8.99,9.99,710425431173,32588,https://www.pricecharting.com/game/psp/major-league-baseball-2k12 
Major League Baseball 2K6,1.99,3.99,3.99,710425239380,9276,https://www.pricecharting.com/game/psp/major-league-baseball-2k6 
Major League Baseball 2K7,1.99,3.99,6.99,710425371271,9278,https://www.pricecharting.com/game/psp/major-league-baseball-2k7 
Major League Baseball 2K8,1.99,2.99,4.99,710425333576,11933,https://www.pricecharting.com/game/psp/major-league-baseball-2k8 
Major League Baseball 2K9,2.99,2.99,10.99,710425335365,16353,https://www.pricecharting.com/game/psp/major-league-baseball-2k9 
Mana Khemia Student Alliance,9.99,39.99,54.99,857823001260,15857,https://www.pricecharting.com/game/psp/mana-khemia-student-alliance 
Manhunt 2,24.99,39.99,69.99,710425330681,9282,https://www.pricecharting.com/game/psp/manhunt-2 
Marvel Nemesis Rise of the Imperfects,8.99,11.99,44.99,014633151008,9294,https://www.pricecharting.com/game/psp/marvel-nemesis-rise-of-the-imperfects 
Marvel Super Hero Squad,4.99,9.99,14.99,752919480861,19802,https://www.pricecharting.com/game/psp/marvel-super-hero-squad 
Marvel Trading Card Game,7.99,14.99,24.99,083717260271,9296,https://www.pricecharting.com/game/psp/marvel-trading-card-game 
Marvel Ultimate Alliance,12.99,19.99,39.99,047875814837,9297,https://www.pricecharting.com/game/psp/marvel-ultimate-alliance 
Marvel: Ultimate Alliance 2,14.99,19.99,39.99,047875834576,21685,https://www.pricecharting.com/game/psp/marvel-ultimate-alliance-2 
Me and My Katamari,10.99,12.99,19.99,722674150071,9310,https://www.pricecharting.com/game/psp/me-and-my-katamari 
Medal of Honor Heroes,4.99,4.99,19.99,014633152876014633169188,9312,https://www.pricecharting.com/game/psp/medal-of-honor-heroes 
Medal of Honor Heroes 2,4.99,7.99,15.99,014633154924,10524,https://www.pricecharting.com/game/psp/medal-of-honor-heroes-2 
MediEvil Resurrection,9.99,13.99,39.99,711719862024,9313,https://www.pricecharting.com/game/psp/medievil-resurrection 
Mega Man Dual Pack,19.99,34.99,44.99,013388270231,32459,https://www.pricecharting.com/game/psp/mega-man-dual-pack 
Mega Man Maverick Hunter X,7.99,14.99,24.99,013388270057,9319,https://www.pricecharting.com/game/psp/mega-man-maverick-hunter-x 
Mega Man Powered Up,12.99,19.99,34.99,013388270071,9320,https://www.pricecharting.com/game/psp/mega-man-powered-up 
MegaMind: The Blue Defender,3.99,4.99,7.99,752919481660,30631,https://www.pricecharting.com/game/psp/megamind-the-blue-defender 
Mercury,2.99,3.99,10.99,893384000274,9323,https://www.pricecharting.com/game/psp/mercury 
Mercury Meltdown,2.99,4.99,7.99,893384000281,9324,https://www.pricecharting.com/game/psp/mercury-meltdown 
Mercury & Mercury Meltdown Combo,1.99,2.99,4.99,893384000526,34648,https://www.pricecharting.com/game/psp/mercury-%26-mercury-meltdown-combo 
Metal Gear Acid,11.99,24.99,64.99,083717260028,9325,https://www.pricecharting.com/game/psp/metal-gear-acid 
Metal Gear Acid 2,24.99,49.99,69.99,083717260103,9326,https://www.pricecharting.com/game/psp/metal-gear-acid-2 
Metal Gear Solid Digital Graphic Novel,19.99,44.99,54.99,083717260172,9327,https://www.pricecharting.com/game/psp/metal-gear-solid-digital-graphic-novel 
Metal Gear Solid: Peace Walker,12.99,19.99,24.99,083717260561083717260578,21535,https://www.pricecharting.com/game/psp/metal-gear-solid-peace-walker 
Metal Gear Solid Portable Ops,7.99,12.99,15.99,083717260318,9328,https://www.pricecharting.com/game/psp/metal-gear-solid-portable-ops 
Metal Gear Solid Portable Ops Plus,7.99,12.99,19.99,083717260394083717260424,10525,https://www.pricecharting.com/game/psp/metal-gear-solid-portable-ops-plus 
Metal Slug Anthology,15.99,24.99,39.99,828862300010,9329,https://www.pricecharting.com/game/psp/metal-slug-anthology 
Metal Slug XX,34.99,59.99,99.99,730865600120,20784,https://www.pricecharting.com/game/psp/metal-slug-xx 
Miami Vice,4.99,12.99,19.99,020626725538,9333,https://www.pricecharting.com/game/psp/miami-vice 
Michael Jackson: The Experience,3.99,3.99,4.99,008888336297,30762,https://www.pricecharting.com/game/psp/michael-jackson-the-experience 
Micro Machines V4,6.99,8.99,24.99,767649401307,9342,https://www.pricecharting.com/game/psp/micro-machines-v4 
Midnight Club 3 DUB Edition,12.99,19.99,44.99,710425236976,9343,https://www.pricecharting.com/game/psp/midnight-club-3-dub-edition 
Midnight Club LA Remix,11.99,14.99,29.99,710425334368710425334955,15789,https://www.pricecharting.com/game/psp/midnight-club-la-remix 
Midway Arcade Treasures Extended Play,10.99,11.99,24.99,031719269426,9345,https://www.pricecharting.com/game/psp/midway-arcade-treasures-extended-play 
Mimana Iyar Chronicles,14.99,44.99,69.99,893610001297,21151,https://www.pricecharting.com/game/psp/mimana-iyar-chronicles 
Mind Quiz,2.99,2.99,8.99,008888333364,9354,https://www.pricecharting.com/game/psp/mind-quiz 
MLB,2.99,3.99,4.99,711719860525,9359,https://www.pricecharting.com/game/psp/mlb 
MLB 06 The Show,2.99,3.99,9.99,711719862420,9360,https://www.pricecharting.com/game/psp/mlb-06-the-show 
MLB 07 The Show,2.99,2.99,6.99,711719866725,9361,https://www.pricecharting.com/game/psp/mlb-07-the-show 
MLB 08 The Show,2.99,2.99,8.99,711719869627,14180,https://www.pricecharting.com/game/psp/mlb-08-the-show 
MLB 09: The Show,1.99,3.99,7.99,711719873020,16357,https://www.pricecharting.com/game/psp/mlb-09-the-show 
MLB 10 The Show,2.99,3.99,7.99,711719874225,20998,https://www.pricecharting.com/game/psp/mlb-10-the-show 
MLB 11: The Show,10.99,10.99,16.99,711719875826,31029,https://www.pricecharting.com/game/psp/mlb-11-the-show 
ModNation Racers,2.99,4.99,6.99,711719874126,31607,https://www.pricecharting.com/game/psp/modnation-racers 
Monster Hunter Freedom,8.99,13.99,24.99,013388270064,9367,https://www.pricecharting.com/game/psp/monster-hunter-freedom 
Monster Hunter Freedom 2,4.99,8.99,19.99,013388270132,9368,https://www.pricecharting.com/game/psp/monster-hunter-freedom-2 
Monster Hunter Freedom Unite,8.99,14.99,29.99,013388270163,19334,https://www.pricecharting.com/game/psp/monster-hunter-freedom-unite 
Monster Jam: Path of Destruction,7.99,9.99,15.99,047875765085047875765092,30678,https://www.pricecharting.com/game/psp/monster-jam-path-of-destruction 
Monster Jam Urban Assault,3.99,7.99,29.99,047875757134047875758230,15852,https://www.pricecharting.com/game/psp/monster-jam-urban-assault 
Monster Kingdom Jewel Summoner,44.99,64.99,134.99,730865600014,9369,https://www.pricecharting.com/game/psp/monster-kingdom-jewel-summoner 
Mortal Kombat Unchained,13.99,19.99,34.99,031719269440,9375,https://www.pricecharting.com/game/psp/mortal-kombat-unchained 
MotoGP,7.99,10.99,13.99,722674150224,9376,https://www.pricecharting.com/game/psp/motogp 
MotorStorm: Arctic Edge,4.99,7.99,10.99,711719874324,19811,https://www.pricecharting.com/game/psp/motorstorm-arctic-edge 
Motorstorm: Arctic Edge & Twisted Metal,12.99,16.99,29.99,711719987697,32423,https://www.pricecharting.com/game/psp/motorstorm-arctic-edge-%26-twisted-metal 
MTX Mototrax,4.99,7.99,13.99,047875753174,9385,https://www.pricecharting.com/game/psp/mtx-mototrax 
MVP Baseball,2.99,4.99,10.99,014633148930,9391,https://www.pricecharting.com/game/psp/mvp-baseball 
MX vs. ATV Reflex,3.99,4.99,29.99,752919480762,20046,https://www.pricecharting.com/game/psp/mx-vs-atv-reflex 
MX vs. ATV Unleashed On the Edge,2.99,4.99,11.99,752919480205,9393,https://www.pricecharting.com/game/psp/mx-vs-atv-unleashed-on-the-edge 
MX vs ATV Untamed,3.99,4.99,9.99,752919480380,10923,https://www.pricecharting.com/game/psp/mx-vs-atv-untamed 
My Spanish Coach,3.99,3.99,7.99,008888333913,16415,https://www.pricecharting.com/game/psp/my-spanish-coach 
Mytran Wars,2.99,15.99,19.99,895678002049,16063,https://www.pricecharting.com/game/psp/mytran-wars 
N+,ND,ND,ND,,,https://www.pricecharting.com/game/psp/n%2B 
Namco Museum Battle Collection,5.99,8.99,19.99,722674150040,9398,https://www.pricecharting.com/game/psp/namco-museum-battle-collection 
Napoleon Dynamite,3.99,6.99,9.99,650008999129,10322,https://www.pricecharting.com/game/psp/napoleon-dynamite 
Naruto Shippuden: Kizuna Drive,8.99,19.99,29.99,722674150392,31114,https://www.pricecharting.com/game/psp/naruto-shippuden-kizuna-drive 
Naruto Shippuden Legends: Akatsuki Rising,7.99,10.99,24.99,722674150323,19724,https://www.pricecharting.com/game/psp/naruto-shippuden-legends-akatsuki-rising 
Naruto Shippuden: Ultimate Ninja Heroes 3,16.99,29.99,39.99,722674150378,21288,https://www.pricecharting.com/game/psp/naruto-shippuden-ultimate-ninja-heroes-3 
Naruto Shippuden: Ultimate Ninja Impact,24.99,59.99,89.99,722674150408,31854,https://www.pricecharting.com/game/psp/naruto-shippuden-ultimate-ninja-impact 
Naruto Ultimate Ninja Heroes,8.99,11.99,34.99,722674150262,9399,https://www.pricecharting.com/game/psp/naruto-ultimate-ninja-heroes 
Naruto Ultimate Ninja Heroes 2 The Phantom Fortress,10.99,13.99,29.99,722674150286,13992,https://www.pricecharting.com/game/psp/naruto-ultimate-ninja-heroes-2-the-phantom-fortress 
NASCAR,9.99,12.99,29.99,014633152197,9400,https://www.pricecharting.com/game/psp/nascar 
NBA,3.99,3.99,6.99,711719860723,9403,https://www.pricecharting.com/game/psp/nba 
NBA 08,1.99,2.99,4.99,711719869924,9405,https://www.pricecharting.com/game/psp/nba-08 
NBA 09 The Inside,2.99,3.99,7.99,711719871521,15684,https://www.pricecharting.com/game/psp/nba-09-the-inside 
NBA 10: The Inside,2.99,3.99,4.99,711719873822,19725,https://www.pricecharting.com/game/psp/nba-10-the-inside 
NBA 2006,2.99,3.99,8.99,711719862628,9407,https://www.pricecharting.com/game/psp/nba-2006 
NBA 2007,3.99,7.99,19.99,711719864424,9408,https://www.pricecharting.com/game/psp/nba-2007 
NBA 2K10,4.99,7.99,24.99,710425336423,19789,https://www.pricecharting.com/game/psp/nba-2k10 
NBA 2K11,7.99,8.99,39.99,710425338540,22103,https://www.pricecharting.com/game/psp/nba-2k11 
NBA 2K12,9.99,13.99,24.99,710425430602,31799,https://www.pricecharting.com/game/psp/nba-2k12 
NBA 2K13,24.99,29.99,39.99,710425431913,33142,https://www.pricecharting.com/game/psp/nba-2k13 
NBA Ballers Rebound,10.99,19.99,24.99,031719269457,9420,https://www.pricecharting.com/game/psp/nba-ballers-rebound 
NBA Live 09,3.99,4.99,8.99,014633155082,15017,https://www.pricecharting.com/game/psp/nba-live-09 
NBA Live 10,7.99,7.99,19.99,014633158175,19703,https://www.pricecharting.com/game/psp/nba-live-10 
NBA Live 2006,2.99,3.99,6.99,014633149944,9426,https://www.pricecharting.com/game/psp/nba-live-2006 
NBA Live 2007,2.99,3.99,6.99,014633152418,9427,https://www.pricecharting.com/game/psp/nba-live-2007 
NBA Live 2008,2.99,3.99,12.99,014633154887,9429,https://www.pricecharting.com/game/psp/nba-live-2008 
NBA Street Showdown,9.99,13.99,49.99,014633148947,9440,https://www.pricecharting.com/game/psp/nba-street-showdown 
NCAA Football 09,7.99,8.99,19.99,014633155037,14128,https://www.pricecharting.com/game/psp/ncaa-football-09 
NCAA Football 10,19.99,24.99,34.99,014633190144,19381,https://www.pricecharting.com/game/psp/ncaa-football-10 
NCAA Football 2007,4.99,6.99,13.99,014633152326,9444,https://www.pricecharting.com/game/psp/ncaa-football-2007 
Need for Speed Carbon Own the City,7.99,9.99,34.99,014633152623,9446,https://www.pricecharting.com/game/psp/need-for-speed-carbon-own-the-city 
Need for Speed Most Wanted,7.99,8.99,24.99,014633149401014633169195,9447,https://www.pricecharting.com/game/psp/need-for-speed-most-wanted 
Need for Speed Pro Street,ND,ND,ND,,,https://www.pricecharting.com/game/psp/need-for-speed-pro-street 
Need for Speed Shift,6.99,7.99,13.99,014633192414,19626,https://www.pricecharting.com/game/psp/need-for-speed-shift 
Need for Speed Undercover,7.99,8.99,14.99,014633155129014633357929,16015,https://www.pricecharting.com/game/psp/need-for-speed-undercover 
Need for Speed Underground Rivals,7.99,8.99,19.99,014633148374,6749,https://www.pricecharting.com/game/psp/need-for-speed-underground-rivals 
Neopets Petpet Adventures The Wand of Wishing,5.99,7.99,9.99,711719862222,9448,https://www.pricecharting.com/game/psp/neopets-petpet-adventures-the-wand-of-wishing 
Neverland Card Battles,3.99,4.99,10.99,891767001023,15862,https://www.pricecharting.com/game/psp/neverland-card-battles 
NFL Street 2 Unleashed,8.99,12.99,24.99,014633148800,9465,https://www.pricecharting.com/game/psp/nfl-street-2-unleashed 
NFL Street 3,8.99,11.99,24.99,014633152241,9466,https://www.pricecharting.com/game/psp/nfl-street-3 
NHL 07,7.99,11.99,19.99,014633152357,9467,https://www.pricecharting.com/game/psp/nhl-07 
NHRA Countdown to the Championship,4.99,9.99,13.99,752919480359,9481,https://www.pricecharting.com/game/psp/nhra-countdown-to-the-championship 
Obscure: The Aftermath,24.99,49.99,74.99,813582010127,21682,https://www.pricecharting.com/game/psp/obscure-the-aftermath 
Online Chess Kingdoms,3.99,4.99,7.99,083717260202,9503,https://www.pricecharting.com/game/psp/online-chess-kingdoms 
Open Season,3.99,4.99,14.99,008888333135,9505,https://www.pricecharting.com/game/psp/open-season 
OutRun 2006 Coast 2 Coast,24.99,34.99,114.99,010086660036,9513,https://www.pricecharting.com/game/psp/outrun-2006-coast-2-coast 
Over the Hedge Hammy Goes Nuts,4.99,9.99,19.99,047875816435,9515,https://www.pricecharting.com/game/psp/over-the-hedge-hammy-goes-nuts 
Pac-Man World 3,11.99,15.99,24.99,722674150033,9520,https://www.pricecharting.com/game/psp/pac-man-world-3 
Pac-Man World Rally,9.99,12.99,24.99,722674150101,9521,https://www.pricecharting.com/game/psp/pac-man-world-rally 
Pangya: Fantasy Golf,4.99,7.99,11.99,053941704414,19335,https://www.pricecharting.com/game/psp/pangya-fantasy-golf 
PaRappa the Rapper,12.99,19.99,34.99,711719870227,9531,https://www.pricecharting.com/game/psp/parappa-the-rapper 
Patapon,3.99,4.99,6.99,711719871125,11930,https://www.pricecharting.com/game/psp/patapon 
Patapon 2,7.99,12.99,16.99,711719873228,18750,https://www.pricecharting.com/game/psp/patapon-2 
Patapon 3,9.99,19.99,24.99,711719875123,31319,https://www.pricecharting.com/game/psp/patapon-3 
Patapon and Loco Roco,3.99,4.99,7.99,711719987703,32424,https://www.pricecharting.com/game/psp/patapon-and-loco-roco 
Payout Poker and Casino,4.99,4.99,10.99,722674150088,9533,https://www.pricecharting.com/game/psp/payout-poker-and-casino 
PDC World Championship Darts 2008,3.99,4.99,10.99,878614001153,16223,https://www.pricecharting.com/game/psp/pdc-world-championship-darts-2008 
Peter Jacksons King Kong,6.99,7.99,19.99,008888332817,9539,https://www.pricecharting.com/game/psp/peter-jackson%27s-king-kong 
Petz: Dogz Family,6.99,7.99,14.99,008888334385,19896,https://www.pricecharting.com/game/psp/petz-dogz-family 
Petz: Hamsterz Bunch,3.99,3.99,5.99,008888335153,19895,https://www.pricecharting.com/game/psp/petz-hamsterz-bunch 
Petz: Saddle Club,4.99,8.99,13.99,008888334842,19897,https://www.pricecharting.com/game/psp/petz-saddle-club 
Phantasy Star Portable,12.99,24.99,34.99,010086660265,16374,https://www.pricecharting.com/game/psp/phantasy-star-portable 
Phantasy Star Portable 2,34.99,69.99,94.99,010086660326,22015,https://www.pricecharting.com/game/psp/phantasy-star-portable-2 
Phantom Brave: The Hermuda Triangle,9.99,19.99,44.99,813633011141,31033,https://www.pricecharting.com/game/psp/phantom-brave-the-hermuda-triangle 
Pilot Academy,2.99,3.99,9.99,,54820,https://www.pricecharting.com/game/psp/pilot-academy 
Pimp My Ride,3.99,7.99,13.99,047875753013,9551,https://www.pricecharting.com/game/psp/pimp-my-ride 
Pinball Hall of Fame,3.99,4.99,12.99,650008999051,9553,https://www.pricecharting.com/game/psp/pinball-hall-of-fame 
Pinball Hall of Fame The Williams Collection,6.99,9.99,16.99,650008999105,9554,https://www.pricecharting.com/game/psp/pinball-hall-of-fame-the-williams-collection 
Pipe Mania,3.99,4.99,4.99,744788028343,15073,https://www.pricecharting.com/game/psp/pipe-mania 
Pirates of the Caribbean At Worlds End,2.99,3.99,11.99,712725003555,9560,https://www.pricecharting.com/game/psp/pirates-of-the-caribbean-at-world%27s-end 
Pirates of the Caribbean Dead Mans Chest,2.99,3.99,9.99,712725002145,9561,https://www.pricecharting.com/game/psp/pirates-of-the-caribbean-dead-man%27s-chest 
Pixel Junk Monsters Deluxe,1.99,2.99,4.99,711719873921,30993,https://www.pricecharting.com/game/psp/pixel-junk-monsters-deluxe 
Platypus,7.99,9.99,14.99,811930103156,9565,https://www.pricecharting.com/game/psp/platypus 
Pocket Pool,10.99,15.99,24.99,788687400404,9569,https://www.pricecharting.com/game/psp/pocket-pool 
Pocket Racers,3.99,6.99,10.99,083717260141,9570,https://www.pricecharting.com/game/psp/pocket-racers 
PoPoLoCrois,19.99,29.99,54.99,093992097509,9573,https://www.pricecharting.com/game/psp/popolocrois 
Power Stone Collection,24.99,44.99,94.99,013388270101,9580,https://www.pricecharting.com/game/psp/power-stone-collection 
PQ Practical Intelligence Quotient,2.99,4.99,8.99,879278110021,9582,https://www.pricecharting.com/game/psp/pq-practical-intelligence-quotient 
PQ: Practical Intelligence Quotient 2,2.99,4.99,7.99,879278110076,14819,https://www.pricecharting.com/game/psp/pq-practical-intelligence-quotient-2 
Prince of Persia Revelations,4.99,6.99,19.99,008888331988,9588,https://www.pricecharting.com/game/psp/prince-of-persia-revelations 
Prince of Persia Rival Swords,4.99,8.99,14.99,008888332824,9589,https://www.pricecharting.com/game/psp/prince-of-persia-rival-swords 
Prince of Persia: The Forgotten Sands,6.99,9.99,19.99,008888335825,21304,https://www.pricecharting.com/game/psp/prince-of-persia-the-forgotten-sands 
Prinny 2: Dawn of Operation Panties Dood,19.99,39.99,64.99,813633010632,30852,https://www.pricecharting.com/game/psp/prinny-2-dawn-of-operation-panties-dood 
Prinny Can I Really Be the Hero?,13.99,19.99,44.99,857823001468,16289,https://www.pricecharting.com/game/psp/prinny-can-i-really-be-the-hero 
Pro Evolution Soccer 2008,3.99,4.99,10.99,083717260431,14010,https://www.pricecharting.com/game/psp/pro-evolution-soccer-2008 
Pro Evolution Soccer 2009,2.99,2.99,8.99,083717260479,15941,https://www.pricecharting.com/game/psp/pro-evolution-soccer-2009 
Pro Evolution Soccer 2010,4.99,7.99,9.99,083717260509,19981,https://www.pricecharting.com/game/psp/pro-evolution-soccer-2010 
Pro Evolution Soccer 2011,4.99,7.99,13.99,083717260639,22122,https://www.pricecharting.com/game/psp/pro-evolution-soccer-2011 
Pro Evo Soccer 2012,3.99,4.99,11.99,083717260660,32296,https://www.pricecharting.com/game/psp/pro-evolution-soccer-2012 
Pro Evo Soccer 2013,8.99,9.99,19.99,083717260745,33299,https://www.pricecharting.com/game/psp/pro-evolution-soccer-2013 
ProStroke Golf World Tour 2007,3.99,6.99,11.99,878614001023,9596,https://www.pricecharting.com/game/psp/prostroke-golf-world-tour-2007 
PSP 1000 Console Black,64.99,89.99,184.99,711719850700711719695769,6750,https://www.pricecharting.com/game/psp/psp-1000-console-black 
PSP 1001K Console Black,64.99,104.99,294.99,683728120436,31390,https://www.pricecharting.com/game/psp/psp-1001k-console-black 
PSP 2000 Console Black,59.99,104.99,454.99,711719851004,9597,https://www.pricecharting.com/game/psp/psp-2000-console-black 
PSP 2000 Console White,ND,ND,ND,,,https://www.pricecharting.com/game/psp/psp-2000-console-white 
PSP 2000 Limited Edition Daxter Version,119.99,169.99,464.99,711719889106,9598,https://www.pricecharting.com/game/psp/psp-2000-limited-edition-daxter-version 
PSP 2000 Limited Edition Madden 09 Version,94.99,119.99,204.99,711719889304,31402,https://www.pricecharting.com/game/psp/psp-2000-limited-edition-madden-09-version 
PSP 3000,94.99,169.99,294.99,711719889809,31054,https://www.pricecharting.com/game/psp/psp-3000 
PSP 3000 Limited Edition God of War Version,179.99,234.99,399.99,711719892403,31395,https://www.pricecharting.com/game/psp/psp-3000-limited-edition-god-of-war-version 
PSP 3000 Limited Edition Gran Turismo Version,199.99,219.99,374.99,711719890805,31396,https://www.pricecharting.com/game/psp/psp-3000-limited-edition-gran-turismo-version 
PSP 3000 Limited Edition Hanna Montana Version,119.99,149.99,254.99,711719889908,31394,https://www.pricecharting.com/game/psp/psp-3000-limited-edition-hanna-montana-version 
PSP 3000 Limited Edition Kingdom Hearts Version,ND,ND,ND,,,https://www.pricecharting.com/game/psp/psp-3000-limited-edition-kingdom-hearts-version 
PSP 3000 Limited Edition Metal Gear Version,174.99,209.99,319.99,711719892007,31393,https://www.pricecharting.com/game/psp/psp-3000-limited-edition-metal-gear-version 
PSP 3000 Limited Edition Ratchet & Clank Version,84.99,139.99,239.99,711719889403,31401,https://www.pricecharting.com/game/psp/psp-3000-limited-edition-ratchet-%26-clank-version 
PSP 3000 Limited Edition Rock Band Version,109.99,169.99,284.99,711719890300,31399,https://www.pricecharting.com/game/psp/psp-3000-limited-edition-rock-band-version 
PSP 3000 Limited Edition Silver,239.99,324.99,549.99,711719889601,31392,https://www.pricecharting.com/game/psp/psp-3000-limited-edition-silver 
PSP Car Adaptor,ND,ND,ND,,2512523,https://www.pricecharting.com/game/psp/psp-car-adaptor 
PSP Go Pearl White,159.99,224.99,394.99,711719851400,31152,https://www.pricecharting.com/game/psp/psp-go-pearl-white 
PSP Go Piano Black,139.99,189.99,579.99,711719851301,31150,https://www.pricecharting.com/game/psp/psp-go-piano-black 
Pursuit Force,4.99,10.99,13.99,711719864028,9603,https://www.pricecharting.com/game/psp/pursuit-force 
Pursuit Force Extreme Justice,7.99,12.99,16.99,711719870326,9604,https://www.pricecharting.com/game/psp/pursuit-force-extreme-justice 
Puzzle Challenge Crosswords and More,1.99,2.99,3.99,650008999068,9605,https://www.pricecharting.com/game/psp/puzzle-challenge-crosswords-and-more 
Puzzle Chronicles,2.99,2.99,4.99,083717260516,20398,https://www.pricecharting.com/game/psp/puzzle-chronicles 
Puzzle Guzzle,2.99,3.99,3.99,093992092917093992092900,14580,https://www.pricecharting.com/game/psp/puzzle-guzzle 
Puzzle Quest Challenge of the Warlords,2.99,8.99,14.99,879278110038,9606,https://www.pricecharting.com/game/psp/puzzle-quest-challenge-of-the-warlords 
Puzzle Scape,3.99,7.99,10.99,851612000700,9607,https://www.pricecharting.com/game/psp/puzzle-scape 
Race Driver 2006,9.99,12.99,19.99,767649401215,9616,https://www.pricecharting.com/game/psp/race-driver-2006 
Ragnarok: Tactics,29.99,94.99,164.99,893610001655,33301,https://www.pricecharting.com/game/psp/ragnarok-tactics 
Rainbow Islands Evolution,2.99,8.99,11.99,893384000342,14226,https://www.pricecharting.com/game/psp/rainbow-islands-evolution 
Rainbow Six Vegas,2.99,4.99,12.99,008888333210,9621,https://www.pricecharting.com/game/psp/rainbow-six-vegas 
Rapala Pro Bass Fishing 2010,7.99,13.99,24.99,047875764453,22058,https://www.pricecharting.com/game/psp/rapala-pro-bass-fishing-2010 
Rapala Trophies,3.99,4.99,9.99,047875753198,9626,https://www.pricecharting.com/game/psp/rapala-trophies 
Ratatouille,7.99,9.99,14.99,752919480328,9628,https://www.pricecharting.com/game/psp/ratatouille 
Ratchet and Clank Size Matters,ND,ND,ND,,,https://www.pricecharting.com/game/psp/ratchet-and-clank-size-matters 
Reel Fishing The Great Outdoors,3.99,7.99,7.99,719593110019,9645,https://www.pricecharting.com/game/psp/reel-fishing-the-great-outdoors 
Rengoku II The Stairway to H.E.A.V.E.N,4.99,9.99,14.99,083717260219,9649,https://www.pricecharting.com/game/psp/rengoku-ii-the-stairway-to-heaven 
Rengoku The Tower of Purgatory,4.99,9.99,16.99,083717260042,9650,https://www.pricecharting.com/game/psp/rengoku-the-tower-of-purgatory 
Resistance: Retribution,7.99,10.99,24.99,711719866824,16469,https://www.pricecharting.com/game/psp/resistance-retribution 
Ridge Racer,7.99,7.99,19.99,722674150019,9659,https://www.pricecharting.com/game/psp/ridge-racer 
Ridge Racer 2,14.99,19.99,49.99,,9660,https://www.pricecharting.com/game/psp/ridge-racer-2 
Riviera The Promised Land,13.99,34.99,44.99,730865600021,9664,https://www.pricecharting.com/game/psp/riviera-the-promised-land 
Rock Band Unplugged,6.99,8.99,16.99,014633192476014633363142,19285,https://www.pricecharting.com/game/psp/rock-band-unplugged 
Rocky Balboa,12.99,19.99,34.99,008888333340,9679,https://www.pricecharting.com/game/psp/rocky-balboa 
R-Type Command,8.99,16.99,29.99,730865600038,14485,https://www.pricecharting.com/game/psp/r-type-command 
Rush,2.99,8.99,11.99,031719269846,9688,https://www.pricecharting.com/game/psp/rush 
Sampler Disc: Volume 1,2.99,3.99,6.99,,22047,https://www.pricecharting.com/game/psp/sampler-disc-volume-1 
Samurai Shodown Anthology,14.99,24.99,29.99,828862300027,16412,https://www.pricecharting.com/game/psp/samurai-shodown-anthology 
Samurai Warriors State of War,3.99,8.99,19.99,040198001496,9692,https://www.pricecharting.com/game/psp/samurai-warriors-state-of-war 
SBK: Superbike World Championship,4.99,7.99,14.99,815315001518,18710,https://www.pricecharting.com/game/psp/sbk-superbike-world-championship 
Scarface Money. Power. Respect,11.99,13.99,24.99,020626725576,9696,https://www.pricecharting.com/game/psp/scarface-money-power-respect 
Scooby-Doo Whos Watching Who?,9.99,13.99,24.99,752919480298,9699,https://www.pricecharting.com/game/psp/scooby-doo-who%27s-watching-who 
Scrabble,3.99,7.99,10.99,014633192346,18643,https://www.pricecharting.com/game/psp/scrabble 
Secret Agent Clank,3.99,6.99,9.99,711719869726,13915,https://www.pricecharting.com/game/psp/secret-agent-clank 
SEGA Genesis Collection,8.99,13.99,89.99,010086660142,9707,https://www.pricecharting.com/game/psp/sega-genesis-collection 
Sega Rally Revo,8.99,14.99,24.99,010086660173,9713,https://www.pricecharting.com/game/psp/sega-rally-revo 
Shadow of Destiny,9.99,29.99,34.99,083717260523,20381,https://www.pricecharting.com/game/psp/shadow-of-destiny 
Shaun White Snowboarding,3.99,3.99,7.99,008888334309,15983,https://www.pricecharting.com/game/psp/shaun-white-snowboarding 
Shin Megami Tensei: Persona,79.99,134.99,219.99,730865600090,19657,https://www.pricecharting.com/game/psp/shin-megami-tensei-persona 
Shin Megami Tensei: Persona 2: Innocent Sin,104.99,159.99,194.99,,31740,https://www.pricecharting.com/game/psp/shin-megami-tensei-persona-2-innocent-sin 
Shin Megami Tensei: Persona 3 Portable,139.99,189.99,349.99,730865600144,21560,https://www.pricecharting.com/game/psp/shin-megami-tensei-persona-3-portable 
Shrek Smash and Crash Racing,3.99,7.99,13.99,047875752818,9740,https://www.pricecharting.com/game/psp/shrek-smash-and-crash-racing 
Shrek the Third,7.99,8.99,16.99,047875819474,9741,https://www.pricecharting.com/game/psp/shrek-the-third 
Sid Meiers Pirates Live the Life,4.99,8.99,16.99,710425279683,10464,https://www.pricecharting.com/game/psp/sid-meiers-pirates-live-the-life 
Silent Hill Experience,24.99,49.99,64.99,083717260158,9744,https://www.pricecharting.com/game/psp/silent-hill-experience 
Silent Hill Origins,24.99,34.99,74.99,083717260233083717260400,9745,https://www.pricecharting.com/game/psp/silent-hill-origins 
Silent Hill: Shattered Memories,49.99,89.99,114.99,083717260493,20364,https://www.pricecharting.com/game/psp/silent-hill-shattered-memories 
Smart Bomb,2.99,2.99,6.99,788687400091788687400107,9762,https://www.pricecharting.com/game/psp/smart-bomb 
Smash Court Tennis 3,3.99,10.99,11.99,722674150279,9763,https://www.pricecharting.com/game/psp/smash-court-tennis-3 
SNK Arcade Classics Volume 1,14.99,19.99,29.99,828862300034,13755,https://www.pricecharting.com/game/psp/snk-arcade-classics-volume-1 
Snoopy vs. the Red Baron,15.99,24.99,49.99,722674150118,9767,https://www.pricecharting.com/game/psp/snoopy-vs-the-red-baron 
SOCOM US Navy Seals Fireteam Bravo,2.99,3.99,3.99,711719861522,9769,https://www.pricecharting.com/game/psp/socom-us-navy-seals-fireteam-bravo 
SOCOM US Navy Seals Fireteam Bravo 2,1.99,3.99,6.99,711719864523,9770,https://www.pricecharting.com/game/psp/socom-us-navy-seals-fireteam-bravo-2 
SOCOM: U.S. Navy SEALs Fireteam Bravo 3,8.99,9.99,13.99,711719871620,20438,https://www.pricecharting.com/game/psp/socom-us-navy-seals-fireteam-bravo-3 
SOCOM US Navy Seals Tactical Strike,1.99,2.99,6.99,711719864929,9771,https://www.pricecharting.com/game/psp/socom-us-navy-seals-tactical-strike 
Sonic Rivals,8.99,13.99,24.99,010086660098,9785,https://www.pricecharting.com/game/psp/sonic-rivals 
Sonic Rivals 2,11.99,15.99,34.99,010086660227,9786,https://www.pricecharting.com/game/psp/sonic-rivals-2 
Soulcalibur: Broken Destiny,15.99,24.99,29.99,722674150309,21676,https://www.pricecharting.com/game/psp/soul-calibur-broken-destiny 
Space Invaders Extreme,4.99,8.99,13.99,662248908083,13916,https://www.pricecharting.com/game/psp/space-invaders-extreme 
Spectral Souls,19.99,29.99,49.99,857823001048,9807,https://www.pricecharting.com/game/psp/spectral-souls 
Spelling Challenges and More,2.99,3.99,6.99,650008999136,9810,https://www.pricecharting.com/game/psp/spelling-challenges-and-more 
Spiderman 2,7.99,15.99,39.99,047875807235,10593,https://www.pricecharting.com/game/psp/spiderman-2 
Spiderman 3,13.99,34.99,54.99,047875819993,10323,https://www.pricecharting.com/game/psp/spiderman-3 
Spiderman Friend or Foe,9.99,13.99,29.99,047875830752,9819,https://www.pricecharting.com/game/psp/spiderman-friend-or-foe 
Spider-Man Web of Shadows,12.99,16.99,24.99,047875832978,15756,https://www.pricecharting.com/game/psp/spiderman-web-of-shadows 
Splinter Cell Essentials,4.99,8.99,24.99,008888333036,9827,https://www.pricecharting.com/game/psp/splinter-cell-essentials 
Split/Second,8.99,13.99,15.99,712725020163,30722,https://www.pricecharting.com/game/psp/splitsecond 
SpongeBob SquarePants The Yellow Avenger,4.99,6.99,15.99,752919480212,9828,https://www.pricecharting.com/game/psp/spongebob-squarepants-the-yellow-avenger 
SpongeBobs Truth or Square,7.99,10.99,19.99,752919480984,19852,https://www.pricecharting.com/game/psp/spongebob%27s-truth-or-square 
SSX On Tour,7.99,8.99,19.99,014633149951,9837,https://www.pricecharting.com/game/psp/ssx-on-tour 
Stacked with Daniel Negreanu,1.99,3.99,4.99,180951000073,9838,https://www.pricecharting.com/game/psp/stacked-with-daniel-negreanu 
Star Ocean First Departure,11.99,29.99,44.99,662248908199,15668,https://www.pricecharting.com/game/psp/star-ocean-first-departure 
Star Ocean Second Evolution,39.99,64.99,79.99,662248908205,16231,https://www.pricecharting.com/game/psp/star-ocean-second-evolution 
Star Trek Tactical Assault,7.99,19.99,34.99,093155120303,9846,https://www.pricecharting.com/game/psp/star-trek-tactical-assault 
Star Wars Battlefront: Elite Squadron,9.99,13.99,34.99,023272335397023272335373,19941,https://www.pricecharting.com/game/psp/star-wars-battlefront-elite-squadron 
Star Wars Battlefront II,6.99,8.99,29.99,023272328399,9850,https://www.pricecharting.com/game/psp/star-wars-battlefront-ii 
Star Wars Battlefront Renegade Squadron,4.99,7.99,19.99,023272331399023272331405,9851,https://www.pricecharting.com/game/psp/star-wars-battlefront-renegade-squadron 
Star Wars Lethal Alliance,9.99,13.99,34.99,008888333357,9856,https://www.pricecharting.com/game/psp/star-wars-lethal-alliance 
Star Wars: The Clone Wars Republic Heroes,3.99,7.99,13.99,023272338398,30954,https://www.pricecharting.com/game/psp/star-wars-clone-wars-republic-heroes 
Star Wars The Force Unleashed,9.99,11.99,24.99,023272332396,14970,https://www.pricecharting.com/game/psp/star-wars-the-force-unleashed 
Steambot Chronicles: Battle Tournament,34.99,59.99,99.99,730865600106,19359,https://www.pricecharting.com/game/psp/steambot-chronicles-battle-tournament 
Steel Horizon,4.99,9.99,12.99,083717260196,9859,https://www.pricecharting.com/game/psp/steel-horizon 
Street Fighter Alpha 3 Max,9.99,12.99,19.99,013388270033,9866,https://www.pricecharting.com/game/psp/street-fighter-alpha-3-max 
Street Supremacy,34.99,44.99,74.99,083717260134,9872,https://www.pricecharting.com/game/psp/street-supremacy 
Super Collapse 3,3.99,4.99,8.99,811930103422,9884,https://www.pricecharting.com/game/psp/super-collapse-3 
Super Monkey Ball Adventure,4.99,16.99,29.99,010086660043,9892,https://www.pricecharting.com/game/psp/super-monkey-ball-adventure 
Surfs Up,3.99,6.99,10.99,008888333555,9908,https://www.pricecharting.com/game/psp/surf%27s-up 
SWAT Target Liberty,3.99,10.99,16.99,020626727198,9914,https://www.pricecharting.com/game/psp/swat-target-liberty 
Sweet Fuse: At Your Side,19.99,44.99,59.99,893610001730893610001723,34238,https://www.pricecharting.com/game/psp/sweet-fuse-at-your-side 
Syphon Filter Dark Mirror,2.99,3.99,7.99,711719864127,9920,https://www.pricecharting.com/game/psp/syphon-filter-dark-mirror 
Syphon Filter: Logans Shadow,2.99,2.99,4.99,711719860624,9921,https://www.pricecharting.com/game/psp/syphon-filter-logan%27s-shadow 
Tactics Ogre: Let Us Cling Together,15.99,34.99,39.99,662248910321,30988,https://www.pricecharting.com/game/psp/tactics-ogre-let-us-cling-together 
Taito Legends Power-Up,9.99,13.99,19.99,828068211486,9924,https://www.pricecharting.com/game/psp/taito-legends-power-up 
Tales of the World Radiant Mythology,29.99,29.99,44.99,722674150248,9925,https://www.pricecharting.com/game/psp/tales-of-the-world-radiant-mythology 
Teenage Mutant Ninja Turtles,8.99,11.99,29.99,008888333418,9940,https://www.pricecharting.com/game/psp/teenage-mutant-ninja-turtles 
Tekken 6,24.99,29.99,59.99,722674150330,21683,https://www.pricecharting.com/game/psp/tekken-6 
Tekken Dark Resurrection,11.99,13.99,29.99,722674150194,9945,https://www.pricecharting.com/game/psp/tekken-dark-resurrection 
Tenchu: Shadow Assassins,12.99,19.99,29.99,008888334903,16490,https://www.pricecharting.com/game/psp/tenchu-shadow-assassins 
Test Drive Unlimited,12.99,19.99,29.99,742725271500,9962,https://www.pricecharting.com/game/psp/test-drive-unlimited 
The 3rd Birthday,34.99,54.99,89.99,662248910352,31283,https://www.pricecharting.com/game/psp/the-3rd-birthday 
The Bigs,2.99,4.99,9.99,710425331763,9973,https://www.pricecharting.com/game/psp/the-bigs 
The Bigs 2,5.99,7.99,11.99,710425335945,19376,https://www.pricecharting.com/game/psp/the-bigs-2 
The Con,3.99,3.99,6.99,711719862123,9974,https://www.pricecharting.com/game/psp/the-con 
The Legend of Heroes: Trails in the Sky,54.99,124.99,149.99,853466001377,31284,https://www.pricecharting.com/game/psp/legend-of-heroes-trails-in-the-sky 
The Legend of Heroes: Trails in the Sky Premium Edition,59.99,199.99,284.99,853466001414,32514,https://www.pricecharting.com/game/psp/legend-of-heroes-trails-in-the-sky-premium-edition 
The Lord of the Rings: Aragorns Quest,3.99,4.99,8.99,883929085989,22001,https://www.pricecharting.com/game/psp/lord-of-the-rings-aragorn%27s-quest 
The Secret Saturdays: Beasts of The 5th Sun,2.99,4.99,7.99,879278110106,19807,https://www.pricecharting.com/game/psp/the-secret-saturdays-beasts-of-the-5th-sun 
The Simpsons Game,14.99,19.99,39.99,014633154931014633357738,10001,https://www.pricecharting.com/game/psp/the-simpsons-game 
The Sims 2,8.99,8.99,19.99,014633169225014633151312,9752,https://www.pricecharting.com/game/psp/the-sims-2 
The Sims 2: Castaway,8.99,11.99,16.99,014633157468,9753,https://www.pricecharting.com/game/psp/the-sims-2-castaway 
The Sims 2: Pets,7.99,8.99,13.99,014633153026,9754,https://www.pricecharting.com/game/psp/the-sims-2-pets 
The Warriors,29.99,39.99,59.99,710425330520,10004,https://www.pricecharting.com/game/psp/the-warriors 
Thrillville,3.99,4.99,14.99,023272404390,10010,https://www.pricecharting.com/game/psp/thrillville 
Thrillville Off The Rails,2.99,4.99,19.99,023272406394,10011,https://www.pricecharting.com/game/psp/thrillville-off-the-rails 
Tiger Woods 2007,1.99,2.99,4.99,014633152098,10391,https://www.pricecharting.com/game/psp/tiger-woods-2007 
Tiger Woods 2009,2.99,6.99,10.99,014633155075,14411,https://www.pricecharting.com/game/psp/tiger-woods-2009 
Tiger Woods PGA Tour,3.99,3.99,7.99,014633148381,10014,https://www.pricecharting.com/game/psp/tiger-woods-pga-tour 
Tiger Woods PGA Tour 10,9.99,11.99,19.99,014633157048,19565,https://www.pricecharting.com/game/psp/tiger-woods-pga-tour-10 
Tiger Woods PGA Tour 2006,1.99,2.99,8.99,014633149296,10015,https://www.pricecharting.com/game/psp/tiger-woods-pga-tour-2006 
Tiger Woods PGA Tour 2008,2.99,3.99,7.99,014633154863,10017,https://www.pricecharting.com/game/psp/tiger-woods-pga-tour-2008 
TNA Impact! Cross the Line,13.99,24.99,39.99,612561400535,20382,https://www.pricecharting.com/game/psp/tna-impact-cross-the-line 
Tokobot,3.99,10.99,13.99,018946010441,10031,https://www.pricecharting.com/game/psp/tokobot 
Tomb Raider Anniversary,11.99,14.99,19.99,788687400084,32629,https://www.pricecharting.com/game/psp/tomb-raider-anniversary 
Tomb Raider Legend,12.99,14.99,29.99,788687400169,10042,https://www.pricecharting.com/game/psp/tomb-raider-legend 
Tony Hawk Project 8,6.99,8.99,24.99,047875816039,10048,https://www.pricecharting.com/game/psp/tony-hawk-project-8 
Tony Hawk Underground 2 Remix,14.99,16.99,39.99,047875807396,10049,https://www.pricecharting.com/game/psp/tony-hawk-underground-2-remix 
Toy Story 3: The Video Game,6.99,8.99,15.99,712725016470,21608,https://www.pricecharting.com/game/psp/toy-story-3-the-video-game 
Transformers: Revenge of the Fallen,4.99,6.99,12.99,047875835894,19322,https://www.pricecharting.com/game/psp/transformers-revenge-of-the-fallen 
Transformers The Game,2.99,3.99,12.99,047875819771047875822252,10060,https://www.pricecharting.com/game/psp/transformers-the-game 
Traxxpad Portable Studio,2.99,8.99,13.99,788687400435,10062,https://www.pricecharting.com/game/psp/traxxpad-portable-studio 
Tron Evolution,6.99,9.99,14.99,712725018689,30806,https://www.pricecharting.com/game/psp/tron-evolution 
Twisted Metal Head On,6.99,7.99,19.99,711719860129,6751,https://www.pricecharting.com/game/psp/twisted-metal-head-on 
UEFA Champions League 2006-2007,2.99,4.99,10.99,014633156621,10078,https://www.pricecharting.com/game/psp/uefa-champions-league-2006-2007 
UEFA Euro 2008,3.99,4.99,8.99,014633155013,14283,https://www.pricecharting.com/game/psp/uefa-euro-2008 
UFC Undisputed 2010,11.99,13.99,19.99,752919481363,21992,https://www.pricecharting.com/game/psp/ufc-undisputed-2010 
Ultimate Block Party,1.99,4.99,8.99,815315000092,10082,https://www.pricecharting.com/game/psp/ultimate-block-party 
Ultimate Board Game Collection,3.99,3.99,15.99,853333001110,10083,https://www.pricecharting.com/game/psp/ultimate-board-game-collection 
Ultimate Ghosts and Goblins,13.99,29.99,74.99,013388270088,10087,https://www.pricecharting.com/game/psp/ultimate-ghosts-%27n-goblins 
Undead Knights,16.99,54.99,74.99,018946010618,33803,https://www.pricecharting.com/game/psp/undead-knights 
Untold Legends Brotherhood of the Blade,3.99,3.99,11.99,814582408020,10094,https://www.pricecharting.com/game/psp/untold-legends-brotherhood-of-the-blade 
Untold Legends The Warriors Code,6.99,7.99,16.99,814582410023,10095,https://www.pricecharting.com/game/psp/untold-legends-the-warrior%27s-code 
Up,ND,ND,ND,,,https://www.pricecharting.com/game/psp/up 
Valhalla Knights,4.99,11.99,24.99,853466001032,10099,https://www.pricecharting.com/game/psp/valhalla-knights 
Valhalla Knights 2,8.99,19.99,29.99,853466001094,15642,https://www.pricecharting.com/game/psp/valhalla-knights-2 
Valkyria Chronicles 2,34.99,44.99,64.99,010086660319,21966,https://www.pricecharting.com/game/psp/valkyria-chronicles-2 
Valkyrie Profile Lenneth,24.99,39.99,84.99,662248906119,10101,https://www.pricecharting.com/game/psp/valkyrie-profile-lenneth 
Viewtiful Joe Red Hot Rumble,9.99,19.99,29.99,013388270026,10107,https://www.pricecharting.com/game/psp/viewtiful-joe-red-hot-rumble 
Virtua Tennis 3,3.99,4.99,10.99,010086660128,10123,https://www.pricecharting.com/game/psp/virtua-tennis-3 
Virtua Tennis World Tour,1.99,3.99,7.99,010086660029,10124,https://www.pricecharting.com/game/psp/virtua-tennis-world-tour 
Wall-E,4.99,4.99,12.99,752919480465,13981,https://www.pricecharting.com/game/psp/wall-e 
Warhammer 40000 Squad Command,2.99,2.99,6.99,,54937,https://www.pricecharting.com/game/psp/warhammer-40%2C000-squad-command 
Warhammer Battle for Atluma,4.99,6.99,13.99,722674150149,10137,https://www.pricecharting.com/game/psp/warhammer-battle-for-atluma 
Warriors of the Lost Empire,5.99,7.99,24.99,695771600117,10142,https://www.pricecharting.com/game/psp/warriors-of-the-lost-empire 
Warriors Orochi,4.99,10.99,19.99,040198001854,13156,https://www.pricecharting.com/game/psp/warriors-orochi 
Warriors Orochi 2,11.99,19.99,24.99,040198002004,19521,https://www.pricecharting.com/game/psp/warriors-orochi-2 
What Did I Do to Deserve This My Lord 2,10.99,19.99,29.99,857823001567,19386,https://www.pricecharting.com/game/psp/what-did-i-do-to-deserve-this-my-lord-2 
Wild Arms XF,34.99,69.99,104.99,853466001087,14472,https://www.pricecharting.com/game/psp/wild-arms-xf 
Winning Eleven Pro Evolution Soccer 2007,2.99,10.99,19.99,083717260288,10159,https://www.pricecharting.com/game/psp/winning-eleven-pro-evolution-soccer-2007 
Winx Club Join the Club,10.99,19.99,34.99,083717260264,10162,https://www.pricecharting.com/game/psp/winx-club-join-the-club 
Wipeout Pulse,7.99,12.99,29.99,711719871224,11931,https://www.pricecharting.com/game/psp/wipeout-pulse 
WipEout Pure,2.99,3.99,6.99,711719861225,10164,https://www.pricecharting.com/game/psp/wipeout-pure 
World Championship Cards,3.99,3.99,10.99,650008999099650008999167,10173,https://www.pricecharting.com/game/psp/world-championship-cards 
World Championship Poker 2,2.99,3.99,3.99,650008999006,10176,https://www.pricecharting.com/game/psp/world-championship-poker-2 
World Championship Poker All In,1.99,2.99,2.99,650008999082,10175,https://www.pricecharting.com/game/psp/world-championship-poker-all-in 
World Poker Tour,1.99,3.99,6.99,710425237676,10181,https://www.pricecharting.com/game/psp/world-poker-tour 
World Rally Championship,6.99,10.99,19.99,722674150200,10182,https://www.pricecharting.com/game/psp/wrc-world-rally-championship 
World Series of Poker,1.99,2.99,6.99,047875751057,10189,https://www.pricecharting.com/game/psp/world-series-of-poker 
World Series of Poker 2007,2.99,3.99,4.99,047875752696,10190,https://www.pricecharting.com/game/psp/world-series-of-poker-2007 
World Series Of Poker 2008,2.99,3.99,10.99,047875754393,10193,https://www.pricecharting.com/game/psp/world-series-of-poker-2008 
World Soccer Winning Eleven 9,2.99,3.99,8.99,083717260097,10196,https://www.pricecharting.com/game/psp/world-soccer-winning-eleven-9 
World Tour Soccer,1.99,2.99,4.99,711719861324,10197,https://www.pricecharting.com/game/psp/world-tour-soccer 
World Tour Soccer 2006,1.99,2.99,4.99,711719863120,10198,https://www.pricecharting.com/game/psp/world-tour-soccer-2006 
Worms Open Warfare,4.99,7.99,13.99,752919480243,10203,https://www.pricecharting.com/game/psp/worms-open-warfare 
Worms Open Warfare 2,3.99,8.99,13.99,752919480366,10204,https://www.pricecharting.com/game/psp/worms-open-warfare-2 
WTF Work Time Fun,13.99,24.99,29.99,879278110045,10207,https://www.pricecharting.com/game/psp/wtf-work-time-fun 
WWE All Stars,9.99,11.99,24.99,752919481769,31273,https://www.pricecharting.com/game/psp/wwe-all-stars 
WWE Smackdown vs. Raw 2006,11.99,12.99,29.99,752919480236,10209,https://www.pricecharting.com/game/psp/wwe-smackdown-vs-raw-2006 
WWE Smackdown vs. Raw 2007,10.99,13.99,29.99,752919480274,10210,https://www.pricecharting.com/game/psp/wwe-smackdown-vs-raw-2007 
WWE Smackdown vs. RAW 2008,9.99,10.99,29.99,752919480373,10211,https://www.pricecharting.com/game/psp/wwe-smackdown-vs-raw-2008 
WWE SmackDown vs. Raw 2009,8.99,9.99,19.99,752919480564,15948,https://www.pricecharting.com/game/psp/wwe-smackdown-vs-raw-2009 
WWE SmackDown vs. Raw 2010,10.99,12.99,24.99,752919480991,19781,https://www.pricecharting.com/game/psp/wwe-smackdown-vs-raw-2010 
WWE SmackDown vs. Raw 2011,15.99,19.99,34.99,752919481578,30345,https://www.pricecharting.com/game/psp/wwe-smackdown-vs-raw-2011 
Xiaolin Showdown,3.99,8.99,13.99,083717260257,10222,https://www.pricecharting.com/game/psp/xiaolin-showdown 
X-Men Legends II Rise of Apocalypse,10.99,15.99,24.99,047875810693,10226,https://www.pricecharting.com/game/psp/x-men-legends-ii 
X-Men Origins: Wolverine,7.99,10.99,19.99,047875836037047875836433,18730,https://www.pricecharting.com/game/psp/x-men-origins-wolverine 
Yggdra Union,29.99,39.99,59.99,730865600052,14979,https://www.pricecharting.com/game/psp/yggdra-union 
Ys I & II Chronicles,84.99,129.99,174.99,853466001407,33228,https://www.pricecharting.com/game/psp/ys-i-%26-ii-chronicles 
Ys I & II Chronicles Premium Edition,69.99,194.99,219.99,853466001360,33229,https://www.pricecharting.com/game/psp/ys-i-%26-ii-chronicles-premium-edition 
Ys Seven,59.99,84.99,104.99,853466001384,21923,https://www.pricecharting.com/game/psp/ys-seven 
Ys Seven: Premium Edition,44.99,144.99,209.99,,34649,https://www.pricecharting.com/game/psp/ys-seven-premium-edition 
Ys The Ark of Napishtim,29.99,64.99,99.99,083717260035,10232,https://www.pricecharting.com/game/psp/ys-the-ark-of-napishtim 
Ys: The Oath in Felghana,54.99,94.99,134.99,853466001353,30628,https://www.pricecharting.com/game/psp/ys-the-oath-in-felghana 
Ys: The Oath in Felghana Premium Edition,54.99,169.99,199.99,853466001391,30627,https://www.pricecharting.com/game/psp/ys-the-oath-in-felghana-premium-edition 
Yu-Gi-Oh! 5Ds Tag Force 4,19.99,34.99,49.99,083717260530,20037,https://www.pricecharting.com/game/psp/yu-gi-oh-5d%27s-tag-force-4 
Yu-Gi-Oh! 5Ds Tag Force 5,19.99,39.99,59.99,083717260622,30401,https://www.pricecharting.com/game/psp/yu-gi-oh-5d%27s-tag-force-5 
Yu-Gi-Oh GX Tag Force,24.99,34.99,84.99,083717260240,10233,https://www.pricecharting.com/game/psp/yu-gi-oh-gx-tag-force 
Yu-Gi-Oh GX Tag Force 2,39.99,44.99,89.99,083717260356,14419,https://www.pricecharting.com/game/psp/yu-gi-oh-gx-tag-force-2 
Z.H.P. Unlosing Ranger vs. Darkdeath Evilman,34.99,59.99,74.99,813633010649,34223,https://www.pricecharting.com/game/psp/zhp-unlosing-ranger-vs-darkdeath-evilman 
