2006 FIFA World Cup,1,0,0,http://videogames.pricecharting.com/game/psp/2006-fifa-world-cup 
2010 FIFA World Cup,1,0,1,http://videogames.pricecharting.com/game/psp/2010-fifa-world-cup 
2GB PSP Memory Stick Pro Duo,,,,http://videogames.pricecharting.com/game/psp/2gb-psp-memory-stick-pro-duo 
300 March to Glory,2,1,1,http://videogames.pricecharting.com/game/psp/300-march-to-glory 
32MB PSP Memory Stick Pro Duo,,,,http://videogames.pricecharting.com/game/psp/32mb-psp-memory-stick-pro-duo 
4GB PSP Memory Stick Pro Duo,,,,http://videogames.pricecharting.com/game/psp/4gb-psp-memory-stick-pro-duo 
50 Cent Bulletproof G Unit Edition,1,1,0,http://videogames.pricecharting.com/game/psp/50-cent-bulletproof-g-unit-edition 
7 Wonders of the Ancient World,1,0,0,http://videogames.pricecharting.com/game/psp/7-wonders-of-the-ancient-world 
8GB PSP Memory Stick Pro Duo,,,,http://videogames.pricecharting.com/game/psp/8gb-psp-memory-stick-pro-duo 
Ace Combat: Joint Assault,2,2,1,http://videogames.pricecharting.com/game/psp/ace-combat-joint-assault 
Ace Combat X Skies of Deception,4,8,1,http://videogames.pricecharting.com/game/psp/ace-combat-x-skies-of-deception 
Activision Hits Remixed,1,2,0,http://videogames.pricecharting.com/game/psp/activision-hits-remixed 
Adventures to Go,1,1,1,http://videogames.pricecharting.com/game/psp/adventures-to-go 
Aedis Eclipse Generation of Chaos,1,2,1,http://videogames.pricecharting.com/game/psp/aedis-eclipse-generation-of-chaos 
After Burner Black Falcon,1,1,0,http://videogames.pricecharting.com/game/psp/after-burner-black-falcon 
Air Conflicts,1,0,1,http://videogames.pricecharting.com/game/psp/air-conflicts 
Aliens vs. Predator Requiem,2,4,0,http://videogames.pricecharting.com/game/psp/aliens-vs-predator-requiem 
Alien Syndrome,1,0,1,http://videogames.pricecharting.com/game/psp/alien-syndrome 
Ape Escape Academy,2,1,1,http://videogames.pricecharting.com/game/psp/ape-escape-academy 
Ape Escape On the Loose,4,12,4,http://videogames.pricecharting.com/game/psp/ape-escape-on-the-loose 
Armored Core Formula Front,2,2,0,http://videogames.pricecharting.com/game/psp/armored-core-formula-front 
Army of Two: The 40th Day,2,1,1,http://videogames.pricecharting.com/game/psp/army-of-two-the-40th-day 
Asphalt Urban GT 2,2,1,0,http://videogames.pricecharting.com/game/psp/asphalt-urban-gt-2 
Assassins Creed: Bloodlines,4,30,2,http://videogames.pricecharting.com/game/psp/assassin%27s-creed-bloodlines 
Astonishia Story,1,2,1,http://videogames.pricecharting.com/game/psp/astonishia-story 
Astro Boy: The Video Game,1,0,0,http://videogames.pricecharting.com/game/psp/astro-boy-the-video-game 
Atari Classics Evolved,4,4,1,http://videogames.pricecharting.com/game/psp/atari-classics-evolved 
ATV Offroad Fury Blazing Trails,2,1,1,http://videogames.pricecharting.com/game/psp/atv-offroad-fury-blazing-trails 
ATV Offroad Fury Pro,2,2,1,http://videogames.pricecharting.com/game/psp/atv-offroad-fury-pro 
Avatar: The Game,4,2,1,http://videogames.pricecharting.com/game/psp/avatar-the-game 
Avatar The Last Airbender,1,1,0,http://videogames.pricecharting.com/game/psp/avatar-the-last-airbender 
Bakugan: Defenders of the Core,1,0,1,http://videogames.pricecharting.com/game/psp/bakugan-defenders-of-the-core 
BattleZone,0,0,0,http://videogames.pricecharting.com/game/psp/battlezone 
B-Boy,1,0,0,http://videogames.pricecharting.com/game/psp/b-boy 
Beaterator,1,0,1,http://videogames.pricecharting.com/game/psp/beaterator 
Ben 10 Alien Force,2,1,1,http://videogames.pricecharting.com/game/psp/ben-10-alien-force 
Ben 10: Alien Force: Vilgax Attacks,1,0,0,http://videogames.pricecharting.com/game/psp/ben-10-alien-force-vilgax-attacks 
Ben 10 Protector of Earth,1,1,1,http://videogames.pricecharting.com/game/psp/ben-10-protector-of-earth 
Ben 10: Ultimate Alien Cosmic Destruction,1,0,1,http://videogames.pricecharting.com/game/psp/ben-10-ultimate-alien-cosmic-destruction 
Beowulf,1,0,1,http://videogames.pricecharting.com/game/psp/beowulf 
Blade Dancer Lineage of Light,1,1,0,http://videogames.pricecharting.com/game/psp/blade-dancer-lineage-of-light 
BlazBlue: Calamity Trigger Portable,1,1,1,http://videogames.pricecharting.com/game/psp/blazblue-calamity-trigger-portable 
BlazBlue: Continuum Shift II,0,1,0,http://videogames.pricecharting.com/game/psp/blazblue-continuum-shift-ii 
Blazing Souls Accelate,1,1,1,http://videogames.pricecharting.com/game/psp/blazing-souls-accelate 
Blitz Overtime,1,1,0,http://videogames.pricecharting.com/game/psp/blitz-overtime 
Blokus Portable Steambot Championship,1,0,1,http://videogames.pricecharting.com/game/psp/blokus-portable-steambot-championship 
Blood Bowl,1,1,0,http://videogames.pricecharting.com/game/psp/blood-bowl 
BloodRayne PSP,,,,http://videogames.pricecharting.com/game/psp/bloodrayne-psp 
Bomberman,1,1,0,http://videogames.pricecharting.com/game/psp/bomberman 
Bomberman Land,1,0,0,http://videogames.pricecharting.com/game/psp/bomberman-land 
Bounty Hounds,1,0,0,http://videogames.pricecharting.com/game/psp/bounty-hounds 
Brave Story New Traveler,4,12,1,http://videogames.pricecharting.com/game/psp/brave-story-new-traveler 
Brooktown High,1,0,1,http://videogames.pricecharting.com/game/psp/brooktown-high 
Brothers in Arms D-Day,2,1,1,http://videogames.pricecharting.com/game/psp/brothers-in-arms-d-day 
Brunswick Pro Bowling,1,1,1,http://videogames.pricecharting.com/game/psp/brunswick-pro-bowling 
Bubble Bobble Evolution,0,0,4,http://videogames.pricecharting.com/game/psp/bubble-bobble-evolution 
Burnout Dominator,4,2,0,http://videogames.pricecharting.com/game/psp/burnout-dominator 
Burnout Legends,4,30,1,http://videogames.pricecharting.com/game/psp/burnout-legends 
Bust-A-Move Deluxe,1,2,1,http://videogames.pricecharting.com/game/psp/bust-a-move-deluxe 
Buzz! Master Quiz,1,1,1,http://videogames.pricecharting.com/game/psp/buzz-master-quiz 
Cabelas African Safari,2,0,0,http://videogames.pricecharting.com/game/psp/cabela%27s-african-safari 
Cabelas Dangerous Hunts Ultimate Challenge,2,1,0,http://videogames.pricecharting.com/game/psp/cabela%27s-dangerous-hunts-ultimate-challenge 
Cabelas Legendary Adventures,4,2,0,http://videogames.pricecharting.com/game/psp/cabela%27s-legendary-adventures 
Cabelas North American Adventures 2011,1,1,1,http://videogames.pricecharting.com/game/psp/cabela%27s-north-american-adventures-2011 
Cake Mania Bakers Challenge,1,0,0,http://videogames.pricecharting.com/game/psp/cake-mania-baker%27s-challenge 
Call of Duty Roads to Victory,4,30,1,http://videogames.pricecharting.com/game/psp/call-of-duty-roads-to-victory 
Capcom Classics Collection Reloaded,4,8,1,http://videogames.pricecharting.com/game/psp/capcom-classics-collection-reloaded 
Capcom Classics Collection Remixed,4,8,1,http://videogames.pricecharting.com/game/psp/capcom-classics-collection-remixed 
Capcom Puzzle World,1,1,0,http://videogames.pricecharting.com/game/psp/capcom-puzzle-world 
Carol Vordermans Sudoku,0,0,1,http://videogames.pricecharting.com/game/psp/carol-vorderman%27s-sudoku 
Cars,4,4,1,http://videogames.pricecharting.com/game/psp/cars 
Cars 2,1,1,1,http://videogames.pricecharting.com/game/psp/cars-2 
Cars Race-O-Rama,1,1,1,http://videogames.pricecharting.com/game/psp/cars-race-o-rama 
Castlevania Dracula X Chronicles,4,30,4,http://videogames.pricecharting.com/game/psp/castlevania-dracula-x-chronicles 
Chameleon,0,0,0,http://videogames.pricecharting.com/game/psp/chameleon 
Chessmaster,1,0,1,http://videogames.pricecharting.com/game/psp/chessmaster 
Chili Con Carnage,1,1,0,http://videogames.pricecharting.com/game/psp/chili-con-carnage 
Cid the Dummy,0,0,0,http://videogames.pricecharting.com/game/psp/cid-the-dummy 
Class of Heroes,1,1,1,http://videogames.pricecharting.com/game/psp/class-of-heroes 
Class of Heroes 2,0,0,4,http://videogames.pricecharting.com/game/psp/class-of-heroes-2 
Cloudy with a Chance of Meatballs,1,0,1,http://videogames.pricecharting.com/game/psp/cloudy-with-a-chance-of-meatballs 
Coded Arms,2,4,1,http://videogames.pricecharting.com/game/psp/coded-arms 
Coded Arms Contagion,1,1,0,http://videogames.pricecharting.com/game/psp/coded-arms-contagion 
Code Lyoko Quest for Infinity,1,0,0,http://videogames.pricecharting.com/game/psp/code-lyoko-quest-for-infinity 
Crash Bandicoot Mind over Mutant,,,,http://videogames.pricecharting.com/game/psp/crash-bandicoot-mind-over-mutant 
Crash of the Titans,2,4,4,http://videogames.pricecharting.com/game/psp/crash-of-the-titans 
Crash Tag Team Racing,4,4,0,http://videogames.pricecharting.com/game/psp/crash-tag-team-racing 
Crazy Taxi Fare Wars,2,1,1,http://videogames.pricecharting.com/game/psp/crazy-taxi-fare-wars 
Crimson Gem Saga,2,4,1,http://videogames.pricecharting.com/game/psp/crimson-gem-saga 
Crush,1,1,0,http://videogames.pricecharting.com/game/psp/crush 
Cube,1,0,0,http://videogames.pricecharting.com/game/psp/cube 
Dantes Inferno,4,4,1,http://videogames.pricecharting.com/game/psp/dante%27s-inferno 
Darkstalkers Chronicle The Chaos Tower,4,8,1,http://videogames.pricecharting.com/game/psp/darkstalkers-chronicle-the-chaos-tower 
Dave Mirra BMX Challenge,1,1,0,http://videogames.pricecharting.com/game/psp/dave-mirra-bmx-challenge 
Daxter,8,30,4,http://videogames.pricecharting.com/game/psp/daxter 
Dead Head Fred,1,1,1,http://videogames.pricecharting.com/game/psp/dead-head-fred 
Dead or Alive Paradise,2,1,1,http://videogames.pricecharting.com/game/psp/dead-or-alive-paradise 
Dead to Rights Reckoning,2,1,0,http://videogames.pricecharting.com/game/psp/dead-to-rights-reckoning 
Death Jr.,4,8,0,http://videogames.pricecharting.com/game/psp/death-jr 
Death Jr. 2 Root of Evil,2,4,1,http://videogames.pricecharting.com/game/psp/death-jr-2-root-of-evil 
Def Jam Fight for NY The Takeover,4,4,0,http://videogames.pricecharting.com/game/psp/def-jam-fight-for-ny-the-takeover 
Despicable Me,1,1,1,http://videogames.pricecharting.com/game/psp/despicable-me 
Diner Dash Sizzle and Serve,1,0,1,http://videogames.pricecharting.com/game/psp/diner-dash-sizzle-and-serve 
Dirt 2,1,1,0,http://videogames.pricecharting.com/game/psp/dirt-2 
Disgaea 2: Dark Hero Days,4,4,1,http://videogames.pricecharting.com/game/psp/disgaea-2-dark-hero-days 
Disgaea Afternoon of Darkness,2,8,1,http://videogames.pricecharting.com/game/psp/disgaea-afternoon-of-darkness 
Disgaea Infinite,1,4,1,http://videogames.pricecharting.com/game/psp/disgaea-infinite 
Dissidia 012 Final Fantasy,4,30,4,http://videogames.pricecharting.com/game/psp/dissidia-012-final-fantasy 
Dissidia Final Fantasy,4,30,4,http://videogames.pricecharting.com/game/psp/dissidia-final-fantasy 
DJ Max Fever,1,1,1,http://videogames.pricecharting.com/game/psp/dj-max-fever 
DJ Max Fever Crew Edition,0,,,http://videogames.pricecharting.com/game/psp/dj-max-fever-crew-edition 
DJ Max Portable 3,0,0,0,http://videogames.pricecharting.com/game/psp/dj-max-portable-3 
Downstream Panic,1,0,0,http://videogames.pricecharting.com/game/psp/downstream-panic 
Dragonball: Evolution,1,1,1,http://videogames.pricecharting.com/game/psp/dragonball-evolution 
Dragon Ball Z Shin Budokai,4,12,1,http://videogames.pricecharting.com/game/psp/dragon-ball-z-shin-budokai 
Dragon Ball Z Shin Budokai: Another Road,4,12,0,http://videogames.pricecharting.com/game/psp/dragon-ball-z-shin-budokai-another-road 
Dragon Ball Z: Tenkaichi Tag Team,4,4,1,http://videogames.pricecharting.com/game/psp/dragon-ball-z-tenkaichi-tag-team 
Dragoneers Aria,1,1,0,http://videogames.pricecharting.com/game/psp/dragoneer%27s-aria 
Driver 76,1,1,0,http://videogames.pricecharting.com/game/psp/driver-%2776 
DT Carnage,0,0,0,http://videogames.pricecharting.com/game/psp/dt-carnage 
Dual Pack: Capcom Classics Collection: Remixed & Reloaded,1,0,1,http://videogames.pricecharting.com/game/psp/dual-pack-capcom-classics-collection-remixed-%26-reloaded 
Dungeon Explorer Warriors of Ancient Arts,1,1,0,http://videogames.pricecharting.com/game/psp/dungeon-explorer-warriors-of-ancient-arts 
Dungeon Maker Hunting Ground,1,1,0,http://videogames.pricecharting.com/game/psp/dungeon-maker-hunting-ground 
Dungeon Maker II The Hidden War,1,1,0,http://videogames.pricecharting.com/game/psp/dungeon-maker-ii-the-hidden-war 
Dungeons & Dragons Tactics,4,4,0,http://videogames.pricecharting.com/game/psp/dungeons-%26-dragons-tactics 
Dungeon Siege Throne of Agony,1,4,1,http://videogames.pricecharting.com/game/psp/dungeon-siege-throne-of-agony 
Dynasty Warriors,1,2,0,http://videogames.pricecharting.com/game/psp/dynasty-warriors 
Dynasty Warriors Strikeforce,1,1,1,http://videogames.pricecharting.com/game/psp/dynasty-warriors-strikeforce 
Dynasty Warriors Vol. 2,1,1,0,http://videogames.pricecharting.com/game/psp/dynasty-warriors-vol-2 
EA Replay,2,4,1,http://videogames.pricecharting.com/game/psp/ea-replay 
End War,1,1,1,http://videogames.pricecharting.com/game/psp/end-war 
Eragon,1,1,0,http://videogames.pricecharting.com/game/psp/eragon 
Every Extend Extra,1,1,1,http://videogames.pricecharting.com/game/psp/every-extend-extra 
Exit,1,1,1,http://videogames.pricecharting.com/game/psp/exit 
EyePet Bundle,1,0,4,http://videogames.pricecharting.com/game/psp/eyepet-bundle 
F1 2009,1,0,0,http://videogames.pricecharting.com/game/psp/f1-2009 
Fading Shadows,0,0,1,http://videogames.pricecharting.com/game/psp/fading-shadows 
Family Guy,4,8,0,http://videogames.pricecharting.com/game/psp/family-guy 
Fast and the Furious,1,1,1,http://videogames.pricecharting.com/game/psp/fast-and-the-furious 
Fate/Extra,1,2,1,http://videogames.pricecharting.com/game/psp/fateextra 
Fate/Extra Limited Edition,1,1,1,http://videogames.pricecharting.com/game/psp/fateextra-limited-edition 
Fat Princess: Fistful of Cake,1,1,1,http://videogames.pricecharting.com/game/psp/fat-princess-fistful-of-cake 
Field Commander,1,4,1,http://videogames.pricecharting.com/game/psp/field-commander 
FIFA 2006,,,,http://videogames.pricecharting.com/game/psp/fifa-2006 
FIFA 2007,,,,http://videogames.pricecharting.com/game/psp/fifa-2007 
FIFA 2008,,,,http://videogames.pricecharting.com/game/psp/fifa-2008 
FIFA Soccer,1,0,0,http://videogames.pricecharting.com/game/psp/fifa-soccer 
FIFA Soccer 09,1,1,0,http://videogames.pricecharting.com/game/psp/fifa-soccer-09 
FIFA Soccer 10,1,0,1,http://videogames.pricecharting.com/game/psp/fifa-soccer-10 
FIFA Soccer 11,1,0,4,http://videogames.pricecharting.com/game/psp/fifa-soccer-11 
FIFA Soccer 12,2,1,4,http://videogames.pricecharting.com/game/psp/fifa-soccer-12 
FIFA Soccer 13,1,1,1,http://videogames.pricecharting.com/game/psp/fifa-soccer-13 
FIFA Street 2,1,1,0,http://videogames.pricecharting.com/game/psp/fifa-street-2 
Fight Night Round 3,4,8,1,http://videogames.pricecharting.com/game/psp/fight-night-round-3 
Final Fantasy,8,30,4,http://videogames.pricecharting.com/game/psp/final-fantasy 
Final Fantasy II,4,30,4,http://videogames.pricecharting.com/game/psp/final-fantasy-ii 
Final Fantasy IV Complete Collection,4,30,4,http://videogames.pricecharting.com/game/psp/final-fantasy-iv-complete-collection 
Final Fantasy Tactics War of the Lions,4,30,4,http://videogames.pricecharting.com/game/psp/final-fantasy-tactics-war-of-the-lions 
Final Fantasy VII Crisis Core,4,30,4,http://videogames.pricecharting.com/game/psp/final-fantasy-vii-crisis-core 
FlatOut Head On,1,1,1,http://videogames.pricecharting.com/game/psp/flatout-head-on 
Ford Bold Moves Street Racing,0,0,0,http://videogames.pricecharting.com/game/psp/ford-bold-moves-street-racing 
Ford Racing Off Road,1,0,0,http://videogames.pricecharting.com/game/psp/ford-racing-off-road 
Frantix,1,1,1,http://videogames.pricecharting.com/game/psp/frantix 
Free Running,4,0,,http://videogames.pricecharting.com/game/psp/free-running 
Frogger Helmet Chaos,1,1,0,http://videogames.pricecharting.com/game/psp/frogger-helmet-chaos 
From Russia With Love,,,,http://videogames.pricecharting.com/game/psp/from-russia-with-love 
Full Auto 2,1,1,1,http://videogames.pricecharting.com/game/psp/full-auto-2 
Gangs of London,1,1,0,http://videogames.pricecharting.com/game/psp/gangs-of-london 
Generation of Chaos,2,4,0,http://videogames.pricecharting.com/game/psp/generation-of-chaos 
G-Force,1,0,0,http://videogames.pricecharting.com/game/psp/g-force 
Ghostbusters: The Video Game,4,4,1,http://videogames.pricecharting.com/game/psp/ghostbusters-the-video-game 
Ghost in the Shell Stand Alone Complex,2,4,1,http://videogames.pricecharting.com/game/psp/ghost-in-the-shell-stand-alone-complex 
Ghost Recon Advanced Warfighter 2,1,1,1,http://videogames.pricecharting.com/game/psp/ghost-recon-advanced-warfighter-2 
Ghost Recon: Predator,4,4,1,http://videogames.pricecharting.com/game/psp/ghost-recon-predator 
Ghost Rider,4,4,0,http://videogames.pricecharting.com/game/psp/ghost-rider 
G.I. Joe: The Rise of Cobra,1,1,1,http://videogames.pricecharting.com/game/psp/gi-joe-the-rise-of-cobra 
Gitaroo Man Lives,1,1,0,http://videogames.pricecharting.com/game/psp/gitaroo-man-lives 
Gladiator Begins,1,1,1,http://videogames.pricecharting.com/game/psp/gladiator-begins 
Godfather Mob Wars,4,4,0,http://videogames.pricecharting.com/game/psp/godfather-mob-wars 
God of War Chains of Olympus,4,30,2,http://videogames.pricecharting.com/game/psp/god-of-war-chains-of-olympus 
God of War: Ghost of Sparta,4,12,8,http://videogames.pricecharting.com/game/psp/god-of-war-ghost-of-sparta 
Gods Eater Burst,,,,http://videogames.pricecharting.com/game/psp/gods-eater-burst 
Golden Compass,1,0,1,http://videogames.pricecharting.com/game/psp/golden-compass 
Go Sudoku,1,1,0,http://videogames.pricecharting.com/game/psp/go-sudoku 
Gradius Collection,4,8,1,http://videogames.pricecharting.com/game/psp/gradius-collection 
Grand Theft Auto: Chinatown Wars,4,30,2,http://videogames.pricecharting.com/game/psp/grand-theft-auto-chinatown-wars 
Grand Theft Auto Liberty City Stories,30,60,4,http://videogames.pricecharting.com/game/psp/grand-theft-auto-liberty-city-stories 
Grand Theft Auto Vice City Stories,12,60,4,http://videogames.pricecharting.com/game/psp/grand-theft-auto-vice-city-stories 
Gran Turismo,4,30,4,http://videogames.pricecharting.com/game/psp/gran-turismo 
Greg Hastings Tournament Paintball Maxed,,,,http://videogames.pricecharting.com/game/psp/greg-hastings-tournament-paintball-maxed 
Gretzky NHL,1,1,0,http://videogames.pricecharting.com/game/psp/gretzky-nhl 
Gretzky NHL 2006,,,,http://videogames.pricecharting.com/game/psp/gretzky-nhl-2006 
GripShift,1,1,0,http://videogames.pricecharting.com/game/psp/gripshift 
Growlanser Wayfarer of Time,4,4,1,http://videogames.pricecharting.com/game/psp/growlanser-wayfarer-of-time 
Guilty Gear Judgment,1,1,1,http://videogames.pricecharting.com/game/psp/guilty-gear-judgment 
Guilty Gear XX Accent Core Plus,1,0,1,http://videogames.pricecharting.com/game/psp/guilty-gear-xx-accent-core-plus 
Gungnir,2,4,1,http://videogames.pricecharting.com/game/psp/gungnir 
Gunpey,0,0,1,http://videogames.pricecharting.com/game/psp/gunpey 
Gun Showdown,4,4,0,http://videogames.pricecharting.com/game/psp/gun-showdown 
Gurumin A Monstrous Adventure,2,4,1,http://videogames.pricecharting.com/game/psp/gurumin-a-monstrous-adventure 
Hakuoki: Demon Of The Fleeting Blossom,1,1,1,http://videogames.pricecharting.com/game/psp/hakuoki-demon-of-the-fleeting-blossom 
Hakuoki: Demon Of The Fleeting Blossom Limited Edition,1,0,1,http://videogames.pricecharting.com/game/psp/hakuoki-demon-of-the-fleeting-blossom-limited-edition 
Hakuoki: Warriors of the Shinsengumi,0,0,1,http://videogames.pricecharting.com/game/psp/hakuoki-warriors-of-the-shinsengumi 
Half-Minute Hero,2,4,1,http://videogames.pricecharting.com/game/psp/half-minute-hero 
Hammerin Hero,2,1,1,http://videogames.pricecharting.com/game/psp/hammerin%27-hero 
Hannah Montana: Rock Out the Show,1,0,1,http://videogames.pricecharting.com/game/psp/hannah-montana-rock-out-the-show 
Hannspree Ten Kate Honda SBK Superbike World Championship,1,0,0,http://videogames.pricecharting.com/game/psp/hannspree-ten-kate-honda-sbk-superbike-world-championship 
Hard Rock Casino,1,0,0,http://videogames.pricecharting.com/game/psp/hard-rock-casino 
Harlem Globetrotters World Tour,,,,http://videogames.pricecharting.com/game/psp/harlem-globetrotters-world-tour 
Harry Potter and the Goblet of Fire,2,1,0,http://videogames.pricecharting.com/game/psp/harry-potter-and-the-goblet-of-fire 
Harry Potter and the Half-Blood Prince,1,1,1,http://videogames.pricecharting.com/game/psp/harry-potter-and-the-half-blood-prince 
Harry Potter and the Order of the Phoenix,1,1,0,http://videogames.pricecharting.com/game/psp/harry-potter-and-the-order-of-the-phoenix 
Harvest Moon Boy and Girl,2,4,0,http://videogames.pricecharting.com/game/psp/harvest-moon-boy-and-girl 
Harvest Moon: Hero of Leaf Valley,1,4,1,http://videogames.pricecharting.com/game/psp/harvest-moon-hero-of-leaf-valley 
Harvey Birdman Attorney at Law,1,1,1,http://videogames.pricecharting.com/game/psp/harvey-birdman-attorney-at-law 
Heatseeker,1,0,0,http://videogames.pricecharting.com/game/psp/heatseeker 
Hellboy Science of Evil,1,0,1,http://videogames.pricecharting.com/game/psp/hellboy-science-of-evil 
Hexyz Force,1,4,1,http://videogames.pricecharting.com/game/psp/hexyz-force 
History Channel Great Battles of Rome,0,0,,http://videogames.pricecharting.com/game/psp/history-channel-great-battles-of-rome 
Hot Brain,2,1,0,http://videogames.pricecharting.com/game/psp/hot-brain 
Hot Pxl,0,0,0,http://videogames.pricecharting.com/game/psp/hot-pxl 
Hot Shots Golf and Hot Shots Tennis,,,,http://videogames.pricecharting.com/game/psp/hot-shots-golf-and-hot-shots-tennis 
Hot Shots Golf Open Tee,4,4,4,http://videogames.pricecharting.com/game/psp/hot-shots-golf-open-tee 
Hot Shots Golf Open Tee 2,4,2,2,http://videogames.pricecharting.com/game/psp/hot-shots-golf-open-tee-2 
Hot Shots Tennis: Get a Grip,1,0,2,http://videogames.pricecharting.com/game/psp/hot-shots-tennis-get-a-grip 
Hot Wheels Ultimate Racing,2,1,0,http://videogames.pricecharting.com/game/psp/hot-wheels-ultimate-racing 
Hustle Detroit Streets,1,1,1,http://videogames.pricecharting.com/game/psp/hustle-detroit-streets 
IL-2 Sturmovik: Birds of Prey,1,1,1,http://videogames.pricecharting.com/game/psp/il-2-sturmovik-birds-of-prey 
Indiana Jones and the Staff of Kings,1,1,1,http://videogames.pricecharting.com/game/psp/indiana-jones-and-the-staff-of-kings 
Infected,1,4,0,http://videogames.pricecharting.com/game/psp/infected 
Innocent Life A Futuristic Harvest Moon,1,1,1,http://videogames.pricecharting.com/game/psp/innocent-life-a-futuristic-harvest-moon 
Invizimals,2,1,2,http://videogames.pricecharting.com/game/psp/invizimals 
Invizimals: Shadow Zone,1,0,1,http://videogames.pricecharting.com/game/psp/invizimals-shadow-zone 
Iron Man,2,4,0,http://videogames.pricecharting.com/game/psp/iron-man 
Iron Man 2,4,2,1,http://videogames.pricecharting.com/game/psp/iron-man-2 
Jackass The Game,1,1,1,http://videogames.pricecharting.com/game/psp/jackass-the-game 
Jak and Daxter: The Lost Frontier,4,4,1,http://videogames.pricecharting.com/game/psp/jak-and-daxter-the-lost-frontier 
Jeanne dArc,4,30,4,http://videogames.pricecharting.com/game/psp/jeanne-d%27arc 
Jikandia: The Timeless Land,1,1,1,http://videogames.pricecharting.com/game/psp/jikandia-the-timeless-land 
Juiced 2 Hot Import Nights,1,0,0,http://videogames.pricecharting.com/game/psp/juiced-2-hot-import-nights 
Juiced Eliminator,1,1,0,http://videogames.pricecharting.com/game/psp/juiced-eliminator 
Justice League Heroes,1,4,1,http://videogames.pricecharting.com/game/psp/justice-league-heroes 
Kao Challengers,1,0,0,http://videogames.pricecharting.com/game/psp/kao-challengers 
Kenka Bancho: Badass Rumble,1,1,1,http://videogames.pricecharting.com/game/psp/kenka-bancho-badass-rumble 
Killzone Liberation,4,8,4,http://videogames.pricecharting.com/game/psp/killzone-liberation 
Kingdom Hearts: Birth by Sleep,8,30,4,http://videogames.pricecharting.com/game/psp/kingdom-hearts-birth-by-sleep 
Kingdom of Paradise,1,4,1,http://videogames.pricecharting.com/game/psp/kingdom-of-paradise 
King of Fighters Collection The Orochi Saga,1,1,1,http://videogames.pricecharting.com/game/psp/king-of-fighters-collection-the-orochi-saga 
Knights in the Nightmare,2,4,1,http://videogames.pricecharting.com/game/psp/knights-in-the-nightmare 
Legend of Heroes A Tear of Vermillion,4,8,1,http://videogames.pricecharting.com/game/psp/legend-of-heroes-a-tear-of-vermillion 
Legend of Heroes III Song of the Ocean,4,8,1,http://videogames.pricecharting.com/game/psp/legend-of-heroes-iii-song-of-the-ocean 
Legend of Heroes II Prophecy of the Moonlight Witch,4,8,1,http://videogames.pricecharting.com/game/psp/legend-of-heroes-ii-prophecy-of-the-moonlight-witch 
Legend of the Dragon,0,0,0,http://videogames.pricecharting.com/game/psp/legend-of-the-dragon 
LEGO Batman The Videogame,4,8,1,http://videogames.pricecharting.com/game/psp/lego-batman-the-videogame 
LEGO Harry Potter: Years 1-4,4,4,1,http://videogames.pricecharting.com/game/psp/lego-harry-potter-years-1-4 
LEGO Harry Potter Years 5-7,1,0,1,http://videogames.pricecharting.com/game/psp/lego-harry-potter-years-5-7 
LEGO Indiana Jones 2: The Adventure Continues,4,4,1,http://videogames.pricecharting.com/game/psp/lego-indiana-jones-2-the-adventure-continues 
LEGO Indiana Jones The Original Adventures,4,4,1,http://videogames.pricecharting.com/game/psp/lego-indiana-jones-the-original-adventures 
LEGO Pirates of the Caribbean: The Video Game,4,4,4,http://videogames.pricecharting.com/game/psp/lego-pirates-of-the-caribbean-the-video-game 
LEGO Star Wars III: The Clone Wars,4,4,4,http://videogames.pricecharting.com/game/psp/lego-star-wars-iii-the-clone-wars 
LEGO Star Wars II Original Trilogy,4,8,1,http://videogames.pricecharting.com/game/psp/lego-star-wars-ii-original-trilogy 
Lemmings,1,1,1,http://videogames.pricecharting.com/game/psp/lemmings 
LittleBigPlanet,4,30,4,http://videogames.pricecharting.com/game/psp/littlebigplanet 
LocoRoco,2,4,2,http://videogames.pricecharting.com/game/psp/locoroco 
LocoRoco 2,1,1,1,http://videogames.pricecharting.com/game/psp/locoroco-2 
Lord of Arcana,1,1,1,http://videogames.pricecharting.com/game/psp/lord-of-arcana 
Lord of the Rings Tactics,1,0,0,http://videogames.pricecharting.com/game/psp/lord-of-the-rings-tactics 
Lumines,4,8,0,http://videogames.pricecharting.com/game/psp/lumines 
Lumines II,1,1,2,http://videogames.pricecharting.com/game/psp/lumines-ii 
Lunar: Silver Star Harmony,4,12,1,http://videogames.pricecharting.com/game/psp/lunar-silver-star-harmony 
Lunar: Silver Star Harmony Limited Edition,,,,http://videogames.pricecharting.com/game/psp/lunar-silver-star-harmony-limited-edition 
Luxor Pharaohs Challenge,1,0,0,http://videogames.pricecharting.com/game/psp/luxor-pharaoh%27s-challenge 
Luxor Wrath of Set,1,0,0,http://videogames.pricecharting.com/game/psp/luxor-wrath-of-set 
M.A.C.H.,1,0,0,http://videogames.pricecharting.com/game/psp/mach 
Madden 2007,2,1,0,http://videogames.pricecharting.com/game/psp/madden-2007 
Madden 2009,1,1,1,http://videogames.pricecharting.com/game/psp/madden-2009 
Madden NFL 08,,,,http://videogames.pricecharting.com/game/psp/madden-nfl-08 
Madden NFL 10,4,4,1,http://videogames.pricecharting.com/game/psp/madden-nfl-10 
Madden NFL 11,4,8,1,http://videogames.pricecharting.com/game/psp/madden-nfl-11 
Madden NFL 12,4,8,4,http://videogames.pricecharting.com/game/psp/madden-nfl-12 
Madden NFL 2006,,,,http://videogames.pricecharting.com/game/psp/madden-nfl-2006 
Major League Baseball 2K10,0,0,0,http://videogames.pricecharting.com/game/psp/major-league-baseball-2k10 
Major League Baseball 2K11,1,0,1,http://videogames.pricecharting.com/game/psp/major-league-baseball-2k11 
Major League Baseball 2K12,2,1,1,http://videogames.pricecharting.com/game/psp/major-league-baseball-2k12 
Major League Baseball 2K6,1,0,0,http://videogames.pricecharting.com/game/psp/major-league-baseball-2k6 
Major League Baseball 2K7,1,0,0,http://videogames.pricecharting.com/game/psp/major-league-baseball-2k7 
Major League Baseball 2K8,1,0,0,http://videogames.pricecharting.com/game/psp/major-league-baseball-2k8 
Major League Baseball 2K9,1,0,0,http://videogames.pricecharting.com/game/psp/major-league-baseball-2k9 
Mana Khemia Student Alliance,1,1,1,http://videogames.pricecharting.com/game/psp/mana-khemia-student-alliance 
Manhunt 2,4,8,1,http://videogames.pricecharting.com/game/psp/manhunt-2 
Marvel Nemesis Rise of the Imperfects,2,4,0,http://videogames.pricecharting.com/game/psp/marvel-nemesis-rise-of-the-imperfects 
Marvel Super Hero Squad,1,1,1,http://videogames.pricecharting.com/game/psp/marvel-super-hero-squad 
Marvel Trading Card Game,1,0,1,http://videogames.pricecharting.com/game/psp/marvel-trading-card-game 
Marvel Ultimate Alliance,4,4,0,http://videogames.pricecharting.com/game/psp/marvel-ultimate-alliance 
Marvel: Ultimate Alliance 2,4,4,1,http://videogames.pricecharting.com/game/psp/marvel-ultimate-alliance-2 
Me and My Katamari,4,8,1,http://videogames.pricecharting.com/game/psp/me-and-my-katamari 
Medal of Honor Heroes,4,12,1,http://videogames.pricecharting.com/game/psp/medal-of-honor-heroes 
Medal of Honor Heroes 2,4,12,1,http://videogames.pricecharting.com/game/psp/medal-of-honor-heroes-2 
MediEvil Resurrection,4,12,1,http://videogames.pricecharting.com/game/psp/medievil-resurrection 
Mega Man Dual Pack,1,1,0,http://videogames.pricecharting.com/game/psp/mega-man-dual-pack 
Mega Man Maverick Hunter X,4,12,1,http://videogames.pricecharting.com/game/psp/mega-man-maverick-hunter-x 
Mega Man Powered Up,4,8,1,http://videogames.pricecharting.com/game/psp/mega-man-powered-up 
MegaMind: The Blue Defender,1,0,1,http://videogames.pricecharting.com/game/psp/megamind-the-blue-defender 
Mercury,1,1,1,http://videogames.pricecharting.com/game/psp/mercury 
Mercury Meltdown,1,0,0,http://videogames.pricecharting.com/game/psp/mercury-meltdown 
Mercury & Mercury Meltdown Combo,1,0,1,http://videogames.pricecharting.com/game/psp/mercury-%26-mercury-meltdown-combo 
Metal Gear Acid,4,30,1,http://videogames.pricecharting.com/game/psp/metal-gear-acid 
Metal Gear Acid 2,4,12,1,http://videogames.pricecharting.com/game/psp/metal-gear-acid-2 
Metal Gear Solid Digital Graphic Novel,1,2,1,http://videogames.pricecharting.com/game/psp/metal-gear-solid-digital-graphic-novel 
Metal Gear Solid: Peace Walker,4,30,4,http://videogames.pricecharting.com/game/psp/metal-gear-solid-peace-walker 
Metal Gear Solid Portable Ops,4,2,1,http://videogames.pricecharting.com/game/psp/metal-gear-solid-portable-ops 
Metal Gear Solid Portable Ops Plus,4,30,0,http://videogames.pricecharting.com/game/psp/metal-gear-solid-portable-ops-plus 
Metal Slug Anthology,4,4,1,http://videogames.pricecharting.com/game/psp/metal-slug-anthology 
Metal Slug XX,1,1,1,http://videogames.pricecharting.com/game/psp/metal-slug-xx 
Miami Vice,1,1,0,http://videogames.pricecharting.com/game/psp/miami-vice 
Michael Jackson: The Experience,1,0,2,http://videogames.pricecharting.com/game/psp/michael-jackson-the-experience 
Micro Machines V4,1,0,0,http://videogames.pricecharting.com/game/psp/micro-machines-v4 
Midnight Club 3 DUB Edition,8,30,1,http://videogames.pricecharting.com/game/psp/midnight-club-3-dub-edition 
Midnight Club LA Remix,4,8,1,http://videogames.pricecharting.com/game/psp/midnight-club-la-remix 
Midway Arcade Treasures Extended Play,4,4,1,http://videogames.pricecharting.com/game/psp/midway-arcade-treasures-extended-play 
Mimana Iyar Chronicles,2,1,1,http://videogames.pricecharting.com/game/psp/mimana-iyar-chronicles 
Mind Quiz,1,0,0,http://videogames.pricecharting.com/game/psp/mind-quiz 
MLB,1,1,1,http://videogames.pricecharting.com/game/psp/mlb 
MLB 06 The Show,2,1,1,http://videogames.pricecharting.com/game/psp/mlb-06-the-show 
MLB 07 The Show,1,1,1,http://videogames.pricecharting.com/game/psp/mlb-07-the-show 
MLB 08 The Show,2,1,1,http://videogames.pricecharting.com/game/psp/mlb-08-the-show 
MLB 09: The Show,1,1,1,http://videogames.pricecharting.com/game/psp/mlb-09-the-show 
MLB 10 The Show,4,1,2,http://videogames.pricecharting.com/game/psp/mlb-10-the-show 
MLB 11: The Show,4,1,4,http://videogames.pricecharting.com/game/psp/mlb-11-the-show 
ModNation Racers,2,1,1,http://videogames.pricecharting.com/game/psp/modnation-racers 
Monster Hunter Freedom,4,8,1,http://videogames.pricecharting.com/game/psp/monster-hunter-freedom 
Monster Hunter Freedom 2,4,4,1,http://videogames.pricecharting.com/game/psp/monster-hunter-freedom-2 
Monster Hunter Freedom Unite,4,12,1,http://videogames.pricecharting.com/game/psp/monster-hunter-freedom-unite 
Monster Jam: Path of Destruction,1,1,1,http://videogames.pricecharting.com/game/psp/monster-jam-path-of-destruction 
Monster Jam Urban Assault,4,1,1,http://videogames.pricecharting.com/game/psp/monster-jam-urban-assault 
Monster Kingdom Jewel Summoner,1,1,0,http://videogames.pricecharting.com/game/psp/monster-kingdom-jewel-summoner 
Mortal Kombat Unchained,4,12,1,http://videogames.pricecharting.com/game/psp/mortal-kombat-unchained 
MotoGP,1,0,0,http://videogames.pricecharting.com/game/psp/motogp 
MotorStorm: Arctic Edge,4,4,2,http://videogames.pricecharting.com/game/psp/motorstorm-arctic-edge 
Motorstorm: Arctic Edge & Twisted Metal,1,,,http://videogames.pricecharting.com/game/psp/motorstorm-arctic-edge-%26-twisted-metal 
MTX Mototrax,1,0,0,http://videogames.pricecharting.com/game/psp/mtx-mototrax 
MVP Baseball,1,1,0,http://videogames.pricecharting.com/game/psp/mvp-baseball 
MX vs. ATV Reflex,4,1,1,http://videogames.pricecharting.com/game/psp/mx-vs-atv-reflex 
MX vs. ATV Unleashed On the Edge,1,1,0,http://videogames.pricecharting.com/game/psp/mx-vs-atv-unleashed-on-the-edge 
MX vs ATV Untamed,2,4,1,http://videogames.pricecharting.com/game/psp/mx-vs-atv-untamed 
My Spanish Coach,1,1,1,http://videogames.pricecharting.com/game/psp/my-spanish-coach 
Mytran Wars,0,0,0,http://videogames.pricecharting.com/game/psp/mytran-wars 
N+,1,1,1,http://videogames.pricecharting.com/game/psp/n%2B 
Namco Museum Battle Collection,4,12,1,http://videogames.pricecharting.com/game/psp/namco-museum-battle-collection 
Napoleon Dynamite,1,1,1,http://videogames.pricecharting.com/game/psp/napoleon-dynamite 
Naruto Shippuden: Kizuna Drive,1,1,1,http://videogames.pricecharting.com/game/psp/naruto-shippuden-kizuna-drive 
Naruto Shippuden Legends: Akatsuki Rising,4,1,1,http://videogames.pricecharting.com/game/psp/naruto-shippuden-legends-akatsuki-rising 
Naruto Shippuden: Ultimate Ninja Heroes 3,2,1,1,http://videogames.pricecharting.com/game/psp/naruto-shippuden-ultimate-ninja-heroes-3 
Naruto Shippuden: Ultimate Ninja Impact,1,1,1,http://videogames.pricecharting.com/game/psp/naruto-shippuden-ultimate-ninja-impact 
Naruto Ultimate Ninja Heroes,4,4,1,http://videogames.pricecharting.com/game/psp/naruto-ultimate-ninja-heroes 
Naruto Ultimate Ninja Heroes 2 The Phantom Fortress,2,4,1,http://videogames.pricecharting.com/game/psp/naruto-ultimate-ninja-heroes-2-the-phantom-fortress 
NASCAR,2,4,0,http://videogames.pricecharting.com/game/psp/nascar 
NBA,1,1,0,http://videogames.pricecharting.com/game/psp/nba 
NBA 08,1,0,0,http://videogames.pricecharting.com/game/psp/nba-08 
NBA 09 The Inside,1,0,1,http://videogames.pricecharting.com/game/psp/nba-09-the-inside 
NBA 10: The Inside,1,0,1,http://videogames.pricecharting.com/game/psp/nba-10-the-inside 
NBA 2006,1,1,0,http://videogames.pricecharting.com/game/psp/nba-2006 
NBA 2007,2,0,0,http://videogames.pricecharting.com/game/psp/nba-2007 
NBA 2K10,4,1,1,http://videogames.pricecharting.com/game/psp/nba-2k10 
NBA 2K11,4,4,1,http://videogames.pricecharting.com/game/psp/nba-2k11 
NBA 2K12,4,4,1,http://videogames.pricecharting.com/game/psp/nba-2k12 
NBA 2K13,1,4,1,http://videogames.pricecharting.com/game/psp/nba-2k13 
NBA Ballers Rebound,1,1,0,http://videogames.pricecharting.com/game/psp/nba-ballers-rebound 
NBA Live 09,2,1,1,http://videogames.pricecharting.com/game/psp/nba-live-09 
NBA Live 10,2,1,1,http://videogames.pricecharting.com/game/psp/nba-live-10 
NBA Live 2006,4,0,1,http://videogames.pricecharting.com/game/psp/nba-live-2006 
NBA Live 2007,1,1,0,http://videogames.pricecharting.com/game/psp/nba-live-2007 
NBA Live 2008,1,0,0,http://videogames.pricecharting.com/game/psp/nba-live-2008 
NBA Street Showdown,1,4,0,http://videogames.pricecharting.com/game/psp/nba-street-showdown 
NCAA Football 09,4,2,0,http://videogames.pricecharting.com/game/psp/ncaa-football-09 
NCAA Football 10,4,4,1,http://videogames.pricecharting.com/game/psp/ncaa-football-10 
NCAA Football 2007,4,2,0,http://videogames.pricecharting.com/game/psp/ncaa-football-2007 
Need for Speed Carbon Own the City,4,12,1,http://videogames.pricecharting.com/game/psp/need-for-speed-carbon-own-the-city 
Need for Speed Most Wanted,4,1,1,http://videogames.pricecharting.com/game/psp/need-for-speed-most-wanted 
Need for Speed Pro Street,4,4,1,http://videogames.pricecharting.com/game/psp/need-for-speed-pro-street 
Need for Speed Shift,4,1,1,http://videogames.pricecharting.com/game/psp/need-for-speed-shift 
Need for Speed Undercover,4,4,0,http://videogames.pricecharting.com/game/psp/need-for-speed-undercover 
Need for Speed Underground Rivals,4,12,0,http://videogames.pricecharting.com/game/psp/need-for-speed-underground-rivals 
Neopets Petpet Adventures The Wand of Wishing,1,0,1,http://videogames.pricecharting.com/game/psp/neopets-petpet-adventures-the-wand-of-wishing 
Neverland Card Battles,1,0,0,http://videogames.pricecharting.com/game/psp/neverland-card-battles 
NFL Street 2 Unleashed,4,4,0,http://videogames.pricecharting.com/game/psp/nfl-street-2-unleashed 
NFL Street 3,4,4,0,http://videogames.pricecharting.com/game/psp/nfl-street-3 
NHL 07,2,4,1,http://videogames.pricecharting.com/game/psp/nhl-07 
NHRA Countdown to the Championship,1,0,0,http://videogames.pricecharting.com/game/psp/nhra-countdown-to-the-championship 
Obscure: The Aftermath,1,1,0,http://videogames.pricecharting.com/game/psp/obscure-the-aftermath 
Online Chess Kingdoms,0,0,0,http://videogames.pricecharting.com/game/psp/online-chess-kingdoms 
Open Season,1,0,0,http://videogames.pricecharting.com/game/psp/open-season 
OutRun 2006 Coast 2 Coast,1,4,0,http://videogames.pricecharting.com/game/psp/outrun-2006-coast-2-coast 
Over the Hedge Hammy Goes Nuts,1,0,0,http://videogames.pricecharting.com/game/psp/over-the-hedge-hammy-goes-nuts 
Pac-Man World 3,1,1,1,http://videogames.pricecharting.com/game/psp/pac-man-world-3 
Pac-Man World Rally,2,1,1,http://videogames.pricecharting.com/game/psp/pac-man-world-rally 
Pangya: Fantasy Golf,1,1,1,http://videogames.pricecharting.com/game/psp/pangya-fantasy-golf 
PaRappa the Rapper,2,4,2,http://videogames.pricecharting.com/game/psp/parappa-the-rapper 
Patapon,4,8,4,http://videogames.pricecharting.com/game/psp/patapon 
Patapon 2,2,2,4,http://videogames.pricecharting.com/game/psp/patapon-2 
Patapon 3,2,4,1,http://videogames.pricecharting.com/game/psp/patapon-3 
Patapon and Loco Roco,,,,http://videogames.pricecharting.com/game/psp/patapon-and-loco-roco 
Payout Poker and Casino,1,0,0,http://videogames.pricecharting.com/game/psp/payout-poker-and-casino 
PDC World Championship Darts 2008,0,1,,http://videogames.pricecharting.com/game/psp/pdc-world-championship-darts-2008 
Peter Jacksons King Kong,1,1,0,http://videogames.pricecharting.com/game/psp/peter-jackson%27s-king-kong 
Petz: Dogz Family,0,4,,http://videogames.pricecharting.com/game/psp/petz-dogz-family 
Petz: Hamsterz Bunch,1,0,1,http://videogames.pricecharting.com/game/psp/petz-hamsterz-bunch 
Petz: Saddle Club,1,0,1,http://videogames.pricecharting.com/game/psp/petz-saddle-club 
Phantasy Star Portable,4,8,1,http://videogames.pricecharting.com/game/psp/phantasy-star-portable 
Phantasy Star Portable 2,4,8,1,http://videogames.pricecharting.com/game/psp/phantasy-star-portable-2 
Phantom Brave: The Hermuda Triangle,1,2,1,http://videogames.pricecharting.com/game/psp/phantom-brave-the-hermuda-triangle 
Pilot Academy,,,,http://videogames.pricecharting.com/game/psp/pilot-academy 
Pimp My Ride,1,0,1,http://videogames.pricecharting.com/game/psp/pimp-my-ride 
Pinball Hall of Fame,1,0,0,http://videogames.pricecharting.com/game/psp/pinball-hall-of-fame 
Pinball Hall of Fame The Williams Collection,1,1,1,http://videogames.pricecharting.com/game/psp/pinball-hall-of-fame-the-williams-collection 
Pipe Mania,1,0,1,http://videogames.pricecharting.com/game/psp/pipe-mania 
Pirates of the Caribbean At Worlds End,1,1,1,http://videogames.pricecharting.com/game/psp/pirates-of-the-caribbean-at-world%27s-end 
Pirates of the Caribbean Dead Mans Chest,1,1,0,http://videogames.pricecharting.com/game/psp/pirates-of-the-caribbean-dead-man%27s-chest 
Pixel Junk Monsters Deluxe,1,4,1,http://videogames.pricecharting.com/game/psp/pixel-junk-monsters-deluxe 
Platypus,1,1,1,http://videogames.pricecharting.com/game/psp/platypus 
Pocket Pool,1,0,0,http://videogames.pricecharting.com/game/psp/pocket-pool 
Pocket Racers,0,0,0,http://videogames.pricecharting.com/game/psp/pocket-racers 
PoPoLoCrois,1,4,1,http://videogames.pricecharting.com/game/psp/popolocrois 
Power Stone Collection,4,8,1,http://videogames.pricecharting.com/game/psp/power-stone-collection 
PQ Practical Intelligence Quotient,1,0,0,http://videogames.pricecharting.com/game/psp/pq-practical-intelligence-quotient 
PQ: Practical Intelligence Quotient 2,1,0,1,http://videogames.pricecharting.com/game/psp/pq-practical-intelligence-quotient-2 
Prince of Persia Revelations,0,0,0,http://videogames.pricecharting.com/game/psp/prince-of-persia-revelations 
Prince of Persia Rival Swords,1,1,1,http://videogames.pricecharting.com/game/psp/prince-of-persia-rival-swords 
Prince of Persia: The Forgotten Sands,1,1,1,http://videogames.pricecharting.com/game/psp/prince-of-persia-the-forgotten-sands 
Prinny 2: Dawn of Operation Panties Dood,2,4,1,http://videogames.pricecharting.com/game/psp/prinny-2-dawn-of-operation-panties-dood 
Prinny Can I Really Be the Hero?,4,4,1,http://videogames.pricecharting.com/game/psp/prinny-can-i-really-be-the-hero 
Pro Evolution Soccer 2008,1,0,0,http://videogames.pricecharting.com/game/psp/pro-evolution-soccer-2008 
Pro Evolution Soccer 2009,0,0,1,http://videogames.pricecharting.com/game/psp/pro-evolution-soccer-2009 
Pro Evolution Soccer 2010,0,0,0,http://videogames.pricecharting.com/game/psp/pro-evolution-soccer-2010 
Pro Evolution Soccer 2011,0,0,0,http://videogames.pricecharting.com/game/psp/pro-evolution-soccer-2011 
Pro Evo Soccer 2012,,,,http://videogames.pricecharting.com/game/psp/pro-evo-soccer-2012 
Pro Evo Soccer 2013,,,,http://videogames.pricecharting.com/game/psp/pro-evo-soccer-2013 
ProStroke Golf World Tour 2007,0,0,,http://videogames.pricecharting.com/game/psp/prostroke-golf-world-tour-2007 
PSP 1000 Console Black,0,0,8,http://videogames.pricecharting.com/game/psp/psp-1000-console-black 
PSP 1001K Console Black,4,30,4,http://videogames.pricecharting.com/game/psp/psp-1001k-console-black 
PSP 2000 Console Black,4,1,0,http://videogames.pricecharting.com/game/psp/psp-2000-console-black 
PSP 2000 Console White,8,0,0,http://videogames.pricecharting.com/game/psp/psp-2000-console-white 
PSP 2000 Limited Edition Daxter Version,2,0,1,http://videogames.pricecharting.com/game/psp/psp-2000-limited-edition-daxter-version 
PSP 2000 Limited Edition Madden 09 Version,4,0,0,http://videogames.pricecharting.com/game/psp/psp-2000-limited-edition-madden-09-version 
PSP 3000,4,8,2,http://videogames.pricecharting.com/game/psp/psp-3000 
PSP 3000 Limited Edition God of War Version,,,,http://videogames.pricecharting.com/game/psp/psp-3000-limited-edition-god-of-war-version 
PSP 3000 Limited Edition Gran Turismo Version,,,,http://videogames.pricecharting.com/game/psp/psp-3000-limited-edition-gran-turismo-version 
PSP 3000 Limited Edition Hanna Montana Version,2,0,1,http://videogames.pricecharting.com/game/psp/psp-3000-limited-edition-hanna-montana-version 
PSP 3000 Limited Edition Kingdom Hearts Version,,,,http://videogames.pricecharting.com/game/psp/psp-3000-limited-edition-kingdom-hearts-version 
PSP 3000 Limited Edition Metal Gear Version,4,0,1,http://videogames.pricecharting.com/game/psp/psp-3000-limited-edition-metal-gear-version 
PSP 3000 Limited Edition Ratchet & Clank Version,1,0,0,http://videogames.pricecharting.com/game/psp/psp-3000-limited-edition-ratchet-%26-clank-version 
PSP 3000 Limited Edition Rock Band Version,1,1,,http://videogames.pricecharting.com/game/psp/psp-3000-limited-edition-rock-band-version 
PSP 3000 Limited Edition Silver,1,1,,http://videogames.pricecharting.com/game/psp/psp-3000-limited-edition-silver 
PSP Car Adaptor,,,,http://videogames.pricecharting.com/game/psp/psp-car-adaptor 
PSP Go Pearl White,4,1,1,http://videogames.pricecharting.com/game/psp/psp-go-pearl-white 
PSP Go Piano Black,4,4,1,http://videogames.pricecharting.com/game/psp/psp-go-piano-black 
Pursuit Force,1,4,1,http://videogames.pricecharting.com/game/psp/pursuit-force 
Pursuit Force Extreme Justice,1,4,1,http://videogames.pricecharting.com/game/psp/pursuit-force-extreme-justice 
Puzzle Challenge Crosswords and More,1,0,0,http://videogames.pricecharting.com/game/psp/puzzle-challenge-crosswords-and-more 
Puzzle Chronicles,0,0,1,http://videogames.pricecharting.com/game/psp/puzzle-chronicles 
Puzzle Guzzle,0,0,1,http://videogames.pricecharting.com/game/psp/puzzle-guzzle 
Puzzle Quest Challenge of the Warlords,1,4,0,http://videogames.pricecharting.com/game/psp/puzzle-quest-challenge-of-the-warlords 
Puzzle Scape,0,0,0,http://videogames.pricecharting.com/game/psp/puzzle-scape 
Race Driver 2006,1,1,0,http://videogames.pricecharting.com/game/psp/race-driver-2006 
Ragnarok: Tactics,1,0,1,http://videogames.pricecharting.com/game/psp/ragnarok-tactics 
Rainbow Islands Evolution,1,0,0,http://videogames.pricecharting.com/game/psp/rainbow-islands-evolution 
Rainbow Six Vegas,2,4,1,http://videogames.pricecharting.com/game/psp/rainbow-six-vegas 
Rapala Pro Bass Fishing 2010,1,0,1,http://videogames.pricecharting.com/game/psp/rapala-pro-bass-fishing-2010 
Rapala Trophies,1,1,0,http://videogames.pricecharting.com/game/psp/rapala-trophies 
Ratatouille,1,1,0,http://videogames.pricecharting.com/game/psp/ratatouille 
Ratchet and Clank Size Matters,8,30,1,http://videogames.pricecharting.com/game/psp/ratchet-and-clank-size-matters 
Rayman Raving Rabbids,,,,http://videogames.pricecharting.com/game/psp/rayman-raving-rabbids 
Reel Fishing The Great Outdoors,1,0,0,http://videogames.pricecharting.com/game/psp/reel-fishing-the-great-outdoors 
Rengoku II The Stairway to H.E.A.V.E.N,1,1,1,http://videogames.pricecharting.com/game/psp/rengoku-ii-the-stairway-to-heaven 
Rengoku The Tower of Purgatory,0,0,0,http://videogames.pricecharting.com/game/psp/rengoku-the-tower-of-purgatory 
Resistance: Retribution,4,12,1,http://videogames.pricecharting.com/game/psp/resistance-retribution 
Ridge Racer,4,8,1,http://videogames.pricecharting.com/game/psp/ridge-racer 
Ridge Racer 2,0,0,0,http://videogames.pricecharting.com/game/psp/ridge-racer-2 
Riviera The Promised Land,1,4,1,http://videogames.pricecharting.com/game/psp/riviera-the-promised-land 
Rock Band Unplugged,4,8,1,http://videogames.pricecharting.com/game/psp/rock-band-unplugged 
Rocky Balboa,1,0,0,http://videogames.pricecharting.com/game/psp/rocky-balboa 
R-Type Command,1,4,1,http://videogames.pricecharting.com/game/psp/r-type-command 
Rush,1,1,0,http://videogames.pricecharting.com/game/psp/rush 
Sampler Disc: Volume 1,0,0,0,http://videogames.pricecharting.com/game/psp/sampler-disc-volume-1 
Samurai Shodown Anthology,1,1,1,http://videogames.pricecharting.com/game/psp/samurai-shodown-anthology 
Samurai Warriors State of War,1,1,0,http://videogames.pricecharting.com/game/psp/samurai-warriors-state-of-war 
SBK: Superbike World Championship,0,0,0,http://videogames.pricecharting.com/game/psp/sbk-superbike-world-championship 
Scarface Money. Power. Respect,4,8,1,http://videogames.pricecharting.com/game/psp/scarface-money-power-respect 
Scooby-Doo Whos Watching Who?,1,1,1,http://videogames.pricecharting.com/game/psp/scooby-doo-who%27s-watching-who 
Scrabble,1,1,0,http://videogames.pricecharting.com/game/psp/scrabble 
Secret Agent Clank,4,8,2,http://videogames.pricecharting.com/game/psp/secret-agent-clank 
SEGA Genesis Collection,4,8,1,http://videogames.pricecharting.com/game/psp/sega-genesis-collection 
Sega Rally Revo,1,1,0,http://videogames.pricecharting.com/game/psp/sega-rally-revo 
Shadow of Destiny,1,1,1,http://videogames.pricecharting.com/game/psp/shadow-of-destiny 
Shaun White Snowboarding,1,1,0,http://videogames.pricecharting.com/game/psp/shaun-white-snowboarding 
Shin Megami Tensei: Persona,4,12,4,http://videogames.pricecharting.com/game/psp/shin-megami-tensei-persona 
Shin Megami Tensei: Persona 2: Innocent Sin,4,8,4,http://videogames.pricecharting.com/game/psp/shin-megami-tensei-persona-2-innocent-sin 
Shin Megami Tensei: Persona 3 Portable,4,12,1,http://videogames.pricecharting.com/game/psp/shin-megami-tensei-persona-3-portable 
Shrek Smash and Crash Racing,1,0,0,http://videogames.pricecharting.com/game/psp/shrek-smash-and-crash-racing 
Shrek the Third,1,0,1,http://videogames.pricecharting.com/game/psp/shrek-the-third 
Sid Meiers Pirates Live the Life,4,4,1,http://videogames.pricecharting.com/game/psp/sid-meiers-pirates-live-the-life 
Silent Hill Experience,1,0,1,http://videogames.pricecharting.com/game/psp/silent-hill-experience 
Silent Hill Origins,4,12,4,http://videogames.pricecharting.com/game/psp/silent-hill-origins 
Silent Hill: Shattered Memories,4,4,1,http://videogames.pricecharting.com/game/psp/silent-hill-shattered-memories 
Smart Bomb,1,1,0,http://videogames.pricecharting.com/game/psp/smart-bomb 
Smash Court Tennis 3,0,0,0,http://videogames.pricecharting.com/game/psp/smash-court-tennis-3 
SNK Arcade Classics Volume 1,4,4,1,http://videogames.pricecharting.com/game/psp/snk-arcade-classics-volume-1 
Snoopy vs. the Red Baron,2,4,0,http://videogames.pricecharting.com/game/psp/snoopy-vs-the-red-baron 
SOCOM US Navy Seals Fireteam Bravo,4,8,1,http://videogames.pricecharting.com/game/psp/socom-us-navy-seals-fireteam-bravo 
SOCOM US Navy Seals Fireteam Bravo 2,4,12,1,http://videogames.pricecharting.com/game/psp/socom-us-navy-seals-fireteam-bravo-2 
SOCOM: U.S. Navy SEALs Fireteam Bravo 3,4,4,2,http://videogames.pricecharting.com/game/psp/socom-us-navy-seals-fireteam-bravo-3 
SOCOM US Navy Seals Tactical Strike,4,4,1,http://videogames.pricecharting.com/game/psp/socom-us-navy-seals-tactical-strike 
Sonic Rivals,4,8,1,http://videogames.pricecharting.com/game/psp/sonic-rivals 
Sonic Rivals 2,4,8,1,http://videogames.pricecharting.com/game/psp/sonic-rivals-2 
Soulcalibur: Broken Destiny,4,4,1,http://videogames.pricecharting.com/game/psp/soulcalibur-broken-destiny 
Space Invaders Extreme,1,1,1,http://videogames.pricecharting.com/game/psp/space-invaders-extreme 
Spectral Souls,1,4,0,http://videogames.pricecharting.com/game/psp/spectral-souls 
Spelling Challenges and More,1,0,0,http://videogames.pricecharting.com/game/psp/spelling-challenges-and-more 
Spiderman 2,4,8,0,http://videogames.pricecharting.com/game/psp/spiderman-2 
Spiderman 3,1,1,1,http://videogames.pricecharting.com/game/psp/spiderman-3 
Spiderman Friend or Foe,4,4,1,http://videogames.pricecharting.com/game/psp/spiderman-friend-or-foe 
Spider-Man Web of Shadows,,,,http://videogames.pricecharting.com/game/psp/spider-man-web-of-shadows 
Splinter Cell Essentials,1,1,0,http://videogames.pricecharting.com/game/psp/splinter-cell-essentials 
Split/Second,1,1,1,http://videogames.pricecharting.com/game/psp/splitsecond 
SpongeBob SquarePants The Yellow Avenger,2,4,1,http://videogames.pricecharting.com/game/psp/spongebob-squarepants-the-yellow-avenger 
SpongeBobs Truth or Square,2,2,1,http://videogames.pricecharting.com/game/psp/spongebob%27s-truth-or-square 
SSX On Tour,1,4,0,http://videogames.pricecharting.com/game/psp/ssx-on-tour 
Stacked with Daniel Negreanu,0,0,0,http://videogames.pricecharting.com/game/psp/stacked-with-daniel-negreanu 
Star Ocean First Departure,4,30,2,http://videogames.pricecharting.com/game/psp/star-ocean-first-departure 
Star Ocean Second Evolution,4,8,2,http://videogames.pricecharting.com/game/psp/star-ocean-second-evolution 
Star Trek Tactical Assault,1,1,0,http://videogames.pricecharting.com/game/psp/star-trek-tactical-assault 
Star Wars Battlefront: Elite Squadron,4,12,1,http://videogames.pricecharting.com/game/psp/star-wars-battlefront-elite-squadron 
Star Wars Battlefront II,8,30,1,http://videogames.pricecharting.com/game/psp/star-wars-battlefront-ii 
Star Wars Battlefront Renegade Squadron,4,30,1,http://videogames.pricecharting.com/game/psp/star-wars-battlefront-renegade-squadron 
Star Wars Lethal Alliance,2,4,0,http://videogames.pricecharting.com/game/psp/star-wars-lethal-alliance 
Star Wars: The Clone Wars Republic Heroes,2,1,1,http://videogames.pricecharting.com/game/psp/star-wars-the-clone-wars-republic-heroes 
Star Wars The Force Unleashed,4,12,1,http://videogames.pricecharting.com/game/psp/star-wars-the-force-unleashed 
Star Wars: The Force Unleashed II,,,,http://videogames.pricecharting.com/game/psp/star-wars-the-force-unleashed-ii 
Steambot Chronicles: Battle Tournament,1,1,0,http://videogames.pricecharting.com/game/psp/steambot-chronicles-battle-tournament 
Steel Horizon,1,0,0,http://videogames.pricecharting.com/game/psp/steel-horizon 
Street Fighter Alpha 3 Max,4,12,1,http://videogames.pricecharting.com/game/psp/street-fighter-alpha-3-max 
Street Supremacy,1,0,0,http://videogames.pricecharting.com/game/psp/street-supremacy 
Super Collapse 3,1,1,0,http://videogames.pricecharting.com/game/psp/super-collapse-3 
Super Monkey Ball Adventure,1,1,0,http://videogames.pricecharting.com/game/psp/super-monkey-ball-adventure 
Surfs Up,1,0,0,http://videogames.pricecharting.com/game/psp/surf%27s-up 
SWAT Target Liberty,1,0,0,http://videogames.pricecharting.com/game/psp/swat-target-liberty 
Sweet Fuse: At Your Side,1,1,1,http://videogames.pricecharting.com/game/psp/sweet-fuse-at-your-side 
Syphon Filter Dark Mirror,4,4,2,http://videogames.pricecharting.com/game/psp/syphon-filter-dark-mirror 
Syphon Filter: Logans Shadow,2,4,1,http://videogames.pricecharting.com/game/psp/syphon-filter-logan%27s-shadow 
Tactics Ogre: Let Us Cling Together,4,12,4,http://videogames.pricecharting.com/game/psp/tactics-ogre-let-us-cling-together 
Taito Legends Power-Up,1,2,1,http://videogames.pricecharting.com/game/psp/taito-legends-power-up 
Tales of the World Radiant Mythology,4,8,1,http://videogames.pricecharting.com/game/psp/tales-of-the-world-radiant-mythology 
Teenage Mutant Ninja Turtles,4,4,1,http://videogames.pricecharting.com/game/psp/teenage-mutant-ninja-turtles 
Tekken 6,4,4,1,http://videogames.pricecharting.com/game/psp/tekken-6 
Tekken Dark Resurrection,4,12,1,http://videogames.pricecharting.com/game/psp/tekken-dark-resurrection 
Tenchu: Shadow Assassins,1,1,1,http://videogames.pricecharting.com/game/psp/tenchu-shadow-assassins 
Test Drive Unlimited,2,1,0,http://videogames.pricecharting.com/game/psp/test-drive-unlimited 
The 3rd Birthday,4,12,4,http://videogames.pricecharting.com/game/psp/the-3rd-birthday 
The Bigs,1,0,0,http://videogames.pricecharting.com/game/psp/the-bigs 
The Bigs 2,1,1,0,http://videogames.pricecharting.com/game/psp/the-bigs-2 
The Con,1,1,1,http://videogames.pricecharting.com/game/psp/the-con 
The Legend of Heroes: Trails in the Sky,2,4,2,http://videogames.pricecharting.com/game/psp/the-legend-of-heroes-trails-in-the-sky 
The Legend of Heroes: Trails in the Sky Premium Edition,1,1,2,http://videogames.pricecharting.com/game/psp/the-legend-of-heroes-trails-in-the-sky-premium-edition 
The Lord of the Rings: Aragorns Quest,1,1,1,http://videogames.pricecharting.com/game/psp/the-lord-of-the-rings-aragorn%27s-quest 
The Secret Saturdays: Beasts of The 5th Sun,1,0,1,http://videogames.pricecharting.com/game/psp/the-secret-saturdays-beasts-of-the-5th-sun 
The Simpsons Game,4,8,0,http://videogames.pricecharting.com/game/psp/the-simpsons-game 
The Sims 2,4,12,1,http://videogames.pricecharting.com/game/psp/the-sims-2 
The Sims 2: Castaway,4,8,1,http://videogames.pricecharting.com/game/psp/the-sims-2-castaway 
The Sims 2: Pets,2,4,0,http://videogames.pricecharting.com/game/psp/the-sims-2-pets 
The Warriors,4,12,1,http://videogames.pricecharting.com/game/psp/the-warriors 
Thrillville,1,1,0,http://videogames.pricecharting.com/game/psp/thrillville 
Thrillville Off The Rails,1,1,1,http://videogames.pricecharting.com/game/psp/thrillville-off-the-rails 
Tiger Woods 2007,1,0,0,http://videogames.pricecharting.com/game/psp/tiger-woods-2007 
Tiger Woods 2009,1,1,1,http://videogames.pricecharting.com/game/psp/tiger-woods-2009 
Tiger Woods PGA Tour,2,1,0,http://videogames.pricecharting.com/game/psp/tiger-woods-pga-tour 
Tiger Woods PGA Tour 10,1,1,1,http://videogames.pricecharting.com/game/psp/tiger-woods-pga-tour-10 
Tiger Woods PGA Tour 2006,1,1,0,http://videogames.pricecharting.com/game/psp/tiger-woods-pga-tour-2006 
Tiger Woods PGA Tour 2008,1,0,1,http://videogames.pricecharting.com/game/psp/tiger-woods-pga-tour-2008 
TNA Impact! Cross the Line,1,0,1,http://videogames.pricecharting.com/game/psp/tna-impact-cross-the-line 
Tokobot,2,1,0,http://videogames.pricecharting.com/game/psp/tokobot 
Tomb Raider Anniversary,2,4,1,http://videogames.pricecharting.com/game/psp/tomb-raider-anniversary 
Tomb Raider Legend,4,4,0,http://videogames.pricecharting.com/game/psp/tomb-raider-legend 
Tony Hawk Project 8,4,8,0,http://videogames.pricecharting.com/game/psp/tony-hawk-project-8 
Tony Hawk Underground 2 Remix,4,12,0,http://videogames.pricecharting.com/game/psp/tony-hawk-underground-2-remix 
Toy Story 3: The Video Game,4,4,2,http://videogames.pricecharting.com/game/psp/toy-story-3-the-video-game 
Transformers: Revenge of the Fallen,4,1,1,http://videogames.pricecharting.com/game/psp/transformers-revenge-of-the-fallen 
Transformers The Game,2,4,1,http://videogames.pricecharting.com/game/psp/transformers-the-game 
Traxxpad Portable Studio,1,0,0,http://videogames.pricecharting.com/game/psp/traxxpad-portable-studio 
Tron Evolution,2,1,1,http://videogames.pricecharting.com/game/psp/tron-evolution 
Twisted Metal Head On,4,30,4,http://videogames.pricecharting.com/game/psp/twisted-metal-head-on 
UEFA Champions League 2006-2007,0,0,0,http://videogames.pricecharting.com/game/psp/uefa-champions-league-2006-2007 
UEFA Euro 2008,0,0,0,http://videogames.pricecharting.com/game/psp/uefa-euro-2008 
UFC Undisputed 2010,2,1,1,http://videogames.pricecharting.com/game/psp/ufc-undisputed-2010 
Ultimate Block Party,1,0,0,http://videogames.pricecharting.com/game/psp/ultimate-block-party 
Ultimate Board Game Collection,1,1,1,http://videogames.pricecharting.com/game/psp/ultimate-board-game-collection 
Ultimate Ghosts and Goblins,4,8,1,http://videogames.pricecharting.com/game/psp/ultimate-ghosts-and-goblins 
Undead Knights,1,1,1,http://videogames.pricecharting.com/game/psp/undead-knights 
Untold Legends Brotherhood of the Blade,4,8,1,http://videogames.pricecharting.com/game/psp/untold-legends-brotherhood-of-the-blade 
Untold Legends The Warriors Code,2,2,0,http://videogames.pricecharting.com/game/psp/untold-legends-the-warrior%27s-code 
Up,2,1,1,http://videogames.pricecharting.com/game/psp/up 
Valhalla Knights,1,1,0,http://videogames.pricecharting.com/game/psp/valhalla-knights 
Valhalla Knights 2,2,1,0,http://videogames.pricecharting.com/game/psp/valhalla-knights-2 
Valkyria Chronicles 2,4,8,4,http://videogames.pricecharting.com/game/psp/valkyria-chronicles-2 
Valkyrie Profile Lenneth,4,30,4,http://videogames.pricecharting.com/game/psp/valkyrie-profile-lenneth 
Viewtiful Joe Red Hot Rumble,1,1,1,http://videogames.pricecharting.com/game/psp/viewtiful-joe-red-hot-rumble 
Virtua Tennis 3,1,1,0,http://videogames.pricecharting.com/game/psp/virtua-tennis-3 
Virtua Tennis World Tour,2,1,0,http://videogames.pricecharting.com/game/psp/virtua-tennis-world-tour 
Wall-E,1,1,1,http://videogames.pricecharting.com/game/psp/wall-e 
Warhammer 40000 Squad Command,1,1,0,http://videogames.pricecharting.com/game/psp/warhammer-40%2C000-squad-command 
Warhammer Battle for Atluma,1,0,0,http://videogames.pricecharting.com/game/psp/warhammer-battle-for-atluma 
Warriors of the Lost Empire,1,1,0,http://videogames.pricecharting.com/game/psp/warriors-of-the-lost-empire 
Warriors Orochi,1,1,0,http://videogames.pricecharting.com/game/psp/warriors-orochi 
Warriors Orochi 2,1,0,0,http://videogames.pricecharting.com/game/psp/warriors-orochi-2 
What Did I Do to Deserve This My Lord 2,0,1,0,http://videogames.pricecharting.com/game/psp/what-did-i-do-to-deserve-this-my-lord-2 
Wild Arms XF,2,4,1,http://videogames.pricecharting.com/game/psp/wild-arms-xf 
Winning Eleven Pro Evolution Soccer 2007,0,0,0,http://videogames.pricecharting.com/game/psp/winning-eleven-pro-evolution-soccer-2007 
Winx Club Join the Club,1,0,0,http://videogames.pricecharting.com/game/psp/winx-club-join-the-club 
Wipeout Pulse,1,4,1,http://videogames.pricecharting.com/game/psp/wipeout-pulse 
WipEout Pure,4,8,2,http://videogames.pricecharting.com/game/psp/wipeout-pure 
World Championship Cards,1,0,0,http://videogames.pricecharting.com/game/psp/world-championship-cards 
World Championship Poker 2,1,0,0,http://videogames.pricecharting.com/game/psp/world-championship-poker-2 
World Championship Poker All In,0,0,0,http://videogames.pricecharting.com/game/psp/world-championship-poker-all-in 
World Poker Tour,1,0,0,http://videogames.pricecharting.com/game/psp/world-poker-tour 
World Rally Championship,1,1,0,http://videogames.pricecharting.com/game/psp/world-rally-championship 
World Series of Poker,1,1,0,http://videogames.pricecharting.com/game/psp/world-series-of-poker 
World Series of Poker 2007,1,0,0,http://videogames.pricecharting.com/game/psp/world-series-of-poker-2007 
World Series Of Poker 2008,1,0,0,http://videogames.pricecharting.com/game/psp/world-series-of-poker-2008 
World Soccer Winning Eleven 9,1,0,0,http://videogames.pricecharting.com/game/psp/world-soccer-winning-eleven-9 
World Tour Soccer,1,0,0,http://videogames.pricecharting.com/game/psp/world-tour-soccer 
World Tour Soccer 2006,1,0,0,http://videogames.pricecharting.com/game/psp/world-tour-soccer-2006 
Worms Open Warfare,1,1,1,http://videogames.pricecharting.com/game/psp/worms-open-warfare 
Worms Open Warfare 2,1,1,1,http://videogames.pricecharting.com/game/psp/worms-open-warfare-2 
WTF Work Time Fun,2,4,0,http://videogames.pricecharting.com/game/psp/wtf-work-time-fun 
WWE All Stars,4,4,1,http://videogames.pricecharting.com/game/psp/wwe-all-stars 
WWE Smackdown vs. Raw 2006,4,4,1,http://videogames.pricecharting.com/game/psp/wwe-smackdown-vs-raw-2006 
WWE Smackdown vs. Raw 2007,4,8,0,http://videogames.pricecharting.com/game/psp/wwe-smackdown-vs-raw-2007 
WWE Smackdown vs. RAW 2008,4,4,1,http://videogames.pricecharting.com/game/psp/wwe-smackdown-vs-raw-2008 
WWE SmackDown vs. Raw 2009,4,2,1,http://videogames.pricecharting.com/game/psp/wwe-smackdown-vs-raw-2009 
WWE SmackDown vs. Raw 2010,4,4,1,http://videogames.pricecharting.com/game/psp/wwe-smackdown-vs-raw-2010 
WWE SmackDown vs. Raw 2011,4,4,2,http://videogames.pricecharting.com/game/psp/wwe-smackdown-vs-raw-2011 
Xiaolin Showdown,1,0,0,http://videogames.pricecharting.com/game/psp/xiaolin-showdown 
X-Men Legends II Rise of Apocalypse,1,4,0,http://videogames.pricecharting.com/game/psp/x-men-legends-ii-rise-of-apocalypse 
X-Men Origins: Wolverine,4,1,1,http://videogames.pricecharting.com/game/psp/x-men-origins-wolverine 
Yggdra Union,2,4,1,http://videogames.pricecharting.com/game/psp/yggdra-union 
Ys I & II Chronicles,1,1,1,http://videogames.pricecharting.com/game/psp/ys-i-%26-ii-chronicles 
Ys I & II Chronicles Premium Edition,0,0,1,http://videogames.pricecharting.com/game/psp/ys-i-%26-ii-chronicles-premium-edition 
Ys Seven,4,8,2,http://videogames.pricecharting.com/game/psp/ys-seven 
Ys Seven: Premium Edition,1,1,1,http://videogames.pricecharting.com/game/psp/ys-seven-premium-edition 
Ys The Ark of Napishtim,4,4,1,http://videogames.pricecharting.com/game/psp/ys-the-ark-of-napishtim 
Ys: The Oath in Felghana,4,4,1,http://videogames.pricecharting.com/game/psp/ys-the-oath-in-felghana 
Ys: The Oath in Felghana Premium Edition,2,2,1,http://videogames.pricecharting.com/game/psp/ys-the-oath-in-felghana-premium-edition 
Yu-Gi-Oh! 5Ds Tag Force 4,4,1,1,http://videogames.pricecharting.com/game/psp/yu-gi-oh-5d%27s-tag-force-4 
Yu-Gi-Oh! 5Ds Tag Force 5,4,4,1,http://videogames.pricecharting.com/game/psp/yu-gi-oh-5d%27s-tag-force-5 
Yu-Gi-Oh GX Tag Force,4,4,0,http://videogames.pricecharting.com/game/psp/yu-gi-oh-gx-tag-force 
Yu-Gi-Oh GX Tag Force 2,2,4,0,http://videogames.pricecharting.com/game/psp/yu-gi-oh-gx-tag-force-2 
Z.H.P. Unlosing Ranger vs. Darkdeath Evilman,1,2,0,http://videogames.pricecharting.com/game/psp/zhp-unlosing-ranger-vs-darkdeath-evilman 
