3D Baseball,17.99,64.99,89.99,024294126185,8444,http://videogames.pricecharting.com/game/sega-saturn/3d-baseball 
Advanced Dungeons & Dragons Iron and Blood,ND,ND,ND,,,http://videogames.pricecharting.com/game/sega-saturn/advanced-dungeons-&-dragons-iron-and-blood 
Albert Odyssey,169.99,304.99,519.99,735366127053,8492,http://videogames.pricecharting.com/game/sega-saturn/albert-odyssey 
Alien Trilogy,39.99,74.99,129.99,021481820116,8500,http://videogames.pricecharting.com/game/sega-saturn/alien-trilogy 
All-Star Baseball 97,10.99,49.99,84.99,021481821014,13114,http://videogames.pricecharting.com/game/sega-saturn/all-star-baseball-97 
Alone in the Dark,ND,ND,ND,,,http://videogames.pricecharting.com/game/sega-saturn/alone-in-the-dark 
Amok,11.99,29.99,49.99,010086810646,8508,http://videogames.pricecharting.com/game/sega-saturn/amok 
Andretti Racing,8.99,13.99,19.99,014633076172,8510,http://videogames.pricecharting.com/game/sega-saturn/andretti-racing 
Arcades Greatest Hits Atari Collection,8.99,19.99,34.99,031719209705,8520,http://videogames.pricecharting.com/game/sega-saturn/arcade%27s-greatest-hits-atari-collection 
Area 51,19.99,39.99,69.99,031763122203,8524,http://videogames.pricecharting.com/game/sega-saturn/area-51 
Astal,49.99,94.99,144.99,010086810196,8535,http://videogames.pricecharting.com/game/sega-saturn/astal 
Baku Baku,15.99,39.99,44.99,010086815016,8549,http://videogames.pricecharting.com/game/sega-saturn/baku-baku 
Bases Loade 96 Double Header,ND,ND,ND,,,http://videogames.pricecharting.com/game/sega-saturn/bases-loade-96-double-header 
Batman Forever-Arcade,129.99,314.99,819.99,021481210832,4246,http://videogames.pricecharting.com/game/sega-saturn/batman-forever-arcade 
Battle Arena Toshinden Remix,13.99,29.99,49.99,010086810295,8576,http://videogames.pricecharting.com/game/sega-saturn/battle-arena-toshinden-remix 
Battle Arena Toshinden URA,19.99,44.99,79.99,010086810547,8577,http://videogames.pricecharting.com/game/sega-saturn/battle-arena-toshinden-ura 
Battle Monsters,19.99,34.99,64.99,021481820802,8581,http://videogames.pricecharting.com/game/sega-saturn/battle-monsters 
Battlesport,214.99,494.99,844.99,021481820857,13142,http://videogames.pricecharting.com/game/sega-saturn/battlesport 
Battlestations,ND,ND,ND,,,http://videogames.pricecharting.com/game/sega-saturn/battlestations 
Black Dawn,6.99,29.99,49.99,052145890169,8612,http://videogames.pricecharting.com/game/sega-saturn/black-dawn 
Black Fire,6.99,13.99,29.99,010086810035,18515,http://videogames.pricecharting.com/game/sega-saturn/black-fire 
Blast Chamber,7.99,29.99,49.99,047875532106,8616,http://videogames.pricecharting.com/game/sega-saturn/blast-chamber 
Blazing Dragons,17.99,34.99,69.99,765979203202024294125799,8618,http://videogames.pricecharting.com/game/sega-saturn/blazing-dragons 
Blazing Heroes,44.99,89.99,134.99,010086813036,8619,http://videogames.pricecharting.com/game/sega-saturn/blazing-heroes 
Bottom of the 9th,6.99,10.99,24.99,083717175025,8638,http://videogames.pricecharting.com/game/sega-saturn/bottom-of-the-9th 
Braindead-13,ND,ND,ND,,,http://videogames.pricecharting.com/game/sega-saturn/braindead-13 
Break Point Tennis,8.99,24.99,49.99,020295100094,8644,http://videogames.pricecharting.com/game/sega-saturn/break-point-tennis 
Bubble Bobble Featuring Rainbow Islands,24.99,44.99,79.99,021481820673,8653,http://videogames.pricecharting.com/game/sega-saturn/bubble-bobble-featuring-rainbow-islands 
Bug,19.99,34.99,59.99,010086810042,8659,http://videogames.pricecharting.com/game/sega-saturn/bug 
Bug Too,34.99,64.99,79.99,010086810400,8660,http://videogames.pricecharting.com/game/sega-saturn/bug-too 
Burning Rangers,274.99,569.99,639.99,010086818031,8666,http://videogames.pricecharting.com/game/sega-saturn/burning-rangers 
Bust-a-Move 2 Arcade Edition,11.99,24.99,29.99,021481820666,8670,http://videogames.pricecharting.com/game/sega-saturn/bust-a-move-2-arcade-edition 
Bust A Move 3,54.99,139.99,224.99,719593040026,8669,http://videogames.pricecharting.com/game/sega-saturn/bust-a-move-3 
Casper a Haunting 3D Challenge,19.99,49.99,84.99,040421880256,13115,http://videogames.pricecharting.com/game/sega-saturn/casper-a-haunting-3d-challenge 
Center Ring Boxing,7.99,19.99,29.99,009119951050,8708,http://videogames.pricecharting.com/game/sega-saturn/center-ring-boxing 
Christmas Nights into Dreams,34.99,84.99,144.99,010086810677,13116,http://videogames.pricecharting.com/game/sega-saturn/christmas-nights-into-dreams 
Clockwork Knight,29.99,49.99,84.99,010086810073,8739,http://videogames.pricecharting.com/game/sega-saturn/clockwork-knight 
Clockwork Knight 2,44.99,104.99,144.99,010086810219,13117,http://videogames.pricecharting.com/game/sega-saturn/clockwork-knight-2 
College Slam,6.99,13.99,24.99,021481820567,8751,http://videogames.pricecharting.com/game/sega-saturn/college-slam 
Command and Conquer,13.99,24.99,49.99,052145890084,8756,http://videogames.pricecharting.com/game/sega-saturn/command-and-conquer 
Congo the Movie,24.99,44.99,69.99,010086810103,13118,http://videogames.pricecharting.com/game/sega-saturn/congo-the-movie 
Contra Legacy of War,59.99,234.99,399.99,083717175094,8761,http://videogames.pricecharting.com/game/sega-saturn/contra-legacy-of-war 
Corpse Killer Graveyard Edition,29.99,49.99,94.99,782346023713,8765,http://videogames.pricecharting.com/game/sega-saturn/corpse-killer-graveyard-edition 
Courier Crisis,12.99,129.99,154.99,742725500280,13119,http://videogames.pricecharting.com/game/sega-saturn/courier-crisis 
Creature Shock Special Edition,11.99,39.99,54.99,013252017030,8779,http://videogames.pricecharting.com/game/sega-saturn/creature-shock-special-edition 
Crime Wave,14.99,44.99,74.99,743175953053,8780,http://videogames.pricecharting.com/game/sega-saturn/crime-wave 
Criticom,7.99,19.99,24.99,034912728035,8781,http://videogames.pricecharting.com/game/sega-saturn/criticom 
Croc,24.99,44.99,94.99,086162028359,8782,http://videogames.pricecharting.com/game/sega-saturn/croc 
Crusader No Remorse,19.99,49.99,109.99,014633101324,8783,http://videogames.pricecharting.com/game/sega-saturn/crusader-no-remorse 
Crypt Killer,54.99,134.99,174.99,083717175087,13120,http://videogames.pricecharting.com/game/sega-saturn/crypt-killer 
Cyberia,6.99,24.99,49.99,040421880263,13121,http://videogames.pricecharting.com/game/sega-saturn/cyberia 
Cyber Speedway,7.99,17.99,49.99,010086812053,8792,http://videogames.pricecharting.com/game/sega-saturn/cyber-speedway 
D,34.99,64.99,114.99,021481820482,8798,http://videogames.pricecharting.com/game/sega-saturn/d 
Darius Gaiden,34.99,79.99,154.99,021481820598,13122,http://videogames.pricecharting.com/game/sega-saturn/darius-gaiden 
Dark Legend,19.99,44.99,69.99,013252017023,8806,http://videogames.pricecharting.com/game/sega-saturn/dark-legend 
Darklight Conflict,7.99,34.99,79.99,014633077865,34819,http://videogames.pricecharting.com/game/sega-saturn/darklight-conflict 
Dark Savior,54.99,104.99,139.99,010086813043,8807,http://videogames.pricecharting.com/game/sega-saturn/dark-savior 
Daytona USA,4.99,14.99,54.99,010086812008,8819,http://videogames.pricecharting.com/game/sega-saturn/daytona-usa 
Daytona USA Championship,14.99,29.99,49.99,010086812138,8821,http://videogames.pricecharting.com/game/sega-saturn/daytona-usa-championship 
Daytona USA Championship Net Link Edition,519.99,1899.99,3229.99,,14439,http://videogames.pricecharting.com/game/sega-saturn/daytona-usa-championship-net-link-edition 
Decathlete,11.99,49.99,104.99,010086811155,8831,http://videogames.pricecharting.com/game/sega-saturn/decathlete 
DEFCON 5,5.99,18.99,34.99,013252017016,8835,http://videogames.pricecharting.com/game/sega-saturn/defcon-5 
Descent,ND,ND,ND,,,http://videogames.pricecharting.com/game/sega-saturn/descent 
Destruction Derby,ND,ND,ND,,,http://videogames.pricecharting.com/game/sega-saturn/destruction-derby 
Die Hard Arcade,74.99,174.99,294.99,010086810578,8842,http://videogames.pricecharting.com/game/sega-saturn/die-hard-arcade 
Die Hard Trilogy,24.99,49.99,89.99,086162005541,8843,http://videogames.pricecharting.com/game/sega-saturn/die-hard-trilogy 
Doom,39.99,74.99,269.99,742725500006,13125,http://videogames.pricecharting.com/game/sega-saturn/doom 
Double Switch,19.99,24.99,44.99,782346017712,8857,http://videogames.pricecharting.com/game/sega-saturn/double-switch 
Dragon Force,119.99,269.99,414.99,735366127039,8865,http://videogames.pricecharting.com/game/sega-saturn/dragon-force 
Dragonheart Fire & Steel,18.99,29.99,64.99,021481820581,8871,http://videogames.pricecharting.com/game/sega-saturn/dragonheart-fire-%26-steel 
Duke Nukem 3D,49.99,79.99,174.99,010086810714,8879,http://videogames.pricecharting.com/game/sega-saturn/duke-nukem-3d 
Earthworm Jim 2,54.99,134.99,189.99,796298067145,8894,http://videogames.pricecharting.com/game/sega-saturn/earthworm-jim-2 
Enemy Zero,79.99,199.99,344.99,010086810769,8907,http://videogames.pricecharting.com/game/sega-saturn/enemy-zero 
Eyeful Home,224.99,499.99,1349.99,,19535,http://videogames.pricecharting.com/game/sega-saturn/eyeful-home 
F1 Challenge,8.99,15.99,39.99,052145890091,14800,http://videogames.pricecharting.com/game/sega-saturn/f1-challenge 
FIFA 97,ND,ND,ND,,,http://videogames.pricecharting.com/game/sega-saturn/fifa-97 
FIFA Road to World Cup 98,8.99,14.99,29.99,014633078305,8957,http://videogames.pricecharting.com/game/sega-saturn/fifa-road-to-world-cup-98 
FIFA Soccer 96,3.99,10.99,124.99,014633075809,8963,http://videogames.pricecharting.com/game/sega-saturn/fifa-soccer-96 
Fighters MegaMix,19.99,44.99,89.99,010086810738,8966,http://videogames.pricecharting.com/game/sega-saturn/fighters-megamix 
Fighting Vipers,11.99,24.99,64.99,010086810417,8968,http://videogames.pricecharting.com/game/sega-saturn/fighting-vipers 
Frank Thomas Big Hurt Baseball,4.99,9.99,34.99,021481820185,8988,http://videogames.pricecharting.com/game/sega-saturn/frank-thomas-big-hurt-baseball 
Galactic Attack,29.99,59.99,124.99,021481820543,9006,http://videogames.pricecharting.com/game/sega-saturn/galactic-attack 
Galaxy Fight,44.99,94.99,124.99,020763113212,9008,http://videogames.pricecharting.com/game/sega-saturn/galaxy-fight 
Gex,24.99,54.99,84.99,765979210606,9026,http://videogames.pricecharting.com/game/sega-saturn/gex 
Ghen War,7.99,19.99,39.99,010086810011,9027,http://videogames.pricecharting.com/game/sega-saturn/ghen-war 
Golden Axe The Duel,34.99,99.99,134.99,010086810455,9048,http://videogames.pricecharting.com/game/sega-saturn/golden-axe-the-duel 
Grand Slam,24.99,99.99,169.99,052145890053,13126,http://videogames.pricecharting.com/game/sega-saturn/grand-slam 
Grid Runner,11.99,18.99,39.99,052145890077,13127,http://videogames.pricecharting.com/game/sega-saturn/grid-runner 
Guardian Heroes,99.99,214.99,364.99,010086810356,9073,http://videogames.pricecharting.com/game/sega-saturn/guardian-heroes 
Gun Griffon,19.99,39.99,69.99,010086810462,9076,http://videogames.pricecharting.com/game/sega-saturn/gun-griffon 
Hang-On GP,12.99,29.99,69.99,010086812022,9087,http://videogames.pricecharting.com/game/sega-saturn/hang-on-gp 
Heir of Zendor The Legend and The Land,9.99,24.99,59.99,040198001038,9101,http://videogames.pricecharting.com/game/sega-saturn/heir-of-zendor-the-legend-and-the-land 
Hercs Adventures,119.99,264.99,354.99,023272650544,9102,http://videogames.pricecharting.com/game/sega-saturn/herc%27s-adventures 
Hexen,19.99,44.99,74.99,742725500013,9105,http://videogames.pricecharting.com/game/sega-saturn/hexen 
High Velocity Mountain Racing Challenge,9.99,79.99,134.99,730865510023,13128,http://videogames.pricecharting.com/game/sega-saturn/high-velocity-mountain-racing-challenge 
Highway 2000,13.99,84.99,149.99,719593030089,9110,http://videogames.pricecharting.com/game/sega-saturn/highway-2000 
Hi Octane,8.99,18.99,29.99,014633076509,9106,http://videogames.pricecharting.com/game/sega-saturn/hi-octane 
Hyper 3D Pinball,6.99,12.99,69.99,052145890022,9136,http://videogames.pricecharting.com/game/sega-saturn/hyper-3d-pinball 
Impact Racing,9.99,44.99,79.99,021481820895,9140,http://videogames.pricecharting.com/game/sega-saturn/impact-racing 
Independence Day,11.99,19.99,34.99,086162018152,9144,http://videogames.pricecharting.com/game/sega-saturn/independence-day 
In the Hunt,54.99,154.99,264.99,752919480045,9141,http://videogames.pricecharting.com/game/sega-saturn/in-the-hunt 
Iron Man / XO Manowar in Heavy Metal,ND,ND,ND,,,http://videogames.pricecharting.com/game/sega-saturn/iron-man-xo-manowar-in-heavy-metal 
Iron Storm,49.99,84.99,159.99,735366127015,9153,http://videogames.pricecharting.com/game/sega-saturn/iron-storm 
Johnny Bazookatone,19.99,44.99,99.99,743175952537,13129,http://videogames.pricecharting.com/game/sega-saturn/johnny-bazookatone 
Last Bronx,17.99,44.99,79.99,010086810783,9226,http://videogames.pricecharting.com/game/sega-saturn/last-bronx 
Last Gladiators Digital Pinball Ver 9.7,6.99,7.99,13.99,031763114208,9227,http://videogames.pricecharting.com/game/sega-saturn/last-gladiators-digital-pinball-ver-97 
Legend of Oasis,59.99,119.99,179.99,010086813029,9233,http://videogames.pricecharting.com/game/sega-saturn/legend-of-oasis 
Loaded,24.99,59.99,114.99,040421882212,9251,http://videogames.pricecharting.com/game/sega-saturn/loaded 
Lost & Found Volume 1,-.01,-.01,-.01,,20298,http://videogames.pricecharting.com/game/sega-saturn/lost-%26-found-volume-1 
Lost & Found Volume 2,219.99,484.99,824.99,,20299,http://videogames.pricecharting.com/game/sega-saturn/lost-%26-found-volume-2 
Lost & Found Volume 3,-.01,-.01,-.01,,20300,http://videogames.pricecharting.com/game/sega-saturn/lost-%26-found-volume-3 
Lunacy,89.99,389.99,464.99,730865510030,9016,http://videogames.pricecharting.com/game/sega-saturn/lunacy 
Machine Head,8.99,19.99,39.99,743175952575,9263,http://videogames.pricecharting.com/game/sega-saturn/machine-head 
Madden 97,3.99,7.99,24.99,014633077261,9265,http://videogames.pricecharting.com/game/sega-saturn/madden-97 
Madden 98,3.99,11.99,19.99,014633078022,13131,http://videogames.pricecharting.com/game/sega-saturn/madden-98 
Magic Carpet,11.99,39.99,49.99,014633076295,9274,http://videogames.pricecharting.com/game/sega-saturn/magic-carpet 
Magic Knight Rayearth,314.99,759.99,1249.99,735366127060,14020,http://videogames.pricecharting.com/game/sega-saturn/magic-knight-rayearth 
Mansion of Hidden Souls,15.99,29.99,54.99,010086810127,9283,http://videogames.pricecharting.com/game/sega-saturn/mansion-of-hidden-souls 
Manx TT Super Bike,9.99,29.99,49.99,010086812107,9284,http://videogames.pricecharting.com/game/sega-saturn/manx-tt-super-bike 
Marvel Super Heroes,59.99,159.99,274.99,013388220175,9295,http://videogames.pricecharting.com/game/sega-saturn/marvel-super-heroes 
Marvel Super Heroes vs. Street Fighter,ND,ND,ND,,,http://videogames.pricecharting.com/game/sega-saturn/marvel-super-heroes-vs-street-fighter 
Mass Destruction,18.99,44.99,84.99,729627720169,9300,http://videogames.pricecharting.com/game/sega-saturn/mass-destruction 
Maximum Force,29.99,59.99,99.99,031719209736,18601,http://videogames.pricecharting.com/game/sega-saturn/maximum-force 
MechWarrior 2,11.99,29.99,44.99,047875530928,9311,http://videogames.pricecharting.com/game/sega-saturn/mechwarrior-2 
Mega Man 8,209.99,564.99,959.99,013388220229,9318,http://videogames.pricecharting.com/game/sega-saturn/mega-man-8 
Mega Man X4,104.99,319.99,549.99,013388220212,9321,http://videogames.pricecharting.com/game/sega-saturn/mega-man-x4 
Metal Slug,54.99,74.99,129.99,,31311,http://videogames.pricecharting.com/game/sega-saturn/metal-slug 
Minnesota Fats Pool Legend,13.99,24.99,49.99,013252017009,9357,http://videogames.pricecharting.com/game/sega-saturn/minnesota-fats-pool-legend 
Mortal Kombat II,34.99,64.99,109.99,021481820055,9373,http://videogames.pricecharting.com/game/sega-saturn/mortal-kombat-ii 
Mortal Kombat Trilogy,144.99,204.99,349.99,031719209712,13132,http://videogames.pricecharting.com/game/sega-saturn/mortal-kombat-trilogy 
Mr. Bones,39.99,94.99,119.99,010086810165,9380,http://videogames.pricecharting.com/game/sega-saturn/mr-bones 
Myst,7.99,18.99,64.99,021481820406,9394,http://videogames.pricecharting.com/game/sega-saturn/myst 
Mystaria The Realms of Lore,34.99,104.99,174.99,010086813005,9395,http://videogames.pricecharting.com/game/sega-saturn/mystaria-the-realms-of-lore 
NASCAR 98,6.99,12.99,24.99,014633078046,9401,http://videogames.pricecharting.com/game/sega-saturn/nascar-98 
NBA Action,7.99,13.99,24.99,010086811032,9416,http://videogames.pricecharting.com/game/sega-saturn/nba-action 
NBA Action 98,13.99,29.99,84.99,010086811247,9418,http://videogames.pricecharting.com/game/sega-saturn/nba-action-98 
NBA Jam Extreme,10.99,19.99,69.99,021481820703,9423,http://videogames.pricecharting.com/game/sega-saturn/nba-jam-extreme 
NBA Jam Tournament Edition,19.99,34.99,59.99,021481820123,9424,http://videogames.pricecharting.com/game/sega-saturn/nba-jam-tournament-edition 
NBA Live 97,3.99,8.99,17.99,014633077292,13133,http://videogames.pricecharting.com/game/sega-saturn/nba-live-97 
NBA Live 98,4.99,11.99,19.99,014633078411,9437,http://videogames.pricecharting.com/game/sega-saturn/nba-live-98 
Need for Speed,8.99,29.99,54.99,014633076387,9445,http://videogames.pricecharting.com/game/sega-saturn/need-for-speed 
NFL 97,2.99,7.99,19.99,010086811117,9455,http://videogames.pricecharting.com/game/sega-saturn/nfl-97 
NFL Quarterback Club 96,3.99,7.99,13.99,021481820376,10436,http://videogames.pricecharting.com/game/sega-saturn/nfl-quarterback-club-96 
NFL Quarterback Club 97,3.99,7.99,29.99,021481820734,10437,http://videogames.pricecharting.com/game/sega-saturn/nfl-quarterback-club-97 
NHL 97,3.99,6.99,14.99,014633076660,13134,http://videogames.pricecharting.com/game/sega-saturn/nhl-97 
NHL 98,6.99,24.99,44.99,014633078343,9474,http://videogames.pricecharting.com/game/sega-saturn/nhl-98 
NHL All-Star Hockey,3.99,4.99,17.99,010086811025,9476,http://videogames.pricecharting.com/game/sega-saturn/nhl-all-star-hockey 
NHL All-Star Hockey 98,7.99,9.99,24.99,010086811223,9478,http://videogames.pricecharting.com/game/sega-saturn/nhl-all-star-hockey-98 
NHL Powerplay 96,6.99,8.99,19.99,052145890046,9479,http://videogames.pricecharting.com/game/sega-saturn/nhl-powerplay-96 
NIGHTS into Dreams,29.99,79.99,159.99,010086810202,9486,http://videogames.pricecharting.com/game/sega-saturn/nights-into-dreams 
NiGHTS into Dreams... & 3D Control Pad,44.99,129.99,164.99,010086810486,18516,http://videogames.pricecharting.com/game/sega-saturn/nights-into-dreams-%26-3d-control-pad 
Night Warriors Darkstalkers Revenge,34.99,89.99,149.99,013388220038,9484,http://videogames.pricecharting.com/game/sega-saturn/night-warriors-darkstalkers%27-revenge 
Norse By Norse West The Return of the Lost Vikings,ND,ND,ND,,,http://videogames.pricecharting.com/game/sega-saturn/norse-by-norse-west-the-return-of-the-lost-vikings 
Off-World Interceptor Extreme,6.99,19.99,19.99,765979210507,9499,http://videogames.pricecharting.com/game/sega-saturn/off-world-interceptor-extreme 
Olympic Soccer,15.99,54.99,94.99,743175952797,9500,http://videogames.pricecharting.com/game/sega-saturn/olympic-soccer 
Pandemonium,29.99,54.99,109.99,765979211306,13135,http://videogames.pricecharting.com/game/sega-saturn/pandemonium 
Panzer Dragoon,39.99,89.99,364.99,010086810097,9524,http://videogames.pricecharting.com/game/sega-saturn/panzer-dragoon 
Panzer Dragoon II Zwei,54.99,114.99,194.99,010086810226,9525,http://videogames.pricecharting.com/game/sega-saturn/panzer-dragoon-ii-zwei 
Panzer Dragoon Saga,834.99,1044.99,1219.99,010086813074,9526,http://videogames.pricecharting.com/game/sega-saturn/panzer-dragoon-saga 
Pebble Beach Golf Links,8.99,18.99,24.99,010086811018,9535,http://videogames.pricecharting.com/game/sega-saturn/pebble-beach-golf-links 
PGA Tour 97,3.99,7.99,17.99,014633077216,9542,http://videogames.pricecharting.com/game/sega-saturn/pga-tour-97 
Powerslave,149.99,339.99,579.99,796298067152,9581,http://videogames.pricecharting.com/game/sega-saturn/powerslave 
Primal Rage,69.99,114.99,194.99,031763108207,9585,http://videogames.pricecharting.com/game/sega-saturn/primal-rage 
Pro Pinballs,ND,ND,ND,,,http://videogames.pricecharting.com/game/sega-saturn/pro-pinballs 
Psychic Killer Taromaru,ND,ND,ND,,,http://videogames.pricecharting.com/game/sega-saturn/psychic-killer-taromaru 
PTO II,6.99,19.99,44.99,040198000963,9601,http://videogames.pricecharting.com/game/sega-saturn/pto-ii 
Quake,49.99,74.99,224.99,010086810660,9612,http://videogames.pricecharting.com/game/sega-saturn/quake 
Quarterback Attack with Mike Ditka,4.99,10.99,19.99,782346025717,9614,http://videogames.pricecharting.com/game/sega-saturn/quarterback-attack-with-mike-ditka 
Radiant Silvergun,139.99,254.99,264.99,,15701,http://videogames.pricecharting.com/game/sega-saturn/radiant-silvergun 
Rampage World Tour,64.99,104.99,179.99,031719209743,9622,http://videogames.pricecharting.com/game/sega-saturn/rampage-world-tour 
Rayman,39.99,84.99,149.99,008888240013,9631,http://videogames.pricecharting.com/game/sega-saturn/rayman 
Reloaded,ND,ND,ND,,,http://videogames.pricecharting.com/game/sega-saturn/reloaded 
Resident Evil,119.99,224.99,864.99,013388220106,9651,http://videogames.pricecharting.com/game/sega-saturn/resident-evil 
Revolution X,8.99,19.99,34.99,021481820208,9656,http://videogames.pricecharting.com/game/sega-saturn/revolution-x 
Rise 2 Resurrection,5.99,19.99,19.99,021481820499,9662,http://videogames.pricecharting.com/game/sega-saturn/rise-2-resurrection 
Road Rash,24.99,44.99,69.99,014633076486,9665,http://videogames.pricecharting.com/game/sega-saturn/road-rash 
Robo Pit,12.99,24.99,29.99,752919480052,9670,http://videogames.pricecharting.com/game/sega-saturn/robo-pit 
Robotica,8.99,14.99,24.99,021481820444,9675,http://videogames.pricecharting.com/game/sega-saturn/robotica 
Romance of the Three Kingdoms IV Wall of Fire,12.99,24.99,54.99,040198000901,9685,http://videogames.pricecharting.com/game/sega-saturn/romance-of-the-three-kingdoms-iv-wall-of-fire 
Saturn Bomberman,204.99,439.99,489.99,010086810707,9695,http://videogames.pricecharting.com/game/sega-saturn/saturn-bomberman 
Scorcher,24.99,34.99,44.99,010086812145,9700,http://videogames.pricecharting.com/game/sega-saturn/scorcher 
Scud The Disposable Assassin,19.99,34.99,69.99,606901140038,9701,http://videogames.pricecharting.com/game/sega-saturn/scud-the-disposable-assassin 
Sega Ages After Burner II,ND,ND,ND,,,http://videogames.pricecharting.com/game/sega-saturn/sega-ages-after-burner-ii 
Sega Rally Championship,10.99,29.99,109.99,010086812077,9712,http://videogames.pricecharting.com/game/sega-saturn/sega-rally-championship 
Sega Saturn Console,124.99,349.99,569.99,010086800197010086800081,13171,http://videogames.pricecharting.com/game/sega-saturn/sega-saturn-console 
Sega Saturn Controller,15.99,29.99,34.99,,33865,http://videogames.pricecharting.com/game/sega-saturn/sega-saturn-controller 
Sega Touring Car Championship,10.99,44.99,89.99,010086812169,13137,http://videogames.pricecharting.com/game/sega-saturn/sega-touring-car-championship 
Shanghai Triple Threat,4.99,13.99,24.99,047875530522,9727,http://videogames.pricecharting.com/game/sega-saturn/shanghai-triple-threat 
Shellshock,7.99,24.99,29.99,743175952131,9730,http://videogames.pricecharting.com/game/sega-saturn/shellshock 
Shining Force III,124.99,294.99,424.99,010086813838,9733,http://videogames.pricecharting.com/game/sega-saturn/shining-force-iii 
Shining The Holy Ark,104.99,189.99,334.99,010086813067,9735,http://videogames.pricecharting.com/game/sega-saturn/shining-the-holy-ark 
Shining Wisdom,89.99,249.99,424.99,735366127022,9736,http://videogames.pricecharting.com/game/sega-saturn/shining-wisdom 
Shinobi Legions,54.99,119.99,204.99,034912728011,9737,http://videogames.pricecharting.com/game/sega-saturn/shinobi-legions 
Shockwave Assault,9.99,24.99,24.99,014633076455,9738,http://videogames.pricecharting.com/game/sega-saturn/shockwave-assault 
SimCity 2000,11.99,24.99,39.99,046357102325,9750,http://videogames.pricecharting.com/game/sega-saturn/simcity-2000 
Skeleton Warriors,19.99,39.99,69.99,796298066216,9757,http://videogames.pricecharting.com/game/sega-saturn/skeleton-warriors 
Sky Target,24.99,69.99,119.99,010086810516,9759,http://videogames.pricecharting.com/game/sega-saturn/sky-target 
Slam n Jam 96,7.99,19.99,69.99,765979201406,13138,http://videogames.pricecharting.com/game/sega-saturn/slam-n-jam-96 
Solar Eclipse,12.99,24.99,39.99,765979212204,9772,http://videogames.pricecharting.com/game/sega-saturn/solar-eclipse 
Sonic 3D Blast,24.99,54.99,184.99,010086810622,9777,http://videogames.pricecharting.com/game/sega-saturn/sonic-3d-blast 
Sonic Jam,99.99,224.99,249.99,010086810790,9783,http://videogames.pricecharting.com/game/sega-saturn/sonic-jam 
Sonic R,69.99,124.99,204.99,010086818000,9784,http://videogames.pricecharting.com/game/sega-saturn/sonic-r 
Soviet Strike,12.99,19.99,34.99,014633076127,9799,http://videogames.pricecharting.com/game/sega-saturn/soviet-strike 
Space Hulk Vengeance of the Blood Angels,12.99,34.99,64.99,014633076936,9801,http://videogames.pricecharting.com/game/sega-saturn/space-hulk-vengeance-of-the-blood-angels 
Space Jam,24.99,49.99,254.99,021481820758,9802,http://videogames.pricecharting.com/game/sega-saturn/space-jam 
Spot Goes To Hollywood,19.99,44.99,79.99,052145890008,13139,http://videogames.pricecharting.com/game/sega-saturn/spot-goes-to-hollywood 
Star Fighter,9.99,24.99,59.99,021481820796,9841,http://videogames.pricecharting.com/game/sega-saturn/star-fighter 
Steep Slope Sliders,19.99,69.99,139.99,010086811285,9861,http://videogames.pricecharting.com/game/sega-saturn/steep-slope-sliders 
Street Fighter Alpha 2,44.99,94.99,224.99,013388220205,9864,http://videogames.pricecharting.com/game/sega-saturn/street-fighter-alpha-2 
Street Fighter Alpha Warriors Dreams,19.99,49.99,84.99,013388220045,9867,http://videogames.pricecharting.com/game/sega-saturn/street-fighter-alpha-warriors%27-dreams 
Street Fighter Collection,144.99,264.99,469.99,013388220243,16202,http://videogames.pricecharting.com/game/sega-saturn/street-fighter-collection 
Street Fighter The Movie,17.99,39.99,79.99,021481820475,9871,http://videogames.pricecharting.com/game/sega-saturn/street-fighter-the-movie 
Street Fighter Zero 3,ND,ND,ND,,,http://videogames.pricecharting.com/game/sega-saturn/street-fighter-zero-3 
Striker 96,3.99,8.99,19.99,021481820611,9876,http://videogames.pricecharting.com/game/sega-saturn/striker-96 
Stunner Lightgun,44.99,74.99,129.99,,33882,http://videogames.pricecharting.com/game/sega-saturn/stunner-lightgun 
Super Puzzle Fighter II Turbo,39.99,134.99,234.99,013388220250,9895,http://videogames.pricecharting.com/game/sega-saturn/super-puzzle-fighter-ii-turbo 
Tempest 2000,39.99,129.99,229.99,040421882892,9946,http://videogames.pricecharting.com/game/sega-saturn/tempest-2000 
Ten Pin Alley,7.99,19.99,39.99,729627720091,9947,http://videogames.pricecharting.com/game/sega-saturn/ten-pin-alley 
Tetris Plus,13.99,34.99,59.99,032264600047,9967,http://videogames.pricecharting.com/game/sega-saturn/tetris-plus 
The Crow City of Angels,24.99,79.99,139.99,021481820727,9975,http://videogames.pricecharting.com/game/sega-saturn/the-crow-city-of-angels 
The Horde,15.99,54.99,99.99,765979210309,9982,http://videogames.pricecharting.com/game/sega-saturn/the-horde 
The House of the Dead,189.99,489.99,834.99,010086818024,9983,http://videogames.pricecharting.com/game/sega-saturn/the-house-of-the-dead 
The Incredible Hulk,29.99,54.99,94.99,743175952971,9986,http://videogames.pricecharting.com/game/sega-saturn/the-incredible-hulk 
The King of Fighters 95,7.99,24.99,44.99,964808200003,31307,http://videogames.pricecharting.com/game/sega-saturn/the-king-of-fighters-%2795 
The King of Fighters 96,6.99,14.99,24.99,913244900244,31308,http://videogames.pricecharting.com/game/sega-saturn/the-king-of-fighters-%2796 
The King of Fighters 97,8.99,13.99,24.99,,31309,http://videogames.pricecharting.com/game/sega-saturn/the-king-of-fighters-%2797 
The Lost World Jurassic Park,ND,ND,ND,,,http://videogames.pricecharting.com/game/sega-saturn/the-lost-world-jurassic-park 
Theme Park,10.99,19.99,34.99,014633076318,10005,http://videogames.pricecharting.com/game/sega-saturn/theme-park 
Three Dirty Dwarves,59.99,109.99,164.99,606901140021,10009,http://videogames.pricecharting.com/game/sega-saturn/three-dirty-dwarves 
Thunderstrike 2,ND,ND,ND,,,http://videogames.pricecharting.com/game/sega-saturn/thunderstrike-2 
TNN Motorsports Hardcore 4x4,6.99,19.99,29.99,729627720022,10026,http://videogames.pricecharting.com/game/sega-saturn/tnn-motorsports-hardcore-4x4 
Tomb Raider,11.99,34.99,444.99,743175952933,10039,http://videogames.pricecharting.com/game/sega-saturn/tomb-raider 
True Pinball,4.99,19.99,29.99,020295100063,10072,http://videogames.pricecharting.com/game/sega-saturn/true-pinball 
Tunnel B-1,6.99,24.99,44.99,021481820956,10073,http://videogames.pricecharting.com/game/sega-saturn/tunnel-b-1 
Ultimate Mortal Kombat 3,29.99,59.99,159.99,031719209606,10088,http://videogames.pricecharting.com/game/sega-saturn/ultimate-mortal-kombat-3 
Valora Valley Golf,13.99,99.99,144.99,034912728042,13140,http://videogames.pricecharting.com/game/sega-saturn/valora-valley-golf 
Virtua Cop,4.99,29.99,64.99,010086810158,10111,http://videogames.pricecharting.com/game/sega-saturn/virtua-cop 
Virtua Cop 2,19.99,49.99,84.99,010086810431,10112,http://videogames.pricecharting.com/game/sega-saturn/virtua-cop-2 
Virtua Fighter,7.99,19.99,34.99,010086810059,10113,http://videogames.pricecharting.com/game/sega-saturn/virtua-fighter 
Virtua Fighter 2,6.99,19.99,59.99,010086810141,10114,http://videogames.pricecharting.com/game/sega-saturn/virtua-fighter-2 
Virtua Fighter Kids,13.99,44.99,89.99,010086810493,10117,http://videogames.pricecharting.com/game/sega-saturn/virtua-fighter-kids 
Virtua Fighter Remix,9.99,17.99,49.99,010086810233,10118,http://videogames.pricecharting.com/game/sega-saturn/virtua-fighter-remix 
Virtual Casino,7.99,44.99,79.99,719593040019,10126,http://videogames.pricecharting.com/game/sega-saturn/virtual-casino 
Virtual Hydlide,24.99,69.99,124.99,730865510016,10127,http://videogames.pricecharting.com/game/sega-saturn/virtual-hydlide 
Virtual-On Cyber Troopers,24.99,44.99,79.99,010086810424,10128,http://videogames.pricecharting.com/game/sega-saturn/virtual-on-cyber-troopers 
Virtual-On Cyber Troopers Netlink Edition,24.99,29.99,49.99,,13803,http://videogames.pricecharting.com/game/sega-saturn/virtual-on-cyber-troopers-netlink-edition 
Virtual Open Tennis,6.99,10.99,19.99,021481820642,13141,http://videogames.pricecharting.com/game/sega-saturn/virtual-open-tennis 
Virtua Racing,13.99,24.99,49.99,031763107200,10119,http://videogames.pricecharting.com/game/sega-saturn/virtua-racing 
VR Soccer,3.99,13.99,44.99,040421882243,10130,http://videogames.pricecharting.com/game/sega-saturn/vr-soccer 
Waltz,ND,ND,ND,,,http://videogames.pricecharting.com/game/sega-saturn/waltz 
Warcraft II The Dark Saga,29.99,59.99,134.99,014633077964,10135,http://videogames.pricecharting.com/game/sega-saturn/warcraft-ii-the-dark-saga 
Williams Arcades Greatest Hits,12.99,29.99,49.99,031719209675,10156,http://videogames.pricecharting.com/game/sega-saturn/williams-arcade%27s-greatest-hits 
Wing Arms,7.99,24.99,34.99,010086810240,10158,http://videogames.pricecharting.com/game/sega-saturn/wing-arms 
Winning Post,104.99,159.99,269.99,040198000956,10160,http://videogames.pricecharting.com/game/sega-saturn/winning-post 
Winter Heat,24.99,94.99,164.99,010086811292,13804,http://videogames.pricecharting.com/game/sega-saturn/winter-heat 
WipEout,13.99,29.99,39.99,010086812114,10163,http://videogames.pricecharting.com/game/sega-saturn/wipeout 
World Cup Golf Professional Edition,4.99,19.99,29.99,743175952476,10178,http://videogames.pricecharting.com/game/sega-saturn/world-cup-golf-professional-edition 
World Series Baseball,2.99,7.99,29.99,010086811094,10183,http://videogames.pricecharting.com/game/sega-saturn/world-series-baseball 
World Series Baseball 98,8.99,18.99,39.99,010086811278,10186,http://videogames.pricecharting.com/game/sega-saturn/world-series-baseball-98 
World Series Baseball II,6.99,9.99,24.99,010086811131,10188,http://videogames.pricecharting.com/game/sega-saturn/world-series-baseball-ii 
Worldwide Soccer,2.99,7.99,19.99,010086811056,10199,http://videogames.pricecharting.com/game/sega-saturn/worldwide-soccer 
Worldwide Soccer 97,5.99,14.99,44.99,010086811124,10200,http://videogames.pricecharting.com/game/sega-saturn/worldwide-soccer-97 
Worldwide Soccer 98,6.99,29.99,49.99,010086811230,31498,http://videogames.pricecharting.com/game/sega-saturn/worldwide-soccer-98 
Worms,24.99,79.99,134.99,020295100056,10201,http://videogames.pricecharting.com/game/sega-saturn/worms 
WWF In Your House,19.99,54.99,614.99,021481820741,10213,http://videogames.pricecharting.com/game/sega-saturn/wwf-in-your-house 
WWF WresleMania The Arcade Game,ND,ND,ND,,,http://videogames.pricecharting.com/game/sega-saturn/wwf-wreslemania-the-arcade-game 
X-Men Children of the Atom,44.99,94.99,244.99,021481820512,10225,http://videogames.pricecharting.com/game/sega-saturn/x-men-children-of-the-atom 
X-Men vs. Street Fighter,24.99,54.99,99.99,,31306,http://videogames.pricecharting.com/game/sega-saturn/x-men-vs-street-fighter 
