10-Yard Fight,3.99,39.99,3874.99,045496630270,12168,https://www.pricecharting.com/game/nes/10-yard-fight 
150 in 1 Cartridge,ND,ND,ND,,,https://www.pricecharting.com/game/nes/150-in-1-cartridge 
190 in 1 Cartridge,ND,ND,ND,,,https://www.pricecharting.com/game/nes/190-in-1-cartridge 
1942,11.99,64.99,1339.99,013388110032021000613595,12169,https://www.pricecharting.com/game/nes/1942 
1943: The Battle of Midway,11.99,44.99,214.99,013388110100,12170,https://www.pricecharting.com/game/nes/1943-the-battle-of-midway 
3-D WorldRunner,ND,ND,ND,,,https://www.pricecharting.com/game/nes/3-d-worldrunner 
720,4.99,24.99,114.99,050047103158,12171,https://www.pricecharting.com/game/nes/720 
76 in 1 Cartridge,ND,ND,ND,,,https://www.pricecharting.com/game/nes/76-in-1-cartridge 
8 Eyes,11.99,39.99,219.99,040886308593,12172,https://www.pricecharting.com/game/nes/8-eyes 
Abadox,10.99,59.99,169.99,032244040887,8451,https://www.pricecharting.com/game/nes/abadox 
A Boy and His Blob Trouble on Blobolonia,10.99,29.99,99.99,047875700130,12173,https://www.pricecharting.com/game/nes/a-boy-and-his-blob-trouble-on-blobolonia 
Action 52,279.99,484.99,894.99,730669188800,8453,https://www.pricecharting.com/game/nes/action-52 
Addams Family,12.99,44.99,359.99,020295010034,8455,https://www.pricecharting.com/game/nes/addams-family 
Addams Family Pugsley's Scavenger Hunt,69.99,209.99,839.99,020295010072,8456,https://www.pricecharting.com/game/nes/addams-family-pugsley's-scavenger-hunt 
Advanced Dungeons and Dragons Dragon Strike,ND,ND,ND,,,https://www.pricecharting.com/game/nes/advanced-dungeons-and-dragons-dragon-strike 
Advanced Dungeons and Dragons Heroes of the Lance,ND,ND,ND,,,https://www.pricecharting.com/game/nes/advanced-dungeons-and-dragons-heroes-of-the-lance 
Advanced Dungeons and Dragons Hillsfar,ND,ND,ND,,,https://www.pricecharting.com/game/nes/advanced-dungeons-and-dragons-hillsfar 
Advanced Dungeons and Dragons Pool of Radiance,ND,ND,ND,,,https://www.pricecharting.com/game/nes/advanced-dungeons-and-dragons-pool-of-radiance 
Adventure Island,8.99,44.99,539.99,039854000010,8464,https://www.pricecharting.com/game/nes/adventure-island 
Adventure Island 3,64.99,134.99,549.99,039854000195,12176,https://www.pricecharting.com/game/nes/adventure-island-3 
Adventure Island II,24.99,74.99,624.99,039854000102,8465,https://www.pricecharting.com/game/nes/adventure-island-ii 
Adventures in the Magic Kingdom,8.99,34.99,129.99,013388110186,8466,https://www.pricecharting.com/game/nes/adventures-in-the-magic-kingdom 
Adventures of Bayou Billy,4.99,29.99,349.99,083717110132,8468,https://www.pricecharting.com/game/nes/adventures-of-bayou-billy 
Adventures of Captain Comic,11.99,34.99,94.99,096962810016,12119,https://www.pricecharting.com/game/nes/adventures-of-captain-comic 
Adventures of Dino Riki,5.99,39.99,209.99,039854000058,12175,https://www.pricecharting.com/game/nes/adventures-of-dino-riki 
Adventures of Lolo,10.99,54.99,219.99,040458011050,11979,https://www.pricecharting.com/game/nes/adventures-of-lolo 
Adventures of Lolo 2,34.99,69.99,389.99,011081040458040458011081,11980,https://www.pricecharting.com/game/nes/adventures-of-lolo-2 
Adventures of Lolo 3,59.99,89.99,369.99,040458033120,8469,https://www.pricecharting.com/game/nes/adventures-of-lolo-3 
Adventures of Tom Sawyer,8.99,29.99,154.99,092826198962,8472,https://www.pricecharting.com/game/nes/adventures-of-tom-sawyer 
After Burner,10.99,24.99,104.99,031763104124,12177,https://www.pricecharting.com/game/nes/after-burner 
Air Fortress,4.99,24.99,89.99,040458036077,8488,https://www.pricecharting.com/game/nes/air-fortress 
Airwolf,4.99,18.99,159.99,009726731069021481103035,12178,https://www.pricecharting.com/game/nes/airwolf 
Aladdin,ND,ND,ND,,,https://www.pricecharting.com/game/nes/aladdin 
Alfred Chicken,94.99,149.99,259.99,050047113751,8493,https://www.pricecharting.com/game/nes/alfred-chicken 
Alien 3,24.99,89.99,209.99,023582051895,8495,https://www.pricecharting.com/game/nes/alien-3 
Alien Syndrome,11.99,29.99,109.99,031763101123,12179,https://www.pricecharting.com/game/nes/alien-syndrome 
All-Pro Basketball,4.99,19.99,94.99,034912784598,12180,https://www.pricecharting.com/game/nes/all-pro-basketball 
Alpha Mission,3.99,54.99,224.99,018484145001,12181,https://www.pricecharting.com/game/nes/alpha-mission 
Al Unser Turbo Racing,3.99,13.99,44.99,013252002128,8491,https://www.pricecharting.com/game/nes/al-unser-turbo-racing 
Amagon,6.99,29.99,104.99,039471885021,12183,https://www.pricecharting.com/game/nes/amagon 
American Gladiators,6.99,24.99,89.99,043948511009,8507,https://www.pricecharting.com/game/nes/american-gladiators 
A Nightmare on Elm Street,59.99,264.99,999.99,023582051598,12174,https://www.pricecharting.com/game/nes/a-nightmare-on-elm-street 
Anticipation,1.99,13.99,84.99,006121731069045496630461,12184,https://www.pricecharting.com/game/nes/anticipation 
Archon,10.99,34.99,119.99,047875700109,12186,https://www.pricecharting.com/game/nes/archon 
Arch Rivals,6.99,24.99,134.99,021481104018,12185,https://www.pricecharting.com/game/nes/arch-rivals 
Arkanoid,12.99,119.99,279.99,020588010031,8527,https://www.pricecharting.com/game/nes/arkanoid 
Arkista's Ring,34.99,164.99,654.99,039471885069,16264,https://www.pricecharting.com/game/nes/arkista's-ring 
Asterix the Gaul,ND,ND,ND,,,https://www.pricecharting.com/game/nes/asterix-the-gaul 
Astyanax,7.99,24.99,149.99,032264900116,8538,https://www.pricecharting.com/game/nes/astyanax 
Athena,7.99,44.99,234.99,091199005129,12187,https://www.pricecharting.com/game/nes/athena 
Athletic World,8.99,29.99,124.99,045557077006,12188,https://www.pricecharting.com/game/nes/athletic-world 
Attack of the Killer Tomatoes,34.99,104.99,314.99,719575010047,8541,https://www.pricecharting.com/game/nes/attack-of-the-killer-tomatoes 
Aussie Rules Footy,39.99,49.99,159.99,,16128,https://www.pricecharting.com/game/nes/aussie-rules-footy 
Baby Boomer,59.99,94.99,349.99,096962710019,12189,https://www.pricecharting.com/game/nes/baby-boomer 
Back to the Future,8.99,44.99,534.99,023582051673,12190,https://www.pricecharting.com/game/nes/back-to-the-future 
Back to the Future II and III,13.99,79.99,474.99,021481051701,12191,https://www.pricecharting.com/game/nes/back-to-the-future-ii-and-iii 
Bad Dudes,4.99,34.99,429.99,013252002159,12192,https://www.pricecharting.com/game/nes/bad-dudes 
Bad News Baseball,7.99,39.99,204.99,018946110097,12193,https://www.pricecharting.com/game/nes/bad-news-baseball 
Bad Street Brawler,9.99,39.99,249.99,074299040627,12194,https://www.pricecharting.com/game/nes/bad-street-brawler 
Balloon Fight,24.99,159.99,654.99,045496630201,11981,https://www.pricecharting.com/game/nes/balloon-fight 
Banana Prince,99.99,179.99,349.99,,16131,https://www.pricecharting.com/game/nes/banana-prince 
Bandai Golf Challenge Pebble Beach,2.99,10.99,89.99,045557072001,12195,https://www.pricecharting.com/game/nes/bandai-golf-challenge-pebble-beach 
Bandit Kings of Ancient China,109.99,169.99,679.99,040198000178,13109,https://www.pricecharting.com/game/nes/bandit-kings-of-ancient-china 
Barbie,9.99,39.99,304.99,087855000546,8554,https://www.pricecharting.com/game/nes/barbie 
Bard's Tale,19.99,59.99,279.99,022909100124,8559,https://www.pricecharting.com/game/nes/bard's-tale 
Barker Bill's Trick Shooting,9.99,19.99,89.99,045496630553,8560,https://www.pricecharting.com/game/nes/barker-bill's-trick-shooting 
Baseball,4.99,34.99,1124.99,045496630096074299009174,11982,https://www.pricecharting.com/game/nes/baseball 
Baseball Simulator 1.000,6.99,24.99,99.99,047743890031,13843,https://www.pricecharting.com/game/nes/baseball-simulator-1000 
Baseball Stars,10.99,49.99,184.99,018484205002,12198,https://www.pricecharting.com/game/nes/baseball-stars 
Baseball Stars 2,19.99,49.99,164.99,095474210109,8562,https://www.pricecharting.com/game/nes/baseball-stars-2 
Bases Loaded,2.99,14.99,174.99,032264900017,8564,https://www.pricecharting.com/game/nes/bases-loaded 
Bases Loaded 2 Second Season,2.99,18.99,119.99,032264900079,8565,https://www.pricecharting.com/game/nes/bases-loaded-2-second-season 
Bases Loaded 3,4.99,24.99,119.99,032264900208,12199,https://www.pricecharting.com/game/nes/bases-loaded-3 
Bases Loaded 4,49.99,149.99,609.99,032264900277,8566,https://www.pricecharting.com/game/nes/bases-loaded-4 
Batman: Return of the Joker,59.99,199.99,484.99,020763110204,8570,https://www.pricecharting.com/game/nes/batman-return-of-the-joker 
Batman Returns,19.99,119.99,224.99,083717110323,8574,https://www.pricecharting.com/game/nes/batman-returns 
Batman The Video Game,10.99,69.99,704.99,020763110099,13844,https://www.pricecharting.com/game/nes/batman-the-video-game 
Battle Chess,6.99,24.99,49.99,013252002180,12200,https://www.pricecharting.com/game/nes/battle-chess 
Battle of Olympus,14.99,39.99,239.99,047956154401,12201,https://www.pricecharting.com/game/nes/battle-of-olympus 
Battleship,24.99,49.99,379.99,050047111399,8582,https://www.pricecharting.com/game/nes/battleship 
Battletank,6.99,24.99,114.99,047875700048,12202,https://www.pricecharting.com/game/nes/battletank 
Battletoads,19.99,134.99,424.99,031719199112,8586,https://www.pricecharting.com/game/nes/battletoads 
Battletoads and Double Dragon,ND,ND,ND,,,https://www.pricecharting.com/game/nes/battletoads-and-double-dragon 
Beauty and the Beast,ND,ND,ND,,,https://www.pricecharting.com/game/nes/beauty-and-the-beast 
Bee 52,19.99,39.99,89.99,069667074113,12203,https://www.pricecharting.com/game/nes/bee-52 
BeetleJuice,29.99,94.99,384.99,023582051635,12204,https://www.pricecharting.com/game/nes/beetlejuice 
Best of the Best Championship Karate,39.99,129.99,529.99,099451024888,8600,https://www.pricecharting.com/game/nes/best-of-the-best-championship-karate 
Bible Adventures,12.99,44.99,154.99,016315220019,8603,https://www.pricecharting.com/game/nes/bible-adventures 
Bible Buffet,79.99,124.99,184.99,978990163015,12205,https://www.pricecharting.com/game/nes/bible-buffet 
Bigfoot,7.99,34.99,134.99,021481103042,12206,https://www.pricecharting.com/game/nes/bigfoot 
Big Nose Freaks Out,129.99,154.99,264.99,069667074137,12106,https://www.pricecharting.com/game/nes/big-nose-freaks-out 
Big Nose the Caveman,13.99,34.99,109.99,069667074014,16129,https://www.pricecharting.com/game/nes/big-nose-the-caveman 
Bill and Ted's Excellent Video Game,11.99,59.99,209.99,023582051697,8606,https://www.pricecharting.com/game/nes/bill-and-ted's-excellent-video-game 
Bill Elliott's NASCAR Challenge,6.99,19.99,99.99,083717140023,8607,https://www.pricecharting.com/game/nes/bill-elliott's-nascar-challenge 
Bionic Commando,8.99,64.99,894.99,013388110087,12107,https://www.pricecharting.com/game/nes/bionic-commando 
Black Bass,7.99,19.99,119.99,093455100012,12108,https://www.pricecharting.com/game/nes/black-bass 
Blackjack,59.99,104.99,144.99,721619110255,12109,https://www.pricecharting.com/game/nes/blackjack 
Blades of Steel,4.99,24.99,449.99,083717112501083717110156,8614,https://www.pricecharting.com/game/nes/blades-of-steel 
Blaster Master,7.99,49.99,584.99,020763110068110068020763,12110,https://www.pricecharting.com/game/nes/blaster-master 
Blue Marlin,14.99,39.99,229.99,093455100098,8625,https://www.pricecharting.com/game/nes/blue-marlin 
Blues Brothers,49.99,134.99,354.99,091493341596,8627,https://www.pricecharting.com/game/nes/blues-brothers 
Blue Shadow [PAL],ND,ND,ND,,,https://www.pricecharting.com/game/nes/blue-shadow-%5Bpal%5D 
Bo Jackson Baseball,7.99,29.99,124.99,013252002210,8628,https://www.pricecharting.com/game/nes/bo-jackson-baseball 
Bomberman,19.99,79.99,564.99,039854000034,12111,https://www.pricecharting.com/game/nes/bomberman 
Bomberman II,159.99,269.99,1079.99,039854000188,8632,https://www.pricecharting.com/game/nes/bomberman-ii 
Bonk's Adventure,719.99,1459.99,5839.99,039854000393,8636,https://www.pricecharting.com/game/nes/bonk's-adventure 
Boulder Dash,14.99,29.99,134.99,009119313490,12112,https://www.pricecharting.com/game/nes/boulder-dash 
Bram Stoker's Dracula,54.99,114.99,289.99,090451101067,8643,https://www.pricecharting.com/game/nes/bram-stoker's-dracula 
BreakThru,6.99,44.99,944.99,013252002081,12113,https://www.pricecharting.com/game/nes/breakthru 
Break Time The National Pool Tour,10.99,39.99,174.99,022909100179,8645,https://www.pricecharting.com/game/nes/break-time-the-national-pool-tour 
Bubble Bath Babes,1489.99,2104.99,-.01,,14930,https://www.pricecharting.com/game/nes/bubble-bath-babes 
Bubble Bobble,18.99,59.99,544.99,020588010062,11983,https://www.pricecharting.com/game/nes/bubble-bobble 
Bubble Bobble Part 2,394.99,1109.99,4449.99,020588010703,8654,https://www.pricecharting.com/game/nes/bubble-bobble-part-2 
Bucky O'Hare,149.99,609.99,1489.99,083717110293,8658,https://www.pricecharting.com/game/nes/bucky-o'hare 
Bugs Bunny Birthday Blowout,7.99,24.99,164.99,044499000103,8661,https://www.pricecharting.com/game/nes/bugs-bunny-birthday-blowout 
Bugs Bunny Crazy Castle,11.99,34.99,129.99,044499000066,8662,https://www.pricecharting.com/game/nes/bugs-bunny-crazy-castle 
Bump 'n' Jump,6.99,24.99,319.99,034912784581,12114,https://www.pricecharting.com/game/nes/bump-'n'-jump 
Burai Fighter,14.99,54.99,274.99,040886117638,12115,https://www.pricecharting.com/game/nes/burai-fighter 
Burgertime,9.99,39.99,539.99,013252002043,12116,https://www.pricecharting.com/game/nes/burgertime 
Cabal,8.99,34.99,174.99,032244040894,12117,https://www.pricecharting.com/game/nes/cabal 
Caesar's Palace,3.99,14.99,59.99,052145800090,8683,https://www.pricecharting.com/game/nes/caesar's-palace 
California Games,6.99,34.99,354.99,032244048814,12118,https://www.pricecharting.com/game/nes/california-games 
California Raisins The Great Escape,39.99,79.99,319.99,013388110179,8687,https://www.pricecharting.com/game/nes/california-raisins-the-great-escape 
Caltron 6-in-1,259.99,319.99,414.99,741999616161,14928,https://www.pricecharting.com/game/nes/caltron-6-in-1 
Captain America and the Avengers,34.99,189.99,759.99,013252002241,8695,https://www.pricecharting.com/game/nes/captain-america-and-the-avengers 
Captain Planet and the Planeteers,13.99,94.99,394.99,050047110057,8696,https://www.pricecharting.com/game/nes/captain-planet-and-the-planeteers 
Captain Skyhawk,2.99,17.99,69.99,032244040924,12120,https://www.pricecharting.com/game/nes/captain-skyhawk 
Casino Kid,4.99,24.99,94.99,006527731069093295893013,12121,https://www.pricecharting.com/game/nes/casino-kid 
Casino Kid II,109.99,179.99,729.99,093295921013,8701,https://www.pricecharting.com/game/nes/casino-kid-ii 
Castelian,19.99,34.99,154.99,726268001558,8702,https://www.pricecharting.com/game/nes/castelian 
Castle of Deceit,79.99,139.99,564.99,016315730044,12122,https://www.pricecharting.com/game/nes/castle-of-deceit 
Castle of Dragon,14.99,39.99,174.99,092826890026,12123,https://www.pricecharting.com/game/nes/castle-of-dragon 
Castlequest,6.99,39.99,184.99,093992010003,12124,https://www.pricecharting.com/game/nes/castlequest 
Castlevania,24.99,199.99,1449.99,083717110040,8704,https://www.pricecharting.com/game/nes/castlevania 
Castlevania III Dracula's Curse,34.99,154.99,559.99,083717110217,8706,https://www.pricecharting.com/game/nes/castlevania-iii-dracula's-curse 
Castlevania II Simon's Quest,12.99,89.99,1909.99,781317033133083717110149,11984,https://www.pricecharting.com/game/nes/castlevania-ii-simon's-quest 
Caveman Games,8.99,39.99,159.99,013252002173,12126,https://www.pricecharting.com/game/nes/caveman-games 
Challenge of the Dragon,119.99,259.99,1039.99,096962810146,16130,https://www.pricecharting.com/game/nes/challenge-of-the-dragon 
Championship Bowling,2.99,14.99,64.99,095474110102,8713,https://www.pricecharting.com/game/nes/championship-bowling 
Championship Pool,17.99,29.99,119.99,050047113669,8714,https://www.pricecharting.com/game/nes/championship-pool 
Championship Rally,ND,ND,ND,,,https://www.pricecharting.com/game/nes/championship-rally 
Cheetahmen II,1569.99,2044.99,2444.99,730669181801,14927,https://www.pricecharting.com/game/nes/cheetahmen-ii 
Chessmaster,4.99,19.99,84.99,087855000508,8722,https://www.pricecharting.com/game/nes/chessmaster 
Chiller,89.99,259.99,1039.99,084895000017,8729,https://www.pricecharting.com/game/nes/chiller 
Chip and Dale Rescue Rangers,13.99,69.99,3614.99,013388110209,12127,https://www.pricecharting.com/game/nes/chip-and-dale-rescue-rangers 
Chip and Dale Rescue Rangers 2,264.99,784.99,3139.99,013388110346,8730,https://www.pricecharting.com/game/nes/chip-and-dale-rescue-rangers-2 
Chubby Cherub,119.99,679.99,2719.99,784550034912,12128,https://www.pricecharting.com/game/nes/chubby-cherub 
Circus Caper,10.99,39.99,164.99,091199001114091521100027,12129,https://www.pricecharting.com/game/nes/circus-caper 
City Connection,6.99,29.99,134.99,032264900024,12130,https://www.pricecharting.com/game/nes/city-connection 
Clash at Demonhead,19.99,94.99,274.99,034912784550,12131,https://www.pricecharting.com/game/nes/clash-at-demonhead 
Classic Concentration,7.99,19.99,79.99,051871023582043948570006,12132,https://www.pricecharting.com/game/nes/classic-concentration 
Cliffhanger,89.99,139.99,559.99,090451106031,8738,https://www.pricecharting.com/game/nes/cliffhanger 
Clu Clu Land,44.99,264.99,1074.99,045496630195,12133,https://www.pricecharting.com/game/nes/clu-clu-land 
Cobra Command,4.99,34.99,174.99,013252002104,12134,https://www.pricecharting.com/game/nes/cobra-command 
Cobra Triangle,7.99,24.99,134.99,074299063527045496630478,8743,https://www.pricecharting.com/game/nes/cobra-triangle 
Code Name Viper,7.99,34.99,249.99,013388110216,8747,https://www.pricecharting.com/game/nes/code-name-viper 
Color A Dinosaur,114.99,494.99,1994.99,052145800106,8753,https://www.pricecharting.com/game/nes/color-a-dinosaur 
Commando,6.99,39.99,164.99,013388110018,12135,https://www.pricecharting.com/game/nes/commando 
Conan the Mysteries of Time,59.99,164.99,889.99,050047105008,12136,https://www.pricecharting.com/game/nes/conan-the-mysteries-of-time 
Conflict,9.99,24.99,114.99,034912784635,12137,https://www.pricecharting.com/game/nes/conflict 
Conquest of the Crystal Palace,34.99,129.99,534.99,096066900033,12138,https://www.pricecharting.com/game/nes/conquest-of-the-crystal-palace 
Contra,29.99,204.99,7649.99,015812890244083717110095,12139,https://www.pricecharting.com/game/nes/contra 
Contra Force,114.99,424.99,1794.99,083717110286,12140,https://www.pricecharting.com/game/nes/contra-force 
Cool World,114.99,184.99,609.99,020295010065,8764,https://www.pricecharting.com/game/nes/cool-world 
Cowboy Kid,454.99,689.99,1724.99,095474180105,12142,https://www.pricecharting.com/game/nes/cowboy-kid 
Crash 'n' the Boys: Street Challenge,34.99,89.99,364.99,045496640019095303284035,12143,https://www.pricecharting.com/game/nes/crash-'n'-the-boys-street-challenge 
Crystalis,19.99,84.99,514.99,018484215001,12144,https://www.pricecharting.com/game/nes/crystalis 
Crystal Mines,24.99,39.99,89.99,096962810023,8786,https://www.pricecharting.com/game/nes/crystal-mines 
Cyberball,11.99,34.99,64.99,032264900215,8794,https://www.pricecharting.com/game/nes/cyberball 
Cybernoid The Fighting Machine,4.99,19.99,74.99,021481102069,8796,https://www.pricecharting.com/game/nes/cybernoid-the-fighting-machine 
Cyberstadium Series Base Wars,7.99,29.99,134.99,083717120155,12145,https://www.pricecharting.com/game/nes/cyberstadium-series-base-wars 
Dance Aerobics,4.99,19.99,59.99,045496630430,8801,https://www.pricecharting.com/game/nes/dance-aerobics 
Danny Sullivan's Indy Heat,19.99,54.99,224.99,031719199198,8804,https://www.pricecharting.com/game/nes/danny-sullivan's-indy-heat 
Darkman,29.99,84.99,344.99,020295010027,8808,https://www.pricecharting.com/game/nes/darkman 
Darkwing Duck,54.99,244.99,1134.99,013388110315,8810,https://www.pricecharting.com/game/nes/darkwing-duck 
Dash Galaxy in the Alien Asylum,4.99,24.99,134.99,013252002166,12146,https://www.pricecharting.com/game/nes/dash-galaxy-in-the-alien-asylum 
Day Dreaming Davey,14.99,104.99,419.99,040458333107,8817,https://www.pricecharting.com/game/nes/day-dreaming-davey 
Days Of Thunder,3.99,24.99,134.99,050047104827,8818,https://www.pricecharting.com/game/nes/days-of-thunder 
Deadly Towers,5.99,34.99,284.99,047956120406,12147,https://www.pricecharting.com/game/nes/deadly-towers 
Deathbots,19.99,44.99,89.99,021619110096,12149,https://www.pricecharting.com/game/nes/deathbots 
Death Race,34.99,119.99,264.99,723175001022,12148,https://www.pricecharting.com/game/nes/death-race 
Defender II,4.99,19.99,89.99,042884069735040458200034,12150,https://www.pricecharting.com/game/nes/defender-ii 
Defender of the Crown,5.99,29.99,319.99,083717120049,12151,https://www.pricecharting.com/game/nes/defender-of-the-crown 
Defenders of Dynatron City,39.99,64.99,364.99,009119920117,8836,https://www.pricecharting.com/game/nes/defenders-of-dynatron-city 
Deja Vu,9.99,39.99,189.99,044499000110,12152,https://www.pricecharting.com/game/nes/deja-vu 
Demon Sword,7.99,34.99,179.99,020588010093,12153,https://www.pricecharting.com/game/nes/demon-sword 
Desert Commander,6.99,19.99,54.99,833031763138044499000042,12154,https://www.pricecharting.com/game/nes/desert-commander 
Destination Earthstar,3.99,18.99,104.99,021481102076,12155,https://www.pricecharting.com/game/nes/destination-earthstar 
Destiny of an Emperor,29.99,64.99,274.99,013388110230,12156,https://www.pricecharting.com/game/nes/destiny-of-an-emperor 
Devil World,ND,ND,ND,,,https://www.pricecharting.com/game/nes/devil-world 
Dick Tracy,6.99,39.99,224.99,045557072704,12157,https://www.pricecharting.com/game/nes/dick-tracy 
Die Hard,179.99,339.99,1354.99,047875700116,8841,https://www.pricecharting.com/game/nes/die-hard 
Dig Dug,ND,ND,ND,,,https://www.pricecharting.com/game/nes/dig-dug 
Dig Dug II: Trouble in Paradise,8.99,39.99,174.99,045557082000015500183689,12159,https://www.pricecharting.com/game/nes/dig-dug-ii-trouble-in-paradise 
Digger T Rock,14.99,29.99,129.99,032244041983,12160,https://www.pricecharting.com/game/nes/digger-t-rock 
Dirty Harry,11.99,39.99,189.99,050047104803,12161,https://www.pricecharting.com/game/nes/dirty-harry 
Dogbone Controller,24.99,44.99,89.99,045496620158,21555,https://www.pricecharting.com/game/nes/dogbone-controller 
Donkey Kong,24.99,149.99,604.99,630423045496,11985,https://www.pricecharting.com/game/nes/donkey-kong 
Donkey Kong 3,18.99,94.99,389.99,041545304925,12163,https://www.pricecharting.com/game/nes/donkey-kong-3 
Donkey Kong Classics,14.99,49.99,1119.99,045496630423,12164,https://www.pricecharting.com/game/nes/donkey-kong-classics 
Donkey Kong Jr,24.99,234.99,684.99,731069002222,11986,https://www.pricecharting.com/game/nes/donkey-kong-jr 
Donkey Kong Jr Math,149.99,1989.99,7964.99,731069006527,11987,https://www.pricecharting.com/game/nes/donkey-kong-jr-math 
Double Dare,10.99,74.99,304.99,043948590004,12167,https://www.pricecharting.com/game/nes/double-dare 
Double Dragon,8.99,99.99,1414.99,031719198832,12207,https://www.pricecharting.com/game/nes/double-dragon 
Double Dragon II,9.99,69.99,904.99,000040606538021481106029,12208,https://www.pricecharting.com/game/nes/double-dragon-ii 
Double Dragon III,12.99,109.99,454.99,021481106050,12209,https://www.pricecharting.com/game/nes/double-dragon-iii 
Double Dribble,3.99,19.99,289.99,083717110057,11988,https://www.pricecharting.com/game/nes/double-dribble 
Double Strike,13.99,39.99,144.99,021619110065,12210,https://www.pricecharting.com/game/nes/double-strike 
Dragon Fighter,469.99,734.99,2954.99,093295913018,8864,https://www.pricecharting.com/game/nes/dragon-fighter 
Dragon Power,6.99,29.99,119.99,045557873103,12213,https://www.pricecharting.com/game/nes/dragon-power 
Dragon's Lair the Legend,19.99,64.99,264.99,090451104020,12217,https://www.pricecharting.com/game/nes/dragon's-lair-the-legend 
Dragon Spirit,7.99,39.99,134.99,045557083007,12214,https://www.pricecharting.com/game/nes/dragon-spirit 
Dragon Warrior,7.99,54.99,334.99,045496630379074299063497,12216,https://www.pricecharting.com/game/nes/dragon-warrior 
Dragon Warrior II,49.99,174.99,714.99,719631000012,12215,https://www.pricecharting.com/game/nes/dragon-warrior-ii 
Dragon Warrior III,94.99,214.99,869.99,719631000029,8868,https://www.pricecharting.com/game/nes/dragon-warrior-iii 
Dragon Warrior IV,129.99,354.99,804.99,719631000043,8869,https://www.pricecharting.com/game/nes/dragon-warrior-iv 
Dragon Wars,ND,ND,ND,,,https://www.pricecharting.com/game/nes/dragon-wars 
Dr Chaos,10.99,34.99,199.99,022909100032,12211,https://www.pricecharting.com/game/nes/dr-chaos 
Dr Jekyll and Mr Hyde,14.99,64.99,239.99,045557071004,12212,https://www.pricecharting.com/game/nes/dr-jekyll-and-mr-hyde 
Dr. Mario,6.99,24.99,474.99,045496630621,8859,https://www.pricecharting.com/game/nes/dr-mario 
Dropzone,ND,ND,ND,,,https://www.pricecharting.com/game/nes/dropzone 
Duck Hunt,7.99,84.99,594.99,079522653056,12218,https://www.pricecharting.com/game/nes/duck-hunt 
Duck Maze,ND,ND,ND,,,https://www.pricecharting.com/game/nes/duck-maze 
Duck Tales,19.99,139.99,984.99,013388110162,12219,https://www.pricecharting.com/game/nes/duck-tales 
Duck Tales 2,214.99,534.99,1429.99,013388110360,8878,https://www.pricecharting.com/game/nes/duck-tales-2 
Duck Tales Gold Cartridge,1464.99,1939.99,14284.99,,34156,https://www.pricecharting.com/game/nes/duck-tales-gold-cartridge 
Dudes with Attitude,8.99,19.99,99.99,021619110102,12220,https://www.pricecharting.com/game/nes/dudes-with-attitude 
Dungeon Magic,8.99,44.99,144.99,020588010239,12221,https://www.pricecharting.com/game/nes/dungeon-magic 
Dusty Diamond's All-Star Softball,74.99,149.99,604.99,047956169405,12222,https://www.pricecharting.com/game/nes/dusty-diamond's-all-star-softball 
Dynowarz The Destruction of Spondylus,7.99,29.99,124.99,045557072209,8889,https://www.pricecharting.com/game/nes/dynowarz-the-destruction-of-spondylus 
Elevator Action,9.99,44.99,194.99,020588010017,11989,https://www.pricecharting.com/game/nes/elevator-action 
Eliminator Boat Duel,24.99,69.99,204.99,099451030643,8906,https://www.pricecharting.com/game/nes/eliminator-boat-duel 
Elite,ND,ND,ND,,,https://www.pricecharting.com/game/nes/elite 
Excitebike,6.99,59.99,329.99,752492141692045496630058,11990,https://www.pricecharting.com/game/nes/excitebike 
Exodus Journey to the Promised Land,12.99,39.99,94.99,,12223,https://www.pricecharting.com/game/nes/exodus-journey-to-the-promised-land 
F-117A Stealth Fighter,15.99,39.99,249.99,019703157300,8928,https://www.pricecharting.com/game/nes/f-117a-stealth-fighter 
F-15 City War,7.99,34.99,69.99,021619110010,19760,https://www.pricecharting.com/game/nes/f-15-city-war 
F-15 Strike Eagle,7.99,24.99,99.99,019703150202,8929,https://www.pricecharting.com/game/nes/f-15-strike-eagle 
Family Feud,9.99,24.99,79.99,043948560007,8935,https://www.pricecharting.com/game/nes/family-feud 
Family Fun Fitness Stadium Events,11699.99,37324.99,157724.99,045557873059,12224,https://www.pricecharting.com/game/nes/family-fun-fitness-stadium-events 
Family Fun Fitness Stadium Events PAL,779.99,1099.99,1549.99,,20424,https://www.pricecharting.com/game/nes/family-fun-fitness-stadium-events-pal 
Fantastic Adventures of Dizzy,11.99,24.99,99.99,069667074021,12225,https://www.pricecharting.com/game/nes/fantastic-adventures-of-dizzy 
Fantasy Zone,24.99,34.99,139.99,031763103127,12226,https://www.pricecharting.com/game/nes/fantasy-zone 
Faria,139.99,259.99,1049.99,093992010508,8939,https://www.pricecharting.com/game/nes/faria 
Fast Break,ND,ND,ND,,,https://www.pricecharting.com/game/nes/fast-break 
Faxanadu,8.99,49.99,219.99,045496630485074299063473,13717,https://www.pricecharting.com/game/nes/faxanadu 
Felix the Cat,89.99,244.99,469.99,039854000171,8948,https://www.pricecharting.com/game/nes/felix-the-cat 
Ferrari Grand Prix Challenge,8.99,19.99,234.99,021481107026,8949,https://www.pricecharting.com/game/nes/ferrari-grand-prix-challenge 
Fester's Quest,4.99,29.99,249.99,020763110075,8950,https://www.pricecharting.com/game/nes/fester's-quest 
Final Fantasy,19.99,129.99,2064.99,045496630607074299063503,8970,https://www.pricecharting.com/game/nes/final-fantasy 
Firehawk,8.99,24.99,99.99,011161169666,12229,https://www.pricecharting.com/game/nes/firehawk 
Fire 'N Ice,229.99,509.99,2054.99,018946110172,8975,https://www.pricecharting.com/game/nes/fire-'n-ice 
Fisher-Price Firehouse Rescue,29.99,164.99,669.99,043948500065,8976,https://www.pricecharting.com/game/nes/fisher-price-firehouse-rescue 
Fisher Price I Can Remember,6.99,29.99,114.99,043948500034,12230,https://www.pricecharting.com/game/nes/fisher-price-i-can-remember 
Fisher Price Perfect Fit,7.99,29.99,139.99,043948500027,12231,https://www.pricecharting.com/game/nes/fisher-price-perfect-fit 
Fist of the North Star,18.99,64.99,269.99,040886536996,12232,https://www.pricecharting.com/game/nes/fist-of-the-north-star 
Fist of the North Star 2,ND,ND,ND,,,https://www.pricecharting.com/game/nes/fist-of-the-north-star-2 
Flight of the Intruder,8.99,24.99,144.99,050047105015,8981,https://www.pricecharting.com/game/nes/flight-of-the-intruder 
Flintstones Surprise at Dino Peak,ND,ND,ND,,,https://www.pricecharting.com/game/nes/flintstones-surprise-at-dino-peak 
Flintstones The Rescue of Dino and Hoppy,24.99,134.99,934.99,020588010437,8983,https://www.pricecharting.com/game/nes/flintstones-the-rescue-of-dino-and-hoppy 
Flying Dragon,6.99,29.99,109.99,047743890024,12234,https://www.pricecharting.com/game/nes/flying-dragon 
Flying Warriors,18.99,74.99,134.99,047743900068,12235,https://www.pricecharting.com/game/nes/flying-warriors 
Formula One Built To Win,24.99,74.99,309.99,092826900015,14550,https://www.pricecharting.com/game/nes/formula-one-built-to-win 
Frankenstein the Monster Returns,144.99,284.99,1064.99,045557072506,12236,https://www.pricecharting.com/game/nes/frankenstein-the-monster-returns 
Freedom Force,12.99,44.99,184.99,091199004863020763110044,12237,https://www.pricecharting.com/game/nes/freedom-force 
Friday the 13th,10.99,104.99,469.99,023582051628,12238,https://www.pricecharting.com/game/nes/friday-the-13th 
Fun House,11.99,19.99,64.99,087855000317,12239,https://www.pricecharting.com/game/nes/fun-house 
Galactic Crusader,54.99,69.99,99.99,016315730013,32330,https://www.pricecharting.com/game/nes/galactic-crusader 
Galaga: Demons of Death,10.99,29.99,174.99,045557080006,11991,https://www.pricecharting.com/game/nes/galaga-demons-of-death 
Galaxy 5000,34.99,64.99,254.99,047875700154,12242,https://www.pricecharting.com/game/nes/galaxy-5000 
Game Genie,19.99,29.99,74.99,047246073566,13192,https://www.pricecharting.com/game/nes/game-genie 
Gargoyle's Quest II The Demon Darkness,104.99,229.99,994.99,013388110292,9012,https://www.pricecharting.com/game/nes/gargoyle's-quest-ii-the-demon-darkness 
Gauntlet,9.99,24.99,364.99,031763011125,12243,https://www.pricecharting.com/game/nes/gauntlet 
Gauntlet II,6.99,29.99,179.99,050047104780,9013,https://www.pricecharting.com/game/nes/gauntlet-ii 
Gemfire,129.99,214.99,869.99,040198000369,9018,https://www.pricecharting.com/game/nes/gemfire 
Genghis Khan,17.99,44.99,174.99,040198000093,12244,https://www.pricecharting.com/game/nes/genghis-khan 
George Foreman's KO Boxing,4.99,24.99,59.99,021481107033,9025,https://www.pricecharting.com/game/nes/george-foreman's-ko-boxing 
Ghostbusters,11.99,99.99,104.99,047875701083,12245,https://www.pricecharting.com/game/nes/ghostbusters 
Ghostbusters II,12.99,64.99,214.99,047875700062,9032,https://www.pricecharting.com/game/nes/ghostbusters-ii 
Ghost Lion,114.99,214.99,859.99,741648002017,9029,https://www.pricecharting.com/game/nes/ghost-lion 
Ghosts 'n Goblins,10.99,69.99,4969.99,013388110025,11992,https://www.pricecharting.com/game/nes/ghosts-'n-goblins 
Ghoul School,39.99,149.99,454.99,099451041755,9033,https://www.pricecharting.com/game/nes/ghoul-school 
G.I. Joe: A Real American Hero,79.99,289.99,1174.99,150115023477040886111902,12240,https://www.pricecharting.com/game/nes/gi-joe-a-real-american-hero 
GI Joe The Atlantis Factor,49.99,119.99,429.99,013388110322,9034,https://www.pricecharting.com/game/nes/gi-joe-the-atlantis-factor 
Gilligan's Island,15.99,64.99,89.99,091199002807045557083502,12247,https://www.pricecharting.com/game/nes/gilligan's-island 
Goal,2.99,13.99,59.99,032264900062,12248,https://www.pricecharting.com/game/nes/goal 
Goal 2,ND,ND,ND,,,https://www.pricecharting.com/game/nes/goal-2 
Godzilla,19.99,89.99,439.99,091521100010,12249,https://www.pricecharting.com/game/nes/godzilla 
Godzilla 2 War of the Monsters,ND,ND,ND,,,https://www.pricecharting.com/game/nes/godzilla-2-war-of-the-monsters 
Gold Medal Challenge '92,13.99,34.99,139.99,013388110339,9045,https://www.pricecharting.com/game/nes/gold-medal-challenge-'92 
Golf,3.99,34.99,1124.99,045496630102074299009099,9050,https://www.pricecharting.com/game/nes/golf 
Golf Grand Slam,12.99,59.99,59.99,730865200023,9051,https://www.pricecharting.com/game/nes/golf-grand-slam 
Golgo 13 Top Secret Episode,3.99,29.99,99.99,034912784512,12250,https://www.pricecharting.com/game/nes/golgo-13-top-secret-episode 
Gotcha,4.99,24.99,369.99,023582051536,12251,https://www.pricecharting.com/game/nes/gotcha 
Gradius,11.99,69.99,204.99,083717110019,11993,https://www.pricecharting.com/game/nes/gradius 
Great Waldo Search,15.99,54.99,234.99,719575010085,9063,https://www.pricecharting.com/game/nes/great-waldo-search 
Greg Norman's Golf Power,10.99,19.99,89.99,052145800052,9068,https://www.pricecharting.com/game/nes/greg-norman's-golf-power 
Gremlins 2,24.99,109.99,149.99,020763110143,12252,https://www.pricecharting.com/game/nes/gremlins-2 
Guerrilla War,8.99,29.99,284.99,001149199105018484195006,12253,https://www.pricecharting.com/game/nes/guerrilla-war 
Gumshoe,10.99,129.99,859.99,,12254,https://www.pricecharting.com/game/nes/gumshoe 
Gun-Nac,349.99,719.99,2879.99,093992010607,12255,https://www.pricecharting.com/game/nes/gun-nac 
Gun.Smoke,14.99,89.99,319.99,013388110094,12256,https://www.pricecharting.com/game/nes/gunsmoke 
Gyromite,4.99,114.99,269.99,864878988002,12257,https://www.pricecharting.com/game/nes/gyromite 
Gyruss,8.99,39.99,174.99,083717120056,12258,https://www.pricecharting.com/game/nes/gyruss 
Hammerin Harry PAL,ND,ND,ND,,,https://www.pricecharting.com/game/nes/hammerin-harry-pal 
Happily Ever After,ND,ND,ND,,,https://www.pricecharting.com/game/nes/happily-ever-after 
Harlem Globetrotters,11.99,24.99,114.99,043948513003,12259,https://www.pricecharting.com/game/nes/harlem-globetrotters 
Hatris,29.99,34.99,239.99,715504010201,9097,https://www.pricecharting.com/game/nes/hatris 
Heavy Barrel,12.99,39.99,249.99,013252002142,12260,https://www.pricecharting.com/game/nes/heavy-barrel 
Heavy Shreddin',4.99,19.99,84.99,073000046019,12261,https://www.pricecharting.com/game/nes/heavy-shreddin' 
HES Real Player's Pack,109.99,129.99,-.01,,21045,https://www.pricecharting.com/game/nes/hes-real-player's-pack 
High Speed,10.99,29.99,179.99,031719199136,9109,https://www.pricecharting.com/game/nes/high-speed 
Hit the Ice,ND,ND,ND,,,https://www.pricecharting.com/game/nes/hit-the-ice 
Hogan's Alley,3.99,29.99,729.99,045496630034,12262,https://www.pricecharting.com/game/nes/hogan's-alley 
Hollywood Squares,4.99,13.99,69.99,043948530000,9115,https://www.pricecharting.com/game/nes/hollywood-squares 
Home Alone,13.99,44.99,124.99,719575010061,9117,https://www.pricecharting.com/game/nes/home-alone 
Home Alone 2 Lost In New York,8.99,24.99,239.99,719575010092,9119,https://www.pricecharting.com/game/nes/home-alone-2-lost-in-new-york 
Honey Peach,89.99,124.99,-.01,,30819,https://www.pricecharting.com/game/nes/honey-peach 
Hook,11.99,39.99,359.99,090451106017,9121,https://www.pricecharting.com/game/nes/hook 
Hoops,1.99,14.99,39.99,032264900055,12263,https://www.pricecharting.com/game/nes/hoops 
Hot Slots,1164.99,1164.99,2699.99,,14931,https://www.pricecharting.com/game/nes/hot-slots 
Hudson Hawk,13.99,49.99,139.99,090451104037,9132,https://www.pricecharting.com/game/nes/hudson-hawk 
Hunt for Red October,3.99,19.99,124.99,087855000515,9133,https://www.pricecharting.com/game/nes/hunt-for-red-october 
Hydlide,6.99,24.99,139.99,022909100070,12264,https://www.pricecharting.com/game/nes/hydlide 
Ice Climber,18.99,269.99,1079.99,045496630126,11994,https://www.pricecharting.com/game/nes/ice-climber 
Ice Hockey,3.99,19.99,204.99,074720137155045496630409,11995,https://www.pricecharting.com/game/nes/ice-hockey 
Ikari Warriors,6.99,39.99,164.99,018484125003074299066016,12265,https://www.pricecharting.com/game/nes/ikari-warriors 
Ikari Warriors II,6.99,44.99,284.99,018484155000,12266,https://www.pricecharting.com/game/nes/ikari-warriors-ii 
Ikari Warriors III: The Rescue,ND,ND,ND,,,https://www.pricecharting.com/game/nes/ikari-warriors-iii-the-rescue 
Image Fight,24.99,64.99,259.99,715664190010,12268,https://www.pricecharting.com/game/nes/image-fight 
Immortal,11.99,39.99,124.99,014633070095,9138,https://www.pricecharting.com/game/nes/immortal 
Impossible Mission II,19.99,34.99,64.99,020217020295,12269,https://www.pricecharting.com/game/nes/impossible-mission-ii 
Incredible Crash Dummies,24.99,179.99,734.99,023582051871,9143,https://www.pricecharting.com/game/nes/incredible-crash-dummies 
Indiana Jones and the Last Crusade,39.99,129.99,659.99,101507720238,12270,https://www.pricecharting.com/game/nes/indiana-jones-and-the-last-crusade 
Indiana Jones and the Last Crusade Ubisoft,174.99,269.99,1779.99,020588010161,30748,https://www.pricecharting.com/game/nes/indiana-jones-and-the-last-crusade-ubisoft 
Indiana Jones and the Temple of Doom,9.99,49.99,204.99,050047102861,12271,https://www.pricecharting.com/game/nes/indiana-jones-and-the-temple-of-doom 
Infiltrator,3.99,19.99,99.99,050047103103,12272,https://www.pricecharting.com/game/nes/infiltrator 
Iron Sword Wizards and Warriors II,3.99,19.99,149.99,021481106012021421706012,12274,https://www.pricecharting.com/game/nes/iron-sword-wizards-and-warriors-ii 
Iron Tank,4.99,24.99,129.99,018484165009,12273,https://www.pricecharting.com/game/nes/iron-tank 
Isolated Warrior,39.99,99.99,404.99,097933100020,12275,https://www.pricecharting.com/game/nes/isolated-warrior 
Jackal,9.99,79.99,554.99,083717110101,12276,https://www.pricecharting.com/game/nes/jackal 
Jackie Chan's Action Kung FU,74.99,194.99,554.99,039854000119,12277,https://www.pricecharting.com/game/nes/jackie-chan's-action-kung-fu 
Jack Nicklaus Golf,1.99,10.99,64.99,083717110170,9155,https://www.pricecharting.com/game/nes/jack-nicklaus-golf 
James Bond Jr,39.99,74.99,284.99,719575010115,9161,https://www.pricecharting.com/game/nes/james-bond-jr 
Jaws,8.99,59.99,509.99,023582051567,12278,https://www.pricecharting.com/game/nes/jaws 
Jeopardy,3.99,10.99,109.99,043948520001,9169,https://www.pricecharting.com/game/nes/jeopardy 
Jeopardy 25th Anniversary,3.99,10.99,74.99,043948520025,9170,https://www.pricecharting.com/game/nes/jeopardy-25th-anniversary 
Jeopardy Jr,3.99,9.99,34.99,043948520018,9172,https://www.pricecharting.com/game/nes/jeopardy-jr 
Jetsons Cogswell's Caper,244.99,584.99,2339.99,020588010536,9176,https://www.pricecharting.com/game/nes/jetsons-cogswell's-caper 
Jimmy Connors Tennis,109.99,139.99,574.99,008888060888,9177,https://www.pricecharting.com/game/nes/jimmy-connors-tennis 
Joe and Mac,18.99,69.99,289.99,013252002272,9179,https://www.pricecharting.com/game/nes/joe-and-mac 
John Elway's Quarterback,1.99,12.99,179.99,031719198849,12279,https://www.pricecharting.com/game/nes/john-elway's-quarterback 
Jordan vs Bird One on One,3.99,39.99,894.99,715664190058032244049804,12280,https://www.pricecharting.com/game/nes/jordan-vs-bird-one-on-one 
Joshua: The Battle of Jericho,24.99,44.99,124.99,659057245928016315220057,12281,https://www.pricecharting.com/game/nes/joshua-the-battle-of-jericho 
Journey to Silius,39.99,134.99,539.99,020763110136,12282,https://www.pricecharting.com/game/nes/journey-to-silius 
Joust,6.99,34.99,134.99,040458200010,12283,https://www.pricecharting.com/game/nes/joust 
Jurassic Park,17.99,79.99,734.99,020295010096,9190,https://www.pricecharting.com/game/nes/jurassic-park 
Kabuki Quantum Fighter,19.99,74.99,89.99,040458233117,12284,https://www.pricecharting.com/game/nes/kabuki-quantum-fighter 
Karate Champ,3.99,29.99,339.99,013252002029,12285,https://www.pricecharting.com/game/nes/karate-champ 
Karnov,8.99,44.99,174.99,013252002074,12286,https://www.pricecharting.com/game/nes/karnov 
Kickle Cubicle,19.99,79.99,334.99,715664190027,12287,https://www.pricecharting.com/game/nes/kickle-cubicle 
Kick Master,104.99,229.99,779.99,020588010383,9204,https://www.pricecharting.com/game/nes/kick-master 
Kid Icarus,19.99,159.99,649.99,074299009921,11996,https://www.pricecharting.com/game/nes/kid-icarus 
Kid Klown in Night Mayor World,494.99,569.99,2279.99,741648002048,9205,https://www.pricecharting.com/game/nes/kid-klown-in-night-mayor-world 
Kid Kool,10.99,34.99,139.99,034912784628,12288,https://www.pricecharting.com/game/nes/kid-kool 
Kid Niki Radical Ninja,10.99,149.99,594.99,013252002067,12289,https://www.pricecharting.com/game/nes/kid-niki-radical-ninja 
King Neptune's Adventure,129.99,254.99,379.99,096962810160,16437,https://www.pricecharting.com/game/nes/king-neptune's-adventure 
King of Kings,11.99,34.99,49.99,768226002375016315220026,12290,https://www.pricecharting.com/game/nes/king-of-kings 
King's Knight,7.99,44.99,284.99,094689191012,9212,https://www.pricecharting.com/game/nes/king's-knight 
Kings of the Beach,3.99,12.99,109.99,083717120070,12292,https://www.pricecharting.com/game/nes/kings-of-the-beach 
King's Quest V,19.99,94.99,304.99,083717110262,12291,https://www.pricecharting.com/game/nes/king's-quest-v 
Kirby's Adventure,19.99,74.99,359.99,045496630720045496630744,9213,https://www.pricecharting.com/game/nes/kirby's-adventure 
Kiwi Kraze,49.99,99.99,379.99,020588010208,12293,https://www.pricecharting.com/game/nes/kiwi-kraze 
Klashball,19.99,24.99,94.99,093295911014,12294,https://www.pricecharting.com/game/nes/klashball 
Klax,7.99,19.99,84.99,031763040125,12295,https://www.pricecharting.com/game/nes/klax 
Knight Rider,8.99,39.99,334.99,021481103028,12296,https://www.pricecharting.com/game/nes/knight-rider 
Krazy Kreatures,19.99,39.99,144.99,021619110072,12297,https://www.pricecharting.com/game/nes/krazy-kreatures 
Krion Conquest,99.99,224.99,899.99,034912784666,12298,https://www.pricecharting.com/game/nes/krion-conquest 
Krusty's Fun House,13.99,59.99,239.99,021481107019,9217,https://www.pricecharting.com/game/nes/krusty's-fun-house 
Kung Fu,4.99,49.99,1079.99,045496630119,12299,https://www.pricecharting.com/game/nes/kung-fu 
Kung Fu 2,ND,ND,ND,,,https://www.pricecharting.com/game/nes/kung-fu-2 
Kung Fu Heroes,3.99,29.99,224.99,047743890017,12300,https://www.pricecharting.com/game/nes/kung-fu-heroes 
Laser Invasion,13.99,54.99,144.99,083717110200,9222,https://www.pricecharting.com/game/nes/laser-invasion 
Laserscope,64.99,89.99,364.99,083717111009,19472,https://www.pricecharting.com/game/nes/laserscope 
Last Action Hero,94.99,164.99,1264.99,090451106024,9224,https://www.pricecharting.com/game/nes/last-action-hero 
Last Starfighter,19.99,114.99,444.99,050047104490,12301,https://www.pricecharting.com/game/nes/last-starfighter 
Lee Trevino's Fighting Golf,2.99,11.99,44.99,018484175008,12302,https://www.pricecharting.com/game/nes/lee-trevino's-fighting-golf 
Legacy of the Wizard,3.99,29.99,159.99,047956144402,12303,https://www.pricecharting.com/game/nes/legacy-of-the-wizard 
Legendary Wings,9.99,44.99,434.99,013388110063,12304,https://www.pricecharting.com/game/nes/legendary-wings 
Legend of Kage,6.99,39.99,339.99,020588010024,11997,https://www.pricecharting.com/game/nes/legend-of-kage 
Legend of Zelda,24.99,169.99,2554.99,045496630324,9236,https://www.pricecharting.com/game/nes/legend-of-zelda 
Legends of the Diamond,13.99,39.99,224.99,045557072803,12305,https://www.pricecharting.com/game/nes/legends-of-the-diamond 
Lemmings,34.99,54.99,114.99,020763110266,9240,https://www.pricecharting.com/game/nes/lemmings 
L'Empereur,94.99,169.99,679.99,040198000215,9242,https://www.pricecharting.com/game/nes/l'empereur 
Lethal Weapon,39.99,84.99,349.99,020295010058,9245,https://www.pricecharting.com/game/nes/lethal-weapon 
Life Force,12.99,94.99,474.99,083717110118,12306,https://www.pricecharting.com/game/nes/life-force 
Linus Spacehead Cosmic Adventure,ND,ND,ND,,,https://www.pricecharting.com/game/nes/linus-spacehead-cosmic-adventure 
Little League Baseball,7.99,24.99,114.99,018484235009,12308,https://www.pricecharting.com/game/nes/little-league-baseball 
Little Mermaid,9.99,39.99,519.99,013388110278,9248,https://www.pricecharting.com/game/nes/little-mermaid 
Little Nemo The Dream Master,11.99,54.99,224.99,013388110223,9249,https://www.pricecharting.com/game/nes/little-nemo-the-dream-master 
Little Ninja Brothers,69.99,209.99,854.99,047743900051,12309,https://www.pricecharting.com/game/nes/little-ninja-brothers 
Little Red Hood,ND,ND,ND,,,https://www.pricecharting.com/game/nes/little-red-hood 
Little Samson,2049.99,4184.99,16749.99,020588010611,9250,https://www.pricecharting.com/game/nes/little-samson 
Little Samson PAL,169.99,719.99,-.01,,22049,https://www.pricecharting.com/game/nes/little-samson-pal 
Lode Runner,11.99,84.99,734.99,047956114405,11998,https://www.pricecharting.com/game/nes/lode-runner 
Lone Ranger,54.99,154.99,469.99,083717110224,9253,https://www.pricecharting.com/game/nes/lone-ranger 
Loopz,7.99,24.99,99.99,050047104797,12310,https://www.pricecharting.com/game/nes/loopz 
Low G Man,7.99,34.99,89.99,040886119847,12311,https://www.pricecharting.com/game/nes/low-g-man 
Lunar Pool,3.99,17.99,189.99,022909100018,9260,https://www.pricecharting.com/game/nes/lunar-pool 
Mach Rider,4.99,64.99,109.99,050428085455045496630065,11999,https://www.pricecharting.com/game/nes/mach-rider 
Mad Max,9.99,49.99,234.99,050047104728,12313,https://www.pricecharting.com/game/nes/mad-max 
Magic Darts,7.99,17.99,69.99,095474190104,9275,https://www.pricecharting.com/game/nes/magic-darts 
Magician,34.99,94.99,379.99,040886151908,12314,https://www.pricecharting.com/game/nes/magician 
Magmax,4.99,24.99,124.99,022909100056,12315,https://www.pricecharting.com/game/nes/magmax 
Major League Baseball,1.99,10.99,254.99,023582051543,12316,https://www.pricecharting.com/game/nes/major-league-baseball 
Maniac Mansion,19.99,94.99,724.99,032264900123,12317,https://www.pricecharting.com/game/nes/maniac-mansion 
Mappy-Land,11.99,34.99,154.99,040886627793,13766,https://www.pricecharting.com/game/nes/mappy-land 
Marble Madness,4.99,24.99,124.99,032244048807,12319,https://www.pricecharting.com/game/nes/marble-madness 
Mario Bros,24.99,259.99,1039.99,734060045496,12000,https://www.pricecharting.com/game/nes/mario-bros 
Mario Is Missing,19.99,74.99,304.99,050047109532,9287,https://www.pricecharting.com/game/nes/mario-is-missing 
Mario's Time Machine,84.99,289.99,1169.99,050047113874,9289,https://www.pricecharting.com/game/nes/mario's-time-machine 
Master Chu and the Drunkard Hu,39.99,64.99,274.99,096962810092,12321,https://www.pricecharting.com/game/nes/master-chu-and-the-drunkard-hu 
Maxi 15,64.99,94.99,174.99,721619110231,14925,https://www.pricecharting.com/game/nes/maxi-15 
M.C. Kids,15.99,59.99,519.99,052145800076,9307,https://www.pricecharting.com/game/nes/mc-kids 
Mechanized Attack,19.99,44.99,179.99,612512269112,12322,https://www.pricecharting.com/game/nes/mechanized-attack 
Megacom 76,29.99,-.01,-.01,,16294,https://www.pricecharting.com/game/nes/megacom-76 
Mega Man,69.99,679.99,2144.99,013388110070,9314,https://www.pricecharting.com/game/nes/mega-man 
Mega Man 2,24.99,159.99,189.99,013388110117,12323,https://www.pricecharting.com/game/nes/mega-man-2 
Mega Man 3,19.99,119.99,629.99,013388110254,9315,https://www.pricecharting.com/game/nes/mega-man-3 
Mega Man 4,39.99,209.99,679.99,013388110308,12324,https://www.pricecharting.com/game/nes/mega-man-4 
Mega Man 5,119.99,364.99,629.99,013388110353,9316,https://www.pricecharting.com/game/nes/mega-man-5 
Mega Man 6,54.99,239.99,1369.99,045496630768,9317,https://www.pricecharting.com/game/nes/mega-man-6 
Mega Man 9 [Press Kit],ND,ND,ND,,,https://www.pricecharting.com/game/nes/mega-man-9-%5Bpress-kit%5D 
Menace Beach,224.99,304.99,1224.99,096962810221,12325,https://www.pricecharting.com/game/nes/menace-beach 
Mendel Palace,13.99,39.99,134.99,039854000096,12326,https://www.pricecharting.com/game/nes/mendel-palace 
Mermaids of Atlantis,59.99,74.99,254.99,021619110140,12327,https://www.pricecharting.com/game/nes/mermaids-of-atlantis 
Metal Fighter,29.99,49.99,94.99,120030020295096962810085,12328,https://www.pricecharting.com/game/nes/metal-fighter 
Metal Gear,10.99,109.99,504.99,083717120018,12329,https://www.pricecharting.com/game/nes/metal-gear 
Metal Mech,11.99,44.99,214.99,032264900178,12330,https://www.pricecharting.com/game/nes/metal-mech 
Metal Storm,124.99,359.99,424.99,715664190041,12331,https://www.pricecharting.com/game/nes/metal-storm 
Metroid,19.99,209.99,2584.99,045496630348074299009914,9331,https://www.pricecharting.com/game/nes/metroid 
Michael Andretti's World GP,5.99,19.99,94.99,039471885076,12332,https://www.pricecharting.com/game/nes/michael-andretti's-world-gp 
Mickey Mousecapade,4.99,29.99,1044.99,013388110155,9337,https://www.pricecharting.com/game/nes/mickey-mousecapade 
Mickey's Adventure in Numberland,79.99,194.99,729.99,087855000218,9338,https://www.pricecharting.com/game/nes/mickey's-adventure-in-numberland 
Mickey's Safari in Letterland,11.99,34.99,149.99,087855000201,9339,https://www.pricecharting.com/game/nes/mickey's-safari-in-letterland 
Micro Machines,24.99,69.99,284.99,069667074038,12333,https://www.pricecharting.com/game/nes/micro-machines 
Mig 29,7.99,24.99,144.99,069667074076,12334,https://www.pricecharting.com/game/nes/mig-29 
Might and Magic,84.99,214.99,859.99,039471905125,9349,https://www.pricecharting.com/game/nes/might-and-magic 
Mighty Bomb Jack,8.99,34.99,149.99,018946110028,12002,https://www.pricecharting.com/game/nes/mighty-bomb-jack 
Mighty Final Fight,244.99,744.99,2989.99,013388110377,9351,https://www.pricecharting.com/game/nes/mighty-final-fight 
Mike Tyson's Punch-Out,34.99,339.99,2024.99,045496630287,12001,https://www.pricecharting.com/game/nes/mike-tyson's-punch-out 
Millipede,4.99,13.99,94.99,710352910352040458200027,12336,https://www.pricecharting.com/game/nes/millipede 
Milon's Secret Castle,5.99,29.99,169.99,039854000027,12003,https://www.pricecharting.com/game/nes/milon's-secret-castle 
Mini Putt Super Pro Golf,ND,ND,ND,,,https://www.pricecharting.com/game/nes/mini-putt-super-pro-golf 
Miracle Piano,12.99,159.99,654.99,024294001147,12337,https://www.pricecharting.com/game/nes/miracle-piano 
Miracle Piano with Keyboard,ND,ND,ND,,,https://www.pricecharting.com/game/nes/miracle-piano-with-keyboard 
Mission Cobra,54.99,114.99,459.99,016315730020,19303,https://www.pricecharting.com/game/nes/mission-cobra 
Mission Impossible,3.99,19.99,104.99,083717120094,9358,https://www.pricecharting.com/game/nes/mission-impossible 
Monopoly,6.99,18.99,234.99,073000040284,9366,https://www.pricecharting.com/game/nes/monopoly 
Monster in My Pocket,59.99,174.99,849.99,083717110248,12340,https://www.pricecharting.com/game/nes/monster-in-my-pocket 
Monster Party,17.99,99.99,384.99,045557074005,12338,https://www.pricecharting.com/game/nes/monster-party 
Monster Truck Rally,24.99,49.99,204.99,018571091037,12339,https://www.pricecharting.com/game/nes/monster-truck-rally 
Moon Ranger,239.99,579.99,2014.99,016315730051,21116,https://www.pricecharting.com/game/nes/moon-ranger 
Motor City Patrol,59.99,139.99,204.99,035995727045,9377,https://www.pricecharting.com/game/nes/motor-city-patrol 
Mr. Gimmick,769.99,1679.99,-.01,,15976,https://www.pricecharting.com/game/nes/mr-gimmick 
Ms. Pac-Man (Namco),59.99,109.99,114.99,722674020336,9382,https://www.pricecharting.com/game/nes/ms-pac-man-(namco) 
Ms. Pac-Man (Tengen),9.99,24.99,109.99,031763030126,30883,https://www.pricecharting.com/game/nes/ms-pac-man-(tengen) 
M.U.L.E.,24.99,49.99,199.99,050047104810,9387,https://www.pricecharting.com/game/nes/mule 
Muppet Adventure,8.99,44.99,159.99,087855000409,12341,https://www.pricecharting.com/game/nes/muppet-adventure 
MUSCLE,13.99,219.99,2484.99,045557872007,12312,https://www.pricecharting.com/game/nes/muscle 
Mutant Virus,34.99,64.99,214.99,729627121010,9390,https://www.pricecharting.com/game/nes/mutant-virus 
Myriad 6-in-1,1074.99,1334.99,3154.99,,14929,https://www.pricecharting.com/game/nes/myriad-6-in-1 
Mystery Quest,7.99,34.99,159.99,040886697833,12342,https://www.pricecharting.com/game/nes/mystery-quest 
NARC,6.99,29.99,109.99,041240134650021481106036,12343,https://www.pricecharting.com/game/nes/narc 
NES Advantage Controller,13.99,39.99,89.99,045496620035,16388,https://www.pricecharting.com/game/nes/nes-advantage-controller 
NES Four Score,24.99,34.99,59.99,045496620103,16389,https://www.pricecharting.com/game/nes/nes-four-score 
NES Max,ND,ND,ND,,,https://www.pricecharting.com/game/nes/nes-max 
NES Open Tournament Golf,9.99,29.99,244.99,045496630669074299087189,9449,https://www.pricecharting.com/game/nes/nes-open-tournament-golf 
NES Satellite 4 Controller Port,10.99,34.99,154.99,033383035246045496620073,19364,https://www.pricecharting.com/game/nes/nes-satellite-4-controller-port 
NFL Football,4.99,14.99,64.99,023582051581,9459,https://www.pricecharting.com/game/nes/nfl-football 
Nigel Mansell's World Championship Racing,15.99,64.99,259.99,043948530017,9483,https://www.pricecharting.com/game/nes/nigel-mansell's-world-championship-racing 
Nightshade,24.99,104.99,339.99,083717120162,9487,https://www.pricecharting.com/game/nes/nightshade 
Ninja Crusaders,29.99,134.99,549.99,039471885106,12344,https://www.pricecharting.com/game/nes/ninja-crusaders 
Ninja Gaiden,10.99,94.99,1544.99,018946110073,9488,https://www.pricecharting.com/game/nes/ninja-gaiden 
Ninja Gaiden III Ancient Ship of Doom,89.99,234.99,954.99,018946110134,9490,https://www.pricecharting.com/game/nes/ninja-gaiden-iii-ancient-ship-of-doom 
Ninja Gaiden II The Dark Sword of Chaos,9.99,74.99,299.99,018946110103,12004,https://www.pricecharting.com/game/nes/ninja-gaiden-ii-the-dark-sword-of-chaos 
Ninja Kid,8.99,74.99,304.99,045557872021,12345,https://www.pricecharting.com/game/nes/ninja-kid 
Nintendo Campus Challenge 1991,15409.99,5124.99,8454.99,,19387,https://www.pricecharting.com/game/nes/nintendo-campus-challenge-1991 
Nintendo Campus Challenge 1991 Reproduction,64.99,184.99,849.99,,34874,https://www.pricecharting.com/game/nes/nintendo-campus-challenge-1991-reproduction 
Nintendo NES Console,34.99,139.99,494.99,045496610104045496610067045496610029,13743,https://www.pricecharting.com/game/nes/nintendo-nes-console 
Nintendo NES Console w/ 72 Pin Connector,ND,ND,ND,,,https://www.pricecharting.com/game/nes/nintendo-nes-console-w-72-pin-connector 
Nintendo NES Controller,8.99,24.99,29.99,813048010210,13805,https://www.pricecharting.com/game/nes/nintendo-nes-controller 
Nintendo Test Cartridge,ND,ND,ND,,,https://www.pricecharting.com/game/nes/nintendo-test-cartridge 
Nintendo World Championship,45969.99,-.01,-.01,,14933,https://www.pricecharting.com/game/nes/nintendo-world-championship 
Nintendo World Championship Gold,17049.99,-.01,-.01,,16173,https://www.pricecharting.com/game/nes/nintendo-world-championship-gold 
Nintendo World Championship Reproduction,64.99,74.99,129.99,,34873,https://www.pricecharting.com/game/nes/nintendo-world-championship-reproduction 
Nintendo World Cup,4.99,24.99,124.99,009119900621045496730130,9492,https://www.pricecharting.com/game/nes/nintendo-world-cup 
Nobunaga's Ambition,12.99,34.99,149.99,040198000406040198000079,9495,https://www.pricecharting.com/game/nes/nobunaga's-ambition 
Nobunaga's Ambition 2,114.99,194.99,794.99,040198000185,13108,https://www.pricecharting.com/game/nes/nobunaga's-ambition-2 
North and South,44.99,104.99,414.99,044499000127,12346,https://www.pricecharting.com/game/nes/north-and-south 
Operation Secret Storm,104.99,174.99,239.99,096962810238,14281,https://www.pricecharting.com/game/nes/operation-secret-storm 
Operation Wolf,3.99,19.99,144.99,020588010086,12348,https://www.pricecharting.com/game/nes/operation-wolf 
ORB 3-D,ND,ND,ND,,,https://www.pricecharting.com/game/nes/orb-3-d 
Othello,2.99,8.99,44.99,021481102052,12349,https://www.pricecharting.com/game/nes/othello 
Overlord,19.99,44.99,79.99,052145800069,9516,https://www.pricecharting.com/game/nes/overlord 
Pac-Mania,15.99,49.99,204.99,031763018124036000027006,12351,https://www.pricecharting.com/game/nes/pac-mania 
Pac-Man (Namco),10.99,34.99,134.99,722674020329,9518,https://www.pricecharting.com/game/nes/pac-man-(namco) 
Pac-Man (Tengen),9.99,24.99,244.99,031763031123,30882,https://www.pricecharting.com/game/nes/pac-man-(tengen) 
Palamedes,10.99,34.99,149.99,093455100050,16126,https://www.pricecharting.com/game/nes/palamedes 
Panic Restaurant,844.99,1789.99,7169.99,020588010529,9523,https://www.pricecharting.com/game/nes/panic-restaurant 
Paperboy,13.99,44.99,1269.99,050047103110,9528,https://www.pricecharting.com/game/nes/paperboy 
Paperboy 2,18.99,49.99,224.99,050047110095,9530,https://www.pricecharting.com/game/nes/paperboy-2 
Peek-a-Boo Poker,1349.99,1534.99,-.01,,14932,https://www.pricecharting.com/game/nes/peek-a-boo-poker 
Pesterminator,74.99,89.99,459.99,096962810153,19452,https://www.pricecharting.com/game/nes/pesterminator 
Peter Pan and the Pirates,9.99,29.99,144.99,719575010009,12352,https://www.pricecharting.com/game/nes/peter-pan-and-the-pirates 
Phantom Fighter,9.99,29.99,169.99,022909100094,12353,https://www.pricecharting.com/game/nes/phantom-fighter 
Pictionary,4.99,12.99,84.99,023582051802,12354,https://www.pricecharting.com/game/nes/pictionary 
Pinball,4.99,24.99,899.99,045496630171,12005,https://www.pricecharting.com/game/nes/pinball 
Pinball Quest,7.99,34.99,139.99,032264900147,12356,https://www.pricecharting.com/game/nes/pinball-quest 
Pin-Bot,4.99,19.99,174.99,065810267296045496630515074299060755,12355,https://www.pricecharting.com/game/nes/pin-bot 
Pipe Dream,7.99,19.99,64.99,715504010102,12357,https://www.pricecharting.com/game/nes/pipe-dream 
Pirates,29.99,79.99,79.99,083717120148,9558,https://www.pricecharting.com/game/nes/pirates 
Platoon,3.99,19.99,134.99,020763110051,12358,https://www.pricecharting.com/game/nes/platoon 
Play Action Football,2.99,11.99,94.99,074299063589045496630522,9566,https://www.pricecharting.com/game/nes/play-action-football 
Popeye,17.99,119.99,484.99,100131022909,12359,https://www.pricecharting.com/game/nes/popeye 
POW,ND,ND,ND,,,https://www.pricecharting.com/game/nes/pow 
Power Blade,64.99,199.99,314.99,020588010314,9574,https://www.pricecharting.com/game/nes/power-blade 
Power Blade 2,774.99,1774.99,7099.99,020588010635,9575,https://www.pricecharting.com/game/nes/power-blade-2 
Power Glove,119.99,179.99,494.99,074299040078,13715,https://www.pricecharting.com/game/nes/power-glove 
Power Pad,29.99,49.99,94.99,045496620066,13761,https://www.pricecharting.com/game/nes/power-pad 
Power Punch II,29.99,69.99,324.99,729627121034,9577,https://www.pricecharting.com/game/nes/power-punch-ii 
P'radikus Conflict,64.99,94.99,224.99,028400087803,19390,https://www.pricecharting.com/game/nes/p'radikus-conflict 
Predator,12.99,129.99,474.99,047875700024,12360,https://www.pricecharting.com/game/nes/predator 
Prince of Persia,24.99,84.99,354.99,052145800083,9584,https://www.pricecharting.com/game/nes/prince-of-persia 
Princess Tomato in the Salad Kingdom,209.99,484.99,1349.99,039854000089,12361,https://www.pricecharting.com/game/nes/princess-tomato-in-the-salad-kingdom 
Pro Sports Hockey,139.99,259.99,1039.99,032264900284,9592,https://www.pricecharting.com/game/nes/pro-sports-hockey 
Pro Wrestling,4.99,49.99,199.99,045496630294074299009518,12362,https://www.pricecharting.com/game/nes/pro-wrestling 
Punch-Out,13.99,44.99,719.99,045496630614,12006,https://www.pricecharting.com/game/nes/punch-out 
Punch-Out Special Edition,ND,ND,ND,,,https://www.pricecharting.com/game/nes/punch-out-special-edition 
Puss N' Boots: Pero's Great Adventure,14.99,34.99,154.99,099451413613,12364,https://www.pricecharting.com/game/nes/puss-n'-boots-pero's-great-adventure 
Puzzle,11.99,24.99,79.99,021619110027,12365,https://www.pricecharting.com/game/nes/puzzle 
Puzznic,11.99,34.99,44.99,020588010246,12366,https://www.pricecharting.com/game/nes/puzznic 
Pyramid,10.99,44.99,154.99,021619110034,12367,https://www.pricecharting.com/game/nes/pyramid 
Q*bert,7.99,34.99,274.99,083717120063,12368,https://www.pricecharting.com/game/nes/q*bert 
Qix,54.99,89.99,384.99,020588010291,12369,https://www.pricecharting.com/game/nes/qix 
Quattro Adventure,9.99,19.99,64.99,069667074083,12371,https://www.pricecharting.com/game/nes/quattro-adventure 
Quattro Arcade,19.99,19.99,59.99,069667074168,19308,https://www.pricecharting.com/game/nes/quattro-arcade 
Quattro Sports,4.99,15.99,29.99,069667074052,12372,https://www.pricecharting.com/game/nes/quattro-sports 
Quickshot Joystick,1.99,7.99,34.99,,21024,https://www.pricecharting.com/game/nes/quickshot-joystick 
Quickshot Sighting Scope,44.99,74.99,314.99,,16260,https://www.pricecharting.com/game/nes/quickshot-sighting-scope 
Race America,79.99,94.99,384.99,099451722067,9615,https://www.pricecharting.com/game/nes/race-america 
Racermate Challenge II,174.99,-.01,-.01,,30824,https://www.pricecharting.com/game/nes/racermate-challenge-ii 
Racket Attack,3.99,14.99,89.99,032264900048,12376,https://www.pricecharting.com/game/nes/racket-attack 
Rad Gravity,ND,ND,ND,,,https://www.pricecharting.com/game/nes/rad-gravity 
Rad Racer,3.99,44.99,224.99,045496630362,12378,https://www.pricecharting.com/game/nes/rad-racer 
Rad Racer II,6.99,34.99,214.99,154961041425094689101028,12379,https://www.pricecharting.com/game/nes/rad-racer-ii 
Rad Racket: Deluxe Tennis II,54.99,129.99,209.99,,30982,https://www.pricecharting.com/game/nes/rad-racket-deluxe-tennis-ii 
Raid 2020,24.99,34.99,144.99,,12380,https://www.pricecharting.com/game/nes/raid-2020 
Raid on Bungeling Bay,7.99,39.99,164.99,755030012232,12381,https://www.pricecharting.com/game/nes/raid-on-bungeling-bay 
Rainbow Islands,34.99,119.99,484.99,020588010321,12382,https://www.pricecharting.com/game/nes/rainbow-islands 
Rally Bike,12.99,39.99,199.99,095474130100,12383,https://www.pricecharting.com/game/nes/rally-bike 
Rambo,6.99,34.99,539.99,021481103011,12384,https://www.pricecharting.com/game/nes/rambo 
Rampage,11.99,64.99,1314.99,013252002111,12385,https://www.pricecharting.com/game/nes/rampage 
Rampart,13.99,34.99,144.99,032264900246,9624,https://www.pricecharting.com/game/nes/rampart 
RBI Baseball,6.99,24.99,224.99,031763021124,9635,https://www.pricecharting.com/game/nes/rbi-baseball 
RBI Baseball 2,5.99,24.99,99.99,031763022121,12373,https://www.pricecharting.com/game/nes/rbi-baseball-2 
RBI Baseball 3,7.99,18.99,74.99,855153001042031763025122,12374,https://www.pricecharting.com/game/nes/rbi-baseball-3 
RC Pro-AM,5.99,29.99,389.99,045496630393,12375,https://www.pricecharting.com/game/nes/rc-pro-am 
RC Pro-AM II,99.99,244.99,979.99,031719199235,9639,https://www.pricecharting.com/game/nes/rc-pro-am-ii 
Remote Control,ND,ND,ND,,,https://www.pricecharting.com/game/nes/remote-control 
Ren and Stimpy Show Buckeroos,ND,ND,ND,,,https://www.pricecharting.com/game/nes/ren-and-stimpy-show-buckeroos 
Renegade,6.99,54.99,844.99,020588010048,12387,https://www.pricecharting.com/game/nes/renegade 
Rescue the Embassy Mission,4.99,24.99,104.99,044499000080,12388,https://www.pricecharting.com/game/nes/rescue-the-embassy-mission 
Ring King,8.99,39.99,309.99,013252002036,12389,https://www.pricecharting.com/game/nes/ring-king 
River City Ransom,34.99,159.99,179.99,095303284011,12390,https://www.pricecharting.com/game/nes/river-city-ransom 
RoadBlasters,4.99,34.99,104.99,050047103127,12392,https://www.pricecharting.com/game/nes/roadblasters 
Road Fighter,ND,ND,ND,,,https://www.pricecharting.com/game/nes/road-fighter 
Road Runner,8.99,34.99,139.99,031763013129,12391,https://www.pricecharting.com/game/nes/road-runner 
Robin Hood Prince of Thieves,7.99,29.99,139.99,052145800045,9669,https://www.pricecharting.com/game/nes/robin-hood-prince-of-thieves 
Robocop,6.99,34.99,254.99,014381516869013252002135,12394,https://www.pricecharting.com/game/nes/robocop 
Robocop 2,19.99,64.99,264.99,013252002203,9671,https://www.pricecharting.com/game/nes/robocop-2 
Robocop 3,44.99,104.99,424.99,020295010041,9673,https://www.pricecharting.com/game/nes/robocop-3 
Robodemons,44.99,74.99,104.99,096962810122,16141,https://www.pricecharting.com/game/nes/robodemons 
Robo Warrior,4.99,24.99,84.99,032264900031,12393,https://www.pricecharting.com/game/nes/robo-warrior 
ROB the Robot,89.99,239.99,804.99,045496620028,34135,https://www.pricecharting.com/game/nes/rob-the-robot 
Rocket Ranger,4.99,19.99,84.99,044499000097,12396,https://www.pricecharting.com/game/nes/rocket-ranger 
Rockin' Kats,144.99,364.99,1264.99,730865200016,9678,https://www.pricecharting.com/game/nes/rockin'-kats 
Rock 'n Ball,6.99,19.99,144.99,097933100013,12395,https://www.pricecharting.com/game/nes/rock-'n-ball 
Rodland PAL,ND,ND,ND,,,https://www.pricecharting.com/game/nes/rodland-pal 
Roger Clemens' MVP Baseball,2.99,11.99,39.99,023582051840,9681,https://www.pricecharting.com/game/nes/roger-clemens'-mvp-baseball 
Rollerball,6.99,24.99,99.99,040458031065,12398,https://www.pricecharting.com/game/nes/rollerball 
Rollerblade Racer,17.99,69.99,284.99,087855000553,9682,https://www.pricecharting.com/game/nes/rollerblade-racer 
Roller Games,7.99,39.99,129.99,083717120117,12397,https://www.pricecharting.com/game/nes/roller-games 
Rolling Thunder,8.99,29.99,144.99,031763012122,12399,https://www.pricecharting.com/game/nes/rolling-thunder 
Romance of the Three Kingdoms,19.99,39.99,144.99,040198000086,12400,https://www.pricecharting.com/game/nes/romance-of-the-three-kingdoms 
Romance of the Three Kingdoms II,79.99,109.99,449.99,040198000208,12401,https://www.pricecharting.com/game/nes/romance-of-the-three-kingdoms-ii 
Roundball 2-on-2 Challenge,11.99,24.99,99.99,050047106647,9687,https://www.pricecharting.com/game/nes/roundball-2-on-2-challenge 
Rush'n Attack,5.99,39.99,1214.99,083717110026,12402,https://www.pricecharting.com/game/nes/rush'n-attack 
Rygar,9.99,69.99,199.99,018946110011,12403,https://www.pricecharting.com/game/nes/rygar 
SCAT Special Cybernetic Attack Team,144.99,254.99,1029.99,719593010029,9697,https://www.pricecharting.com/game/nes/scat-special-cybernetic-attack-team 
Secret Scout,179.99,179.99,724.99,096962810245,12404,https://www.pricecharting.com/game/nes/secret-scout 
Section Z,4.99,44.99,244.99,013388110056,12405,https://www.pricecharting.com/game/nes/section-z 
Seicross,4.99,24.99,84.99,022909100063,12406,https://www.pricecharting.com/game/nes/seicross 
Sesame Street 123,2.99,13.99,159.99,087855000027,13827,https://www.pricecharting.com/game/nes/sesame-street-123 
Sesame Street 123 and ABC,9.99,24.99,109.99,087855000058,9720,https://www.pricecharting.com/game/nes/sesame-street-123-and-abc 
Sesame Street ABC,3.99,11.99,79.99,087855000010,12408,https://www.pricecharting.com/game/nes/sesame-street-abc 
Sesame Street Big Bird's Hide and Speak,4.99,17.99,109.99,087855000034,12409,https://www.pricecharting.com/game/nes/sesame-street-big-bird's-hide-and-speak 
Sesame Street Countdown,10.99,59.99,139.99,087855000041,9721,https://www.pricecharting.com/game/nes/sesame-street-countdown 
Shadowgate,7.99,39.99,254.99,044499000059,12411,https://www.pricecharting.com/game/nes/shadowgate 
Shadow of the Ninja,59.99,219.99,244.99,091199021488719593010012,12410,https://www.pricecharting.com/game/nes/shadow-of-the-ninja 
Shatterhand,64.99,209.99,474.99,032264900239,9729,https://www.pricecharting.com/game/nes/shatterhand 
Shingen the Ruler,7.99,34.99,159.99,093455100043,12412,https://www.pricecharting.com/game/nes/shingen-the-ruler 
Shinobi,11.99,39.99,194.99,031763102120,12413,https://www.pricecharting.com/game/nes/shinobi 
Shockwave,19.99,34.99,99.99,723175000063,12414,https://www.pricecharting.com/game/nes/shockwave 
Shooting Range,9.99,24.99,109.99,045557073008,12415,https://www.pricecharting.com/game/nes/shooting-range 
Short Order/Eggsplode,7.99,19.99,134.99,045496630546,12416,https://www.pricecharting.com/game/nes/short-ordereggsplode 
Side Pocket,5.99,19.99,89.99,013252002098,12417,https://www.pricecharting.com/game/nes/side-pocket 
Silent Assault,29.99,44.99,49.99,096962810108,12418,https://www.pricecharting.com/game/nes/silent-assault 
Silent Service,2.99,12.99,104.99,083717120087,12419,https://www.pricecharting.com/game/nes/silent-service 
Silk Worm,19.99,69.99,274.99,039471885052,12420,https://www.pricecharting.com/game/nes/silk-worm 
Silver Surfer,24.99,104.99,439.99,052145800038,12421,https://www.pricecharting.com/game/nes/silver-surfer 
SimCity,ND,ND,ND,,,https://www.pricecharting.com/game/nes/simcity 
Skate or Die,3.99,34.99,469.99,083717120025,12422,https://www.pricecharting.com/game/nes/skate-or-die 
Skate or Die 2,7.99,39.99,194.99,017800165020,12423,https://www.pricecharting.com/game/nes/skate-or-die-2 
Ski or Die,7.99,34.99,124.99,083717120124,12424,https://www.pricecharting.com/game/nes/ski-or-die 
Skull and Crossbones,9.99,24.99,99.99,031763050124,12425,https://www.pricecharting.com/game/nes/skull-and-crossbones 
Sky Kid,11.99,44.99,189.99,020763110020,12426,https://www.pricecharting.com/game/nes/sky-kid 
Sky Shark,3.99,24.99,104.99,020588010079,12427,https://www.pricecharting.com/game/nes/sky-shark 
Slalom,7.99,64.99,269.99,011179049424,12428,https://www.pricecharting.com/game/nes/slalom 
Smash TV,10.99,34.99,274.99,021481106067,9764,https://www.pricecharting.com/game/nes/smash-tv 
Snake Rattle n Roll,7.99,39.99,264.99,045496630591,12429,https://www.pricecharting.com/game/nes/snake-rattle-n-roll 
Snake's Revenge,11.99,89.99,379.99,083717120100,9765,https://www.pricecharting.com/game/nes/snake's-revenge 
Snoopy Silly Sports,6.99,39.99,374.99,044499000073,12430,https://www.pricecharting.com/game/nes/snoopy-silly-sports 
Snow Brothers,249.99,674.99,2704.99,013388110285,9768,https://www.pricecharting.com/game/nes/snow-brothers 
Soccer,6.99,164.99,669.99,045496630133,12007,https://www.pricecharting.com/game/nes/soccer 
Solar Jetman,4.99,19.99,119.99,031719199037,12431,https://www.pricecharting.com/game/nes/solar-jetman 
Solitaire,29.99,89.99,364.99,721619110170,12432,https://www.pricecharting.com/game/nes/solitaire 
Solomon's Key,11.99,64.99,534.99,018946110035,12008,https://www.pricecharting.com/game/nes/solomon's-key 
Solstice,6.99,24.99,119.99,090451104013,9776,https://www.pricecharting.com/game/nes/solstice 
Space Invaders,ND,ND,ND,,,https://www.pricecharting.com/game/nes/space-invaders 
Space Shuttle,17.99,64.99,144.99,099451112561,9803,https://www.pricecharting.com/game/nes/space-shuttle 
Spelunker,10.99,44.99,184.99,047956118403,12434,https://www.pricecharting.com/game/nes/spelunker 
Spiderman Return of the Sinister Six,14.99,94.99,409.99,023582051888,10594,https://www.pricecharting.com/game/nes/spiderman-return-of-the-sinister-six 
Spiritual Warfare,19.99,49.99,69.99,016315220040,12436,https://www.pricecharting.com/game/nes/spiritual-warfare 
Spot,7.99,39.99,134.99,052145800007,9830,https://www.pricecharting.com/game/nes/spot 
Spy Hunter,4.99,34.99,1349.99,198627031719020763110013,12437,https://www.pricecharting.com/game/nes/spy-hunter 
Spy vs. Spy,7.99,39.99,324.99,044499000011,9832,https://www.pricecharting.com/game/nes/spy-vs-spy 
Sqoon,124.99,909.99,3644.99,047956700400,12438,https://www.pricecharting.com/game/nes/sqoon 
Stack Up,149.99,784.99,4464.99,045496630164,16127,https://www.pricecharting.com/game/nes/stack-up 
Stanley The Search for Dr Livingston,39.99,94.99,354.99,099451613624,9839,https://www.pricecharting.com/game/nes/stanley-the-search-for-dr-livingston 
Star Force,5.99,34.99,139.99,018946110042,12439,https://www.pricecharting.com/game/nes/star-force 
Starship Hector,12.99,49.99,204.99,039854000041,12441,https://www.pricecharting.com/game/nes/starship-hector 
Star Soldier,6.99,24.99,99.99,040886782799,12009,https://www.pricecharting.com/game/nes/star-soldier 
Star Trek 25th Anniversary,12.99,44.99,184.99,083717120179,9842,https://www.pricecharting.com/game/nes/star-trek-25th-anniversary 
Star Trek The Next Generation,29.99,69.99,134.99,018706206930,9847,https://www.pricecharting.com/game/nes/star-trek-the-next-generation 
Star Tropics,9.99,44.99,174.99,045496630508,9848,https://www.pricecharting.com/game/nes/star-tropics 
Star Tropics II: Zoda's Revenge,10.99,54.99,124.99,045496630676,10238,https://www.pricecharting.com/game/nes/star-tropics-ii-zoda's-revenge 
Star Voyager,3.99,19.99,184.99,021481101017,12440,https://www.pricecharting.com/game/nes/star-voyager 
Star Wars,19.99,74.99,309.99,009119910125,9849,https://www.pricecharting.com/game/nes/star-wars 
Star Wars The Empire Strikes Back,24.99,84.99,179.99,009119910149,9857,https://www.pricecharting.com/game/nes/star-wars-the-empire-strikes-back 
Stealth,2.99,19.99,139.99,047875700086,18720,https://www.pricecharting.com/game/nes/stealth 
Stinger,10.99,69.99,289.99,605042780707,12443,https://www.pricecharting.com/game/nes/stinger 
Street Cop,29.99,69.99,404.99,045557077105,12444,https://www.pricecharting.com/game/nes/street-cop 
Street Fighter 2010 the Final Fight,10.99,44.99,194.99,013388110124,12445,https://www.pricecharting.com/game/nes/street-fighter-2010-the-final-fight 
Strider,7.99,44.99,189.99,013388110131,12446,https://www.pricecharting.com/game/nes/strider 
Stunt Kids,34.99,49.99,214.99,069667074045,12447,https://www.pricecharting.com/game/nes/stunt-kids 
Sunday Funday,189.99,209.99,284.99,016315220095,19476,https://www.pricecharting.com/game/nes/sunday-funday 
Super C,18.99,89.99,354.99,083717110187,9883,https://www.pricecharting.com/game/nes/super-c 
Super Cars,24.99,59.99,314.99,099451032401,12448,https://www.pricecharting.com/game/nes/super-cars 
Super Dodge Ball,12.99,44.99,339.99,090451102019,12449,https://www.pricecharting.com/game/nes/super-dodge-ball 
Super Glove Ball,1.99,19.99,89.99,074299045226,12450,https://www.pricecharting.com/game/nes/super-glove-ball 
Superman,14.99,119.99,154.99,044499000035,12458,https://www.pricecharting.com/game/nes/superman 
Super Mario Bros,15.99,274.99,5699.99,074299009129,9889,https://www.pricecharting.com/game/nes/super-mario-bros 
Super Mario Bros 2,19.99,69.99,5679.99,045496630386074299061196,12010,https://www.pricecharting.com/game/nes/super-mario-bros-2 
Super Mario Bros 3,14.99,89.99,2519.99,045496630584,9891,https://www.pricecharting.com/game/nes/super-mario-bros-3 
Super Mario Bros and Duck Hunt,3.99,19.99,79.99,024634562468,12451,https://www.pricecharting.com/game/nes/super-mario-bros-and-duck-hunt 
Super Mario Bros Duck Hunt World Class Track Meet,4.99,15.99,69.99,767014318889,12452,https://www.pricecharting.com/game/nes/super-mario-bros-duck-hunt-world-class-track-meet 
Super Off-Road,7.99,24.99,104.99,991876543299031719198924,12453,https://www.pricecharting.com/game/nes/super-off-road 
Super Pitfall,8.99,34.99,179.99,767578261232,12454,https://www.pricecharting.com/game/nes/super-pitfall 
Super Spike Volleyball,1.99,19.99,229.99,045496630560,9898,https://www.pricecharting.com/game/nes/super-spike-volleyball 
Super Spike Volleyball and World Cup Soccer,3.99,19.99,84.99,,12455,https://www.pricecharting.com/game/nes/super-spike-volleyball-and-world-cup-soccer 
Super Sprint,4.99,24.99,99.99,031763051121,12456,https://www.pricecharting.com/game/nes/super-sprint 
Super Spy Hunter,54.99,199.99,729.99,020763110112,9899,https://www.pricecharting.com/game/nes/super-spy-hunter 
Super Team Games,3.99,19.99,109.99,045496630454,12457,https://www.pricecharting.com/game/nes/super-team-games 
Swamp Thing,219.99,514.99,2059.99,719575010078,9913,https://www.pricecharting.com/game/nes/swamp-thing 
Sword Master,304.99,639.99,994.99,,19306,https://www.pricecharting.com/game/nes/sword-master 
Swords and Serpents,7.99,29.99,89.99,021481103059,12459,https://www.pricecharting.com/game/nes/swords-and-serpents 
Taboo the Sixth Sense,6.99,19.99,54.99,031719198856,12462,https://www.pricecharting.com/game/nes/taboo-the-sixth-sense 
Tagin' Dragon,59.99,84.99,354.99,016315730037,30846,https://www.pricecharting.com/game/nes/tagin'-dragon 
Tag Team Wrestling,3.99,34.99,154.99,013252002050,12463,https://www.pricecharting.com/game/nes/tag-team-wrestling 
TaleSpin,17.99,69.99,1444.99,013388110261,12162,https://www.pricecharting.com/game/nes/talespin 
Talking Super Jeopardy,4.99,13.99,94.99,043948520049,12465,https://www.pricecharting.com/game/nes/talking-super-jeopardy 
Target Renegade,6.99,34.99,114.99,020588010147,12466,https://www.pricecharting.com/game/nes/target-renegade 
Tecmo Baseball,3.99,12.99,69.99,018946110066,12467,https://www.pricecharting.com/game/nes/tecmo-baseball 
Tecmo Bowl,7.99,24.99,659.99,018946110059,9929,https://www.pricecharting.com/game/nes/tecmo-bowl 
Tecmo Cup Soccer,74.99,139.99,569.99,018946110141,9930,https://www.pricecharting.com/game/nes/tecmo-cup-soccer 
Tecmo NBA Basketball,9.99,24.99,149.99,018946110158,9931,https://www.pricecharting.com/game/nes/tecmo-nba-basketball 
Tecmo Super Bowl,19.99,49.99,229.99,018946110127,9934,https://www.pricecharting.com/game/nes/tecmo-super-bowl 
Tecmo World Wrestling,4.99,19.99,109.99,018946110080,9938,https://www.pricecharting.com/game/nes/tecmo-world-wrestling 
Teenage Mutant Ninja Turtles,8.99,74.99,2769.99,083717120032,9941,https://www.pricecharting.com/game/nes/teenage-mutant-ninja-turtles 
Teenage Mutant Ninja Turtles III The Manhattan Project,39.99,244.99,979.99,083717110279,9942,https://www.pricecharting.com/game/nes/teenage-mutant-ninja-turtles-iii-the-manhattan-project 
Teenage Mutant Ninja Turtles II the Arcade Game,ND,ND,ND,,,https://www.pricecharting.com/game/nes/teenage-mutant-ninja-turtles-ii-the-arcade-game 
Teenage Mutant Ninja Turtles Tournament Fighters,194.99,619.99,1169.99,083717110354,9944,https://www.pricecharting.com/game/nes/teenage-mutant-ninja-turtles-tournament-fighters 
Tengen Tetris,109.99,194.99,894.99,073917183043,12595,https://www.pricecharting.com/game/nes/tengen-tetris 
Tennis,6.99,54.99,494.99,075470390289045496630089,12011,https://www.pricecharting.com/game/nes/tennis 
Terminator,49.99,224.99,709.99,050047106807,9951,https://www.pricecharting.com/game/nes/terminator 
Terminator 2 Judgement Day,ND,ND,ND,,,https://www.pricecharting.com/game/nes/terminator-2-judgement-day 
Terra Cresta,44.99,109.99,239.99,092091300367034912784611,12469,https://www.pricecharting.com/game/nes/terra-cresta 
Tetris,8.99,24.99,404.99,045496630539,9964,https://www.pricecharting.com/game/nes/tetris 
Tetris 2,4.99,19.99,224.99,045496630737,9966,https://www.pricecharting.com/game/nes/tetris-2 
The Adventures of Rocky and Bullwinkle and Friends,10.99,54.99,219.99,719575010108,8471,https://www.pricecharting.com/game/nes/the-adventures-of-rocky-and-bullwinkle-and-friends 
The Goonies II,7.99,49.99,2724.99,083717110064,12471,https://www.pricecharting.com/game/nes/the-goonies-ii 
The Guardian Legend,14.99,59.99,409.99,047956145409,12472,https://www.pricecharting.com/game/nes/the-guardian-legend 
The Jungle Book,34.99,89.99,369.99,052145800137,9990,https://www.pricecharting.com/game/nes/the-jungle-book 
The Karate Kid,7.99,54.99,1344.99,091199005150023582051512,12474,https://www.pricecharting.com/game/nes/the-karate-kid 
The Last Ninja,19.99,64.99,274.99,032264900154,12475,https://www.pricecharting.com/game/nes/the-last-ninja 
The Mafat Conspiracy,7.99,29.99,64.99,034912784642,12477,https://www.pricecharting.com/game/nes/the-mafat-conspiracy 
The Magic of Scheherazade,13.99,54.99,269.99,047743890048,12478,https://www.pricecharting.com/game/nes/the-magic-of-scheherazade 
The Punisher,19.99,104.99,489.99,023582051680,9997,https://www.pricecharting.com/game/nes/the-punisher 
The Rocketeer,8.99,39.99,134.99,045557073206,9677,https://www.pricecharting.com/game/nes/the-rocketeer 
The Simpsons Bart Meets Radioactive Man,ND,ND,ND,,,https://www.pricecharting.com/game/nes/the-simpsons-bart-meets-radioactive-man 
The Simpsons Bart vs the Space Mutants,9.99,49.99,324.99,021481105039,12479,https://www.pricecharting.com/game/nes/the-simpsons-bart-vs-the-space-mutants 
The Simpsons Bart vs the World,6.99,54.99,959.99,021481105053,12197,https://www.pricecharting.com/game/nes/the-simpsons-bart-vs-the-world 
The Three Stooges,8.99,39.99,109.99,047875700093,12480,https://www.pricecharting.com/game/nes/the-three-stooges 
The Uncanny X-Men,9.99,59.99,179.99,023582051611,12482,https://www.pricecharting.com/game/nes/the-uncanny-x-men 
Thomas the Tank Engine,ND,ND,ND,,,https://www.pricecharting.com/game/nes/thomas-the-tank-engine 
Thunder and Lightning,12.99,49.99,184.99,095474160107,12484,https://www.pricecharting.com/game/nes/thunder-and-lightning 
Thunderbirds,12.99,34.99,264.99,047875700031,12485,https://www.pricecharting.com/game/nes/thunderbirds 
Thundercade,7.99,29.99,134.99,039471885038,12486,https://www.pricecharting.com/game/nes/thundercade 
Tiger-Heli,3.99,19.99,199.99,021481102038,12487,https://www.pricecharting.com/game/nes/tiger-heli 
Tiles of Fate,12.99,29.99,84.99,021619110041,12488,https://www.pricecharting.com/game/nes/tiles-of-fate 
Time Lord,6.99,19.99,129.99,032244040931,12489,https://www.pricecharting.com/game/nes/time-lord 
Times of Lore,94.99,134.99,544.99,091521100041,10020,https://www.pricecharting.com/game/nes/times-of-lore 
Tiny Toon Adventures,11.99,54.99,219.99,083717110255,10021,https://www.pricecharting.com/game/nes/tiny-toon-adventures 
Tiny Toon Adventures 2 Trouble in Wackyland,14.99,59.99,244.99,083717110330,10022,https://www.pricecharting.com/game/nes/tiny-toon-adventures-2-trouble-in-wackyland 
Tiny Toon Adventures Cartoon Workshop,11.99,39.99,164.99,083717110309,10024,https://www.pricecharting.com/game/nes/tiny-toon-adventures-cartoon-workshop 
Toki,49.99,134.99,549.99,020588010406,12491,https://www.pricecharting.com/game/nes/toki 
Tom and Jerry,10.99,49.99,194.99,087855000331,10035,https://www.pricecharting.com/game/nes/tom-and-jerry 
Tombs and Treasure,19.99,104.99,334.99,047875700123,12492,https://www.pricecharting.com/game/nes/tombs-and-treasure 
Toobin',18.99,34.99,154.99,031763019121,12493,https://www.pricecharting.com/game/nes/toobin' 
Top Gun,3.99,29.99,274.99,083717110088,12494,https://www.pricecharting.com/game/nes/top-gun 
Top Gun The Second Mission,2.99,19.99,174.99,083717110163,10052,https://www.pricecharting.com/game/nes/top-gun-the-second-mission 
Top Loading Nintendo NES Console,129.99,214.99,624.99,813048014645,13883,https://www.pricecharting.com/game/nes/top-loading-nintendo-nes-console 
Top Players Tennis,4.99,13.99,89.99,096066890013,12495,https://www.pricecharting.com/game/nes/top-players-tennis 
Totally Rad,19.99,59.99,279.99,032264900185,12496,https://www.pricecharting.com/game/nes/totally-rad 
Total Recall,7.99,29.99,289.99,021481106043,10053,https://www.pricecharting.com/game/nes/total-recall 
To the Earth,4.99,24.99,119.99,045496630492,12490,https://www.pricecharting.com/game/nes/to-the-earth 
Touchdown Fever,11.99,34.99,144.99,018484245008,12497,https://www.pricecharting.com/game/nes/touchdown-fever 
Town & Country II: Thrilla's Surfari,17.99,104.99,424.99,023582051857,12483,https://www.pricecharting.com/game/nes/town-%26-country-ii-thrilla's-surfari 
Town & Country Surf Designs: Wood and Water Rage,4.99,44.99,284.99,023582051529,12461,https://www.pricecharting.com/game/nes/town-%26-country-surf-designs-wood-and-water-rage 
Toxic Crusaders,84.99,264.99,849.99,045557073305,10056,https://www.pricecharting.com/game/nes/toxic-crusaders 
Track and Field,4.99,29.99,124.99,083717110033,12498,https://www.pricecharting.com/game/nes/track-and-field 
Track and Field II,2.99,17.99,174.99,083717110125,12499,https://www.pricecharting.com/game/nes/track-and-field-ii 
Treasure Master,14.99,49.99,154.99,729627121027,10064,https://www.pricecharting.com/game/nes/treasure-master 
Trog,10.99,54.99,244.99,021481104025,10068,https://www.pricecharting.com/game/nes/trog 
Trojan,8.99,64.99,259.99,009119900737013388110049,12500,https://www.pricecharting.com/game/nes/trojan 
Trolls in Crazyland,119.99,469.99,1509.99,,10069,https://www.pricecharting.com/game/nes/trolls-in-crazyland 
Trolls on Treasure Island,24.99,44.99,3384.99,,12501,https://www.pricecharting.com/game/nes/trolls-on-treasure-island 
Twin Cobra,12.99,39.99,204.99,039471885045,12502,https://www.pricecharting.com/game/nes/twin-cobra 
Twin Eagle,9.99,19.99,94.99,095474100103,12503,https://www.pricecharting.com/game/nes/twin-eagle 
Uforia The Saga,94.99,169.99,544.99,,16293,https://www.pricecharting.com/game/nes/uforia-the-saga 
Ufouria,94.99,169.99,544.99,,16293,https://www.pricecharting.com/game/nes/ufouria 
Ultima Exodus,7.99,29.99,269.99,022909100049,12504,https://www.pricecharting.com/game/nes/ultima-exodus 
Ultima Quest of the Avatar,19.99,89.99,604.99,022909100117,12505,https://www.pricecharting.com/game/nes/ultima-quest-of-the-avatar 
Ultimate Air Combat,29.99,39.99,164.99,047875100169,10081,https://www.pricecharting.com/game/nes/ultimate-air-combat 
Ultimate Basketball,3.99,18.99,174.99,039471885083,12506,https://www.pricecharting.com/game/nes/ultimate-basketball 
Ultimate League Soccer,29.99,44.99,179.99,021619110089,12507,https://www.pricecharting.com/game/nes/ultimate-league-soccer 
Ultimate Stuntman,8.99,19.99,114.99,069667074007,12481,https://www.pricecharting.com/game/nes/ultimate-stuntman 
Ultima Warriors of Destiny,114.99,189.99,769.99,022909100148,10080,https://www.pricecharting.com/game/nes/ultima-warriors-of-destiny 
Uncharted Waters,69.99,139.99,559.99,040198000352,10090,https://www.pricecharting.com/game/nes/uncharted-waters 
Uninvited,64.99,189.99,774.99,044499000134,10091,https://www.pricecharting.com/game/nes/uninvited 
Untouchables,ND,ND,ND,,,https://www.pricecharting.com/game/nes/untouchables 
Urban Champion,9.99,244.99,979.99,045496630188074299009242,12012,https://www.pricecharting.com/game/nes/urban-champion 
Vegas Dream,2.99,11.99,89.99,040458233049,12508,https://www.pricecharting.com/game/nes/vegas-dream 
Venice Beach Volleyball,7.99,34.99,144.99,021619110126,12509,https://www.pricecharting.com/game/nes/venice-beach-volleyball 
Vice Project Doom,44.99,104.99,269.99,039471905118,12510,https://www.pricecharting.com/game/nes/vice-project-doom 
Videomation,7.99,24.99,164.99,719575010054,10105,https://www.pricecharting.com/game/nes/videomation 
Vindicators,6.99,24.99,54.99,031763061120,12511,https://www.pricecharting.com/game/nes/vindicators 
Volleyball,9.99,89.99,284.99,911990010453,12013,https://www.pricecharting.com/game/nes/volleyball 
Wacky Races,309.99,729.99,2919.99,730865200030,10132,https://www.pricecharting.com/game/nes/wacky-races 
Wall Street Kid,10.99,54.99,269.99,093295902012,10133,https://www.pricecharting.com/game/nes/wall-street-kid 
Wally Bear and the No Gang,44.99,119.99,419.99,021619110164,12513,https://www.pricecharting.com/game/nes/wally-bear-and-the-no-gang 
Wario's Woods,29.99,59.99,294.99,045496630751,10138,https://www.pricecharting.com/game/nes/wario's-woods 
Wayne Gretzky Hockey,7.99,29.99,399.99,719575010016,12514,https://www.pricecharting.com/game/nes/wayne-gretzky-hockey 
Wayne's World,259.99,604.99,2419.99,719575010122,10146,https://www.pricecharting.com/game/nes/wayne's-world 
WCW World Championship Wrestling,9.99,49.99,149.99,022909100087,12512,https://www.pricecharting.com/game/nes/wcw-world-championship-wrestling 
Werewolf,10.99,84.99,334.99,013252002197,12515,https://www.pricecharting.com/game/nes/werewolf 
Wheel of Fortune,3.99,10.99,18.99,043948510002,12517,https://www.pricecharting.com/game/nes/wheel-of-fortune 
Wheel of Fortune Family Edition,3.99,14.99,64.99,043948510026,12516,https://www.pricecharting.com/game/nes/wheel-of-fortune-family-edition 
Wheel of Fortune Featuring Vanna White,6.99,19.99,49.99,043948510040,10149,https://www.pricecharting.com/game/nes/wheel-of-fortune-featuring-vanna-white 
Wheel of Fortune Junior Edition,3.99,8.99,39.99,043948510019,12518,https://www.pricecharting.com/game/nes/wheel-of-fortune-junior-edition 
Where in Time is Carmen Sandiego,7.99,24.99,99.99,083717110231,10152,https://www.pricecharting.com/game/nes/where-in-time-is-carmen-sandiego 
Where's Waldo,7.99,29.99,249.99,719575010023,12519,https://www.pricecharting.com/game/nes/where's-waldo 
Who Framed Roger Rabbit,8.99,74.99,539.99,023582051574,12520,https://www.pricecharting.com/game/nes/who-framed-roger-rabbit 
Whomp 'Em,49.99,219.99,999.99,032264900192,12521,https://www.pricecharting.com/game/nes/whomp-'em 
Widget,54.99,169.99,369.99,730865200047,10154,https://www.pricecharting.com/game/nes/widget 
Wild Gunman,29.99,139.99,189.99,,12522,https://www.pricecharting.com/game/nes/wild-gunman 
Willow,15.99,49.99,334.99,013388110148,12523,https://www.pricecharting.com/game/nes/willow 
Win Lose or Draw,3.99,12.99,74.99,087855000300,12524,https://www.pricecharting.com/game/nes/win-lose-or-draw 
Winter Games,3.99,19.99,34.99,021481102021,12525,https://www.pricecharting.com/game/nes/winter-games 
Wizardry: Knight of Diamonds Second Scenario,34.99,79.99,179.99,093992010300,10166,https://www.pricecharting.com/game/nes/wizardry-knight-of-diamonds-second-scenario 
Wizardry Legacy of Llylgamyn Third Scenario,ND,ND,ND,,,https://www.pricecharting.com/game/nes/wizardry-legacy-of-llylgamyn-third-scenario 
Wizardry: Proving Grounds of the Mad Overlord,11.99,54.99,224.99,093992010256,19592,https://www.pricecharting.com/game/nes/wizardry-proving-grounds-of-the-mad-overlord 
Wizards and Warriors,7.99,44.99,239.99,021481102045,12528,https://www.pricecharting.com/game/nes/wizards-and-warriors 
Wizards and Warriors III Kuros Visions of Power,24.99,64.99,274.99,021481105046,10167,https://www.pricecharting.com/game/nes/wizards-and-warriors-iii-kuros-visions-of-power 
Wolverine,13.99,79.99,279.99,023582051826,10169,https://www.pricecharting.com/game/nes/wolverine 
World Champ,49.99,89.99,139.99,095474150108,10172,https://www.pricecharting.com/game/nes/world-champ 
World Class Track Meet,3.99,3.99,19.99,786309012684,12530,https://www.pricecharting.com/game/nes/world-class-track-meet 
World Games,5.99,19.99,144.99,032244048838,12532,https://www.pricecharting.com/game/nes/world-games 
Wrath of the Black Manta,4.99,24.99,154.99,020588010178,12533,https://www.pricecharting.com/game/nes/wrath-of-the-black-manta 
Wrecking Crew,14.99,169.99,249.99,074299009082,12014,https://www.pricecharting.com/game/nes/wrecking-crew 
Wurm Journey to the Center of the Earth,34.99,109.99,284.99,096066900019,10208,https://www.pricecharting.com/game/nes/wurm-journey-to-the-center-of-the-earth 
WWF King of the Ring,24.99,79.99,314.99,023582051901,10214,https://www.pricecharting.com/game/nes/wwf-king-of-the-ring 
WWF Wrestlemania,3.99,34.99,949.99,021481105015,10221,https://www.pricecharting.com/game/nes/wwf-wrestlemania 
WWF Wrestlemania Challenge,6.99,39.99,309.99,023582051819,13833,https://www.pricecharting.com/game/nes/wwf-wrestlemania-challenge 
WWF Wrestlemania Steel Cage Challenge,9.99,54.99,239.99,023582051864,10218,https://www.pricecharting.com/game/nes/wwf-wrestlemania-steel-cage-challenge 
Xenophobe,4.99,24.99,89.99,020763110037,12534,https://www.pricecharting.com/game/nes/xenophobe 
Xevious,3.99,19.99,139.99,045557873127045557081003,12015,https://www.pricecharting.com/game/nes/xevious 
Xexyz,10.99,49.99,214.99,039854000072,12535,https://www.pricecharting.com/game/nes/xexyz 
Yo Noid,14.99,79.99,224.99,013388110247,12536,https://www.pricecharting.com/game/nes/yo-noid 
Yoshi,7.99,24.99,319.99,045496630690,10228,https://www.pricecharting.com/game/nes/yoshi 
Yoshi's Cookie,7.99,24.99,179.99,045496630713,10229,https://www.pricecharting.com/game/nes/yoshi's-cookie 
Young Indiana Jones Chronicles,74.99,179.99,714.99,032264900260,10230,https://www.pricecharting.com/game/nes/young-indiana-jones-chronicles 
Zanac,18.99,89.99,149.99,022909100025,12016,https://www.pricecharting.com/game/nes/zanac 
Zapper Light Gun,11.99,74.99,314.99,085239004883,13716,https://www.pricecharting.com/game/nes/zapper-light-gun 
Zelda II The Adventure of Link,19.99,114.99,929.99,045496630331074299009891,10234,https://www.pricecharting.com/game/nes/zelda-ii-the-adventure-of-link 
Zelda Test Cartridge,6039.99,-.01,-.01,,20786,https://www.pricecharting.com/game/nes/zelda-test-cartridge 
Zen Intergalactic Ninja,119.99,314.99,1349.99,083717110347,10236,https://www.pricecharting.com/game/nes/zen-intergalactic-ninja 
Zombie Nation,549.99,934.99,3749.99,008433291019,10239,https://www.pricecharting.com/game/nes/zombie-nation 
