Dalmatians Puppies to the Rescue,2.99,9.99,19.99,047875800755,2733,https://www.pricecharting.com/game/gameboy-color/102-dalmatians-puppies-to-the-rescue 
10 Pin Bowling,19.99,49.99,84.99,096427011828,2732,https://www.pricecharting.com/game/gameboy-color/10-pin-bowling 
1942,34.99,124.99,199.99,013388240029,2734,https://www.pricecharting.com/game/gameboy-color/1942 
A Bug's Life,2.99,9.99,24.99,785138320304,2735,https://www.pricecharting.com/game/gameboy-color/a-bug's-life 
Action Man,6.99,19.99,29.99,785138320618,13262,https://www.pricecharting.com/game/gameboy-color/action-man 
AirForce Delta,8.99,34.99,54.99,083717140924,13265,https://www.pricecharting.com/game/gameboy-color/airforce-delta 
Aladdin,10.99,34.99,54.99,008888120162,2736,https://www.pricecharting.com/game/gameboy-color/aladdin 
Alice in Wonderland,14.99,24.99,79.99,045496730994,2738,https://www.pricecharting.com/game/gameboy-color/alice-in-wonderland 
Aliens Thanatos Encounter,29.99,54.99,69.99,785138320519,2739,https://www.pricecharting.com/game/gameboy-color/aliens-thanatos-encounter 
All-Star Baseball 2000,2.99,10.99,19.99,021481511755,2741,https://www.pricecharting.com/game/gameboy-color/all-star-baseball-2000 
All-Star Baseball 2001,2.99,6.99,19.99,021481512028,2742,https://www.pricecharting.com/game/gameboy-color/all-star-baseball-2001 
Alone In The Dark The New Nightmare,24.99,34.99,59.99,020295020460,8503,https://www.pricecharting.com/game/gameboy-color/alone-in-the-dark-the-new-nightmare 
Animorphs,7.99,19.99,34.99,008888120117,2744,https://www.pricecharting.com/game/gameboy-color/animorphs 
Antz,1.99,9.99,12.99,020295020262,8513,https://www.pricecharting.com/game/gameboy-color/antz 
Antz Racing,2.99,13.99,24.99,021481512844,2745,https://www.pricecharting.com/game/gameboy-color/antz-racing 
Arcade Hits Moon Patrol and Spy Hunter,11.99,12.99,19.99,031719198146,2748,https://www.pricecharting.com/game/gameboy-color/arcade-hits-moon-patrol-and-spy-hunter 
Armada FX Racers,3.99,15.99,24.99,650001111153,2749,https://www.pricecharting.com/game/gameboy-color/armada-fx-racers 
Armorines Project SWARM,2.99,10.99,17.99,021481511885,13270,https://www.pricecharting.com/game/gameboy-color/armorines-project-swarm 
Army Men,4.99,14.99,24.99,790561505822,2750,https://www.pricecharting.com/game/gameboy-color/army-men 
Army Men 2,2.99,12.99,19.99,790561509318,2751,https://www.pricecharting.com/game/gameboy-color/army-men-2 
Army Men Air Combat,3.99,8.99,29.99,790561508717,13271,https://www.pricecharting.com/game/gameboy-color/army-men-air-combat 
Army Men Sarge's Heroes 2,4.99,9.99,29.99,790561509110,13272,https://www.pricecharting.com/game/gameboy-color/army-men-sarge's-heroes-2 
Arthur's Absolutely Fun Day,3.99,18.99,29.99,772040803216,13196,https://www.pricecharting.com/game/gameboy-color/arthur's-absolutely-fun-day 
Asteroids,3.99,9.99,18.99,047875107526,2752,https://www.pricecharting.com/game/gameboy-color/asteroids 
Atlantis the Lost Empire,3.99,12.99,24.99,785138320687,13339,https://www.pricecharting.com/game/gameboy-color/atlantis-the-lost-empire 
Austin Powers Oh Behave,6.99,19.99,24.99,710425250484,13274,https://www.pricecharting.com/game/gameboy-color/austin-powers-oh-behave 
Austin Powers Welcome to my Underground Lair,3.99,18.99,19.99,710425250491,2753,https://www.pricecharting.com/game/gameboy-color/austin-powers-welcome-to-my-underground-lair 
Babe and Friends,1.99,7.99,13.99,650008699098,13275,https://www.pricecharting.com/game/gameboy-color/babe-and-friends 
Ballistic,2.99,4.99,19.99,020295020347,2756,https://www.pricecharting.com/game/gameboy-color/ballistic 
Barbie Fashion Pack,1.99,4.99,10.99,074299263385,13282,https://www.pricecharting.com/game/gameboy-color/barbie-fashion-pack 
Barbie Magic Genie Adventure,3.99,11.99,19.99,774299408488074299408489,2757,https://www.pricecharting.com/game/gameboy-color/barbie-magic-genie-adventure 
Barbie Ocean Discovery,2.99,8.99,14.99,074299229916,2758,https://www.pricecharting.com/game/gameboy-color/barbie-ocean-discovery 
Barbie Pet Rescue,2.99,9.99,18.99,074299263422,11968,https://www.pricecharting.com/game/gameboy-color/barbie-pet-rescue 
Bassmasters Classic,2.99,8.99,14.99,785138320403,13287,https://www.pricecharting.com/game/gameboy-color/bassmasters-classic 
Batman: Return of the Joker,ND,ND,ND,,,https://www.pricecharting.com/game/gameboy-color/batman-return-of-the-joker 
Batman Total Chaos in Gotham City,ND,ND,ND,,,https://www.pricecharting.com/game/gameboy-color/batman-total-chaos-in-gotham-city 
Battleship,2.99,10.99,18.99,096427011736,2762,https://www.pricecharting.com/game/gameboy-color/battleship 
Battletanx,3.99,11.99,19.99,790561505624,2763,https://www.pricecharting.com/game/gameboy-color/battletanx 
Beauty and the Beast A Board Game Adventure,3.99,10.99,24.99,045496730987,2765,https://www.pricecharting.com/game/gameboy-color/beauty-and-the-beast-a-board-game-adventure 
Berry Game Boy Color,ND,ND,ND,,,https://www.pricecharting.com/game/gameboy-color/berry-game-boy-color 
Billy Bobs Huntin-n-Fishin,2.99,8.99,15.99,031719199747,2766,https://www.pricecharting.com/game/gameboy-color/billy-bobs-huntin-n-fishin 
Bionic Commando Elite Forces,15.99,34.99,54.99,045496731069,13294,https://www.pricecharting.com/game/gameboy-color/bionic-commando-elite-forces 
Blade,18.99,59.99,79.99,047875800052,2768,https://www.pricecharting.com/game/gameboy-color/blade 
Blades of Steel 99,7.99,8.99,14.99,083717140245,13297,https://www.pricecharting.com/game/gameboy-color/blades-of-steel-99 
Blaster Master Enemy Below,34.99,89.99,269.99,020763110570,2769,https://www.pricecharting.com/game/gameboy-color/blaster-master-enemy-below 
Blue's Clues Blue's Alphabet Book,3.99,19.99,24.99,074299280610,13300,https://www.pricecharting.com/game/gameboy-color/blue's-clues-blue's-alphabet-book 
Bob the Builder Fix it Fun,2.99,5.99,12.99,785138320960,13303,https://www.pricecharting.com/game/gameboy-color/bob-the-builder-fix-it-fun 
Bomberman Max Blue Champion,12.99,24.99,99.99,681313062550,13305,https://www.pricecharting.com/game/gameboy-color/bomberman-max-blue-champion 
Bomberman Max Red Challenger,8.99,34.99,54.99,681313062567,13306,https://www.pricecharting.com/game/gameboy-color/bomberman-max-red-challenger 
Bomberman Pocket,10.99,34.99,54.99,045496730765,2773,https://www.pricecharting.com/game/gameboy-color/bomberman-pocket 
Bomberman Quest,89.99,324.99,1364.99,099451214982,2774,https://www.pricecharting.com/game/gameboy-color/bomberman-quest 
Buffy the Vampire Slayer,14.99,24.99,44.99,785138320632,13317,https://www.pricecharting.com/game/gameboy-color/buffy-the-vampire-slayer 
Buzz Lightyear of Star Command,3.99,19.99,34.99,047875122482,13320,https://www.pricecharting.com/game/gameboy-color/buzz-lightyear-of-star-command 
Caesar's Palace 2,2.99,9.99,12.99,040421002092,2781,https://www.pricecharting.com/game/gameboy-color/caesar's-palace-2 
Cannon Fodder,19.99,34.99,54.99,767649400133,2782,https://www.pricecharting.com/game/gameboy-color/cannon-fodder 
Carmageddon,3.99,14.99,34.99,091493444006,2783,https://www.pricecharting.com/game/gameboy-color/carmageddon 
Casper,7.99,34.99,59.99,040421006434,11969,https://www.pricecharting.com/game/gameboy-color/casper 
Catwoman,7.99,24.99,39.99,681313062444,2787,https://www.pricecharting.com/game/gameboy-color/catwoman 
Centipede,6.99,12.99,15.99,096427011668,2789,https://www.pricecharting.com/game/gameboy-color/centipede 
Championship Motocross 2001,2.99,19.99,29.99,785138320526,2790,https://www.pricecharting.com/game/gameboy-color/championship-motocross-2001 
Chase HQ Secret Police,9.99,14.99,24.99,650001111115,2791,https://www.pricecharting.com/game/gameboy-color/chase-hq-secret-police 
Chessmaster,7.99,17.99,24.99,016685034643,2792,https://www.pricecharting.com/game/gameboy-color/chessmaster 
Chicken Run,4.99,19.99,29.99,785138320656,13325,https://www.pricecharting.com/game/gameboy-color/chicken-run 
Classic Bubble Bobble,19.99,84.99,644.99,650001111122,2776,https://www.pricecharting.com/game/gameboy-color/classic-bubble-bobble 
Commander Keen,13.99,34.99,64.99,047875800335,2793,https://www.pricecharting.com/game/gameboy-color/commander-keen 
Conker's Pocket Tales,13.99,69.99,199.99,045496730772,2794,https://www.pricecharting.com/game/gameboy-color/conker's-pocket-tales 
Crazy Castle 3,ND,ND,ND,,,https://www.pricecharting.com/game/gameboy-color/crazy-castle-3 
Crazy Castle 4,ND,ND,ND,,,https://www.pricecharting.com/game/gameboy-color/crazy-castle-4 
Croc 2,2.99,19.99,79.99,785138320557,10742,https://www.pricecharting.com/game/gameboy-color/croc-2 
Cruis'n Exotica,9.99,69.99,69.99,031719198436,2800,https://www.pricecharting.com/game/gameboy-color/cruis'n-exotica 
Crystalis,29.99,84.99,139.99,045496731052,2801,https://www.pricecharting.com/game/gameboy-color/crystalis 
Cubix Robots for Everyone Race N Robots,2.99,7.99,19.99,790561525110,10938,https://www.pricecharting.com/game/gameboy-color/cubix-robots-for-everyone-race-n-robots 
CyberTiger,3.99,10.99,29.99,014633141627,2803,https://www.pricecharting.com/game/gameboy-color/cybertiger 
Daffy Duck Fowl Play,10.99,44.99,69.99,020763110556,2804,https://www.pricecharting.com/game/gameboy-color/daffy-duck-fowl-play 
Dave Mirra Freestyle BMX,2.99,8.99,18.99,021481512110,2805,https://www.pricecharting.com/game/gameboy-color/dave-mirra-freestyle-bmx 
Deer Hunter,6.99,7.99,11.99,681313062314,2806,https://www.pricecharting.com/game/gameboy-color/deer-hunter 
Deja Vu I and II,24.99,44.99,74.99,681313062437,2807,https://www.pricecharting.com/game/gameboy-color/deja-vu-i-and-ii 
Denki Blocks,ND,ND,ND,,,https://www.pricecharting.com/game/gameboy-color/denki-blocks 
Dexter's Laboratory Robot Rampage,2.99,34.99,79.99,682384310014,2810,https://www.pricecharting.com/game/gameboy-color/dexter's-laboratory-robot-rampage 
Disney Magical Racing Tour,ND,ND,ND,,,https://www.pricecharting.com/game/gameboy-color/disney-magical-racing-tour 
Disney's Dinosaur,1.99,8.99,14.99,008888120087,2812,https://www.pricecharting.com/game/gameboy-color/disney's-dinosaur 
Diva Starz Mall Mania,2.99,7.99,11.99,020626712798,13344,https://www.pricecharting.com/game/gameboy-color/diva-starz-mall-mania 
Dogz,3.99,9.99,14.99,016685034759,2813,https://www.pricecharting.com/game/gameboy-color/dogz 
Donald Duck Going Quackers,6.99,12.99,54.99,008888120179,2814,https://www.pricecharting.com/game/gameboy-color/donald-duck-going-quackers 
Donkey Kong Country,12.99,39.99,219.99,045496731182,2816,https://www.pricecharting.com/game/gameboy-color/donkey-kong-country 
Doug's Big Game,6.99,19.99,29.99,661204720011,2821,https://www.pricecharting.com/game/gameboy-color/doug's-big-game 
Dracula Crazy Vampire,18.99,34.99,49.99,625904333704,2823,https://www.pricecharting.com/game/gameboy-color/dracula-crazy-vampire 
Dragon Ball Z Legendary Super Warriors,13.99,34.99,64.99,722242519545,2825,https://www.pricecharting.com/game/gameboy-color/dragon-ball-z-legendary-super-warriors 
Dragon Dance,11.99,29.99,49.99,650008699128,2826,https://www.pricecharting.com/game/gameboy-color/dragon-dance 
Dragon's Lair,19.99,34.99,99.99,013388240081,2833,https://www.pricecharting.com/game/gameboy-color/dragon's-lair 
Dragon Tales Dragon Adventures,2.99,11.99,19.99,661204032022,13350,https://www.pricecharting.com/game/gameboy-color/dragon-tales-dragon-adventures 
Dragon Warrior I and II,34.99,144.99,209.99,695981100025,2829,https://www.pricecharting.com/game/gameboy-color/dragon-warrior-i-and-ii 
Dragon Warrior III,44.99,129.99,339.99,695981100063,2830,https://www.pricecharting.com/game/gameboy-color/dragon-warrior-iii 
Dragon Warrior Monsters,24.99,114.99,199.99,788687450447,2831,https://www.pricecharting.com/game/gameboy-color/dragon-warrior-monsters 
Dragon Warrior Monsters 2 Cobi's Journey,39.99,139.99,169.99,695981100070,2832,https://www.pricecharting.com/game/gameboy-color/dragon-warrior-monsters-2-cobi's-journey 
Dragon Warrior Monsters 2 Tara's Adventure,39.99,154.99,289.99,695981100087,13351,https://www.pricecharting.com/game/gameboy-color/dragon-warrior-monsters-2-tara's-adventure 
Driver,6.99,24.99,69.99,742725207097,2834,https://www.pricecharting.com/game/gameboy-color/driver 
Duke Nukem,14.99,34.99,59.99,742725179127,2837,https://www.pricecharting.com/game/gameboy-color/duke-nukem 
Earthworm Jim Menace 2 Galaxy,11.99,54.99,119.99,650008699050,2838,https://www.pricecharting.com/game/gameboy-color/earthworm-jim-menace-2-galaxy 
ECW Hardcore Revolution,3.99,24.99,29.99,021481512035,13355,https://www.pricecharting.com/game/gameboy-color/ecw-hardcore-revolution 
Emperor's New Groove,3.99,24.99,39.99,008888120278,13343,https://www.pricecharting.com/game/gameboy-color/emperor's-new-groove 
ESPN International Track and Field,2.99,3.99,18.99,083717140962,2839,https://www.pricecharting.com/game/gameboy-color/espn-international-track-and-field 
ESPN National Hockey Night,7.99,13.99,34.99,083717140948,13356,https://www.pricecharting.com/game/gameboy-color/espn-national-hockey-night 
ET and the Cosmic Garden,ND,ND,ND,,,https://www.pricecharting.com/game/gameboy-color/et-and-the-cosmic-garden 
E.T. Digital Companion,3.99,3.99,12.99,661204012031,14826,https://www.pricecharting.com/game/gameboy-color/et-digital-companion 
ET The Extraterrestrial Escape from Planet Earth,3.99,8.99,24.99,661204012024,13353,https://www.pricecharting.com/game/gameboy-color/et-the-extraterrestrial-escape-from-planet-earth 
Evel Knievel,7.99,24.99,39.99,710425250453,2840,https://www.pricecharting.com/game/gameboy-color/evel-knievel 
Extreme Sports with The Berenstain Bears,6.99,39.99,64.99,739069602572,2841,https://www.pricecharting.com/game/gameboy-color/extreme-sports-with-the-berenstain-bears 
F-18 Thunder Strike,1.99,11.99,19.99,096427011965,2842,https://www.pricecharting.com/game/gameboy-color/f-18-thunder-strike 
F-1 World Grand Prix II,ND,ND,ND,,,https://www.pricecharting.com/game/gameboy-color/f-1-world-grand-prix-ii 
FIFA 2000,7.99,29.99,49.99,785138320366,2843,https://www.pricecharting.com/game/gameboy-color/fifa-2000 
Force 21,2.99,6.99,18.99,646227800391,13367,https://www.pricecharting.com/game/gameboy-color/force-21 
Formula One 2000,14.99,34.99,54.99,710425250743,21079,https://www.pricecharting.com/game/gameboy-color/formula-one-2000 
Frogger,4.99,12.99,39.99,096427011682,2848,https://www.pricecharting.com/game/gameboy-color/frogger 
Frogger 2,2.99,7.99,39.99,096427012283,2849,https://www.pricecharting.com/game/gameboy-color/frogger-2 
Galaga Destination Earth,11.99,24.99,34.99,096427012276,2850,https://www.pricecharting.com/game/gameboy-color/galaga-destination-earth 
Game and Watch Gallery 2,6.99,29.99,49.99,045496730703,2852,https://www.pricecharting.com/game/gameboy-color/game-and-watch-gallery-2 
Game and Watch Gallery 3,7.99,24.99,44.99,045496731021,2853,https://www.pricecharting.com/game/gameboy-color/game-and-watch-gallery-3 
Gameboy Color Pokemon Crystal Bundle,ND,ND,ND,,,https://www.pricecharting.com/game/gameboy-color/gameboy-color-pokemon-crystal-bundle 
Gameboy Color System,ND,ND,ND,,,https://www.pricecharting.com/game/gameboy-color/gameboy-color-system 
Gameshark,34.99,79.99,129.99,741948009242,2855,https://www.pricecharting.com/game/gameboy-color/gameshark 
Gex 3: Deep Cover Gecko,3.99,8.99,49.99,788687450249,13372,https://www.pricecharting.com/game/gameboy-color/gex-3-deep-cover-gecko 
Gex Enter the Gecko,3.99,18.99,49.99,650008698046,2858,https://www.pricecharting.com/game/gameboy-color/gex-enter-the-gecko 
Ghosts 'n Goblins,69.99,274.99,439.99,013388240036,2859,https://www.pricecharting.com/game/gameboy-color/ghosts-'n-goblins 
Gobs of Games,3.99,11.99,34.99,790561509417,2861,https://www.pricecharting.com/game/gameboy-color/gobs-of-games 
Godzilla Monster Wars,9.99,34.99,49.99,650008699142,2863,https://www.pricecharting.com/game/gameboy-color/godzilla-monster-wars 
Godzilla The Series,7.99,29.99,44.99,650008699067,2864,https://www.pricecharting.com/game/gameboy-color/godzilla-the-series 
Grand Theft Auto,19.99,29.99,239.99,710425250460,2867,https://www.pricecharting.com/game/gameboy-color/grand-theft-auto 
Grand Theft Auto 2,29.99,39.99,139.99,710425250750,2868,https://www.pricecharting.com/game/gameboy-color/grand-theft-auto-2 
Green Game Boy Color,ND,ND,ND,,,https://www.pricecharting.com/game/gameboy-color/green-game-boy-color 
Hamtaro Ham-Hams Unite!,19.99,59.99,89.99,045496731854,2870,https://www.pricecharting.com/game/gameboy-color/hamtaro-ham-hams-unite 
Hands of Time,24.99,44.99,74.99,091493444402,2871,https://www.pricecharting.com/game/gameboy-color/hands-of-time 
Harley Davidson Race Across America,7.99,13.99,24.99,722242517756,2872,https://www.pricecharting.com/game/gameboy-color/harley-davidson-race-across-america 
Harry Potter,7.99,19.99,39.99,,14105,https://www.pricecharting.com/game/gameboy-color/harry-potter 
Harry Potter Chamber of Secrets,8.99,18.99,49.99,014633145533,2873,https://www.pricecharting.com/game/gameboy-color/harry-potter-chamber-of-secrets 
Harry Potter Sorcerers Stone,8.99,29.99,64.99,014633143461,2874,https://www.pricecharting.com/game/gameboy-color/harry-potter-sorcerers-stone 
Harvest Moon,29.99,69.99,129.99,719593020097,2875,https://www.pricecharting.com/game/gameboy-color/harvest-moon 
Harvest Moon 2,34.99,84.99,214.99,719593020141,2876,https://www.pricecharting.com/game/gameboy-color/harvest-moon-2 
Harvest Moon 3,39.99,104.99,164.99,719593020196,2877,https://www.pricecharting.com/game/gameboy-color/harvest-moon-3 
Hello Kitty's Cube Frenzy,5.99,10.99,18.99,661204320020,2878,https://www.pricecharting.com/game/gameboy-color/hello-kitty's-cube-frenzy 
Heroes of Might and Magic,11.99,44.99,74.99,790561505921,2879,https://www.pricecharting.com/game/gameboy-color/heroes-of-might-and-magic 
Heroes of Might and Magic 2,34.99,89.99,144.99,790561507918,2880,https://www.pricecharting.com/game/gameboy-color/heroes-of-might-and-magic-2 
Hexcite,3.99,14.99,24.99,008888120049,13379,https://www.pricecharting.com/game/gameboy-color/hexcite 
Hole in One Golf,10.99,11.99,29.99,719593020103,2881,https://www.pricecharting.com/game/gameboy-color/hole-in-one-golf 
Hoyle Card Games,3.99,10.99,18.99,020626710749,2884,https://www.pricecharting.com/game/gameboy-color/hoyle-card-games 
Indiana Jones Infernal Machine,13.99,49.99,84.99,785138320724,13840,https://www.pricecharting.com/game/gameboy-color/indiana-jones-infernal-machine 
Inspector Gadget,11.99,99.99,154.99,008888120124,2886,https://www.pricecharting.com/game/gameboy-color/inspector-gadget 
International Rally,18.99,64.99,104.99,083717140252,20092,https://www.pricecharting.com/game/gameboy-color/international-rally 
International Superstar Soccer 2000,7.99,15.99,19.99,083717141037,13392,https://www.pricecharting.com/game/gameboy-color/international-superstar-soccer-2000 
International Superstar Soccer 99,29.99,44.99,74.99,083717140283,13391,https://www.pricecharting.com/game/gameboy-color/international-superstar-soccer-99 
International Track & Field,2.99,8.99,14.99,083717140306,13393,https://www.pricecharting.com/game/gameboy-color/international-track-%26-field 
Jeff Gordon XS Racing,1.99,7.99,12.99,729627220218,2889,https://www.pricecharting.com/game/gameboy-color/jeff-gordon-xs-racing 
Jeremy McGrath SuperCross 2000,2.99,5.99,9.99,021481511762,13401,https://www.pricecharting.com/game/gameboy-color/jeremy-mcgrath-supercross-2000 
Jim Henson's Bear in the Big Blue House,3.99,8.99,14.99,008888120308,13402,https://www.pricecharting.com/game/gameboy-color/jim-henson's-bear-in-the-big-blue-house 
Jim Henson's Muppets,2.99,9.99,19.99,710425250477,2891,https://www.pricecharting.com/game/gameboy-color/jim-henson's-muppets 
Joust and Defender,ND,ND,ND,,,https://www.pricecharting.com/game/gameboy-color/joust-and-defender 
Jumpstart Dino Adventure Field Trip,3.99,11.99,19.99,020626712361,13410,https://www.pricecharting.com/game/gameboy-color/jumpstart-dino-adventure-field-trip 
Ken Griffey Jr Slugfest,ND,ND,ND,,,https://www.pricecharting.com/game/gameboy-color/ken-griffey-jr-slugfest 
Kirby Tilt and Tumble,54.99,174.99,279.99,045496731250,2900,https://www.pricecharting.com/game/gameboy-color/kirby-tilt-and-tumble 
Klax,3.99,8.99,19.99,031719199020,2902,https://www.pricecharting.com/game/gameboy-color/klax 
Klustar,4.99,12.99,14.99,020295020200,13421,https://www.pricecharting.com/game/gameboy-color/klustar 
Knockout Kings,3.99,6.99,19.99,014633140637,13423,https://www.pricecharting.com/game/gameboy-color/knockout-kings 
Las Vegas Cool Hand,3.99,3.99,11.99,710425250224,2904,https://www.pricecharting.com/game/gameboy-color/las-vegas-cool-hand 
Legend of the River King,54.99,109.99,164.99,719593020073,2906,https://www.pricecharting.com/game/gameboy-color/legend-of-the-river-king 
Legend of the River King 2,44.99,114.99,184.99,719593020134,2907,https://www.pricecharting.com/game/gameboy-color/legend-of-the-river-king-2 
LEGO Alpha Team,2.99,11.99,19.99,663338009475,13426,https://www.pricecharting.com/game/gameboy-color/lego-alpha-team 
LEGO Island 2,4.99,12.99,29.99,663338012765,2908,https://www.pricecharting.com/game/gameboy-color/lego-island-2 
LEGO Racers,6.99,19.99,34.99,663338008683,10449,https://www.pricecharting.com/game/gameboy-color/lego-racers 
LEGO Stunt Rally,2.99,9.99,18.99,663338009260,2909,https://www.pricecharting.com/game/gameboy-color/lego-stunt-rally 
Lemmings,9.99,29.99,49.99,710425250668,2910,https://www.pricecharting.com/game/gameboy-color/lemmings 
Lil Monster,15.99,124.99,199.99,093992039301,13433,https://www.pricecharting.com/game/gameboy-color/lil-monster 
Little Mermaid 2 Pinball Frenzy,9.99,18.99,29.99,045496731236,2912,https://www.pricecharting.com/game/gameboy-color/little-mermaid-2-pinball-frenzy 
Little Nicky,19.99,159.99,254.99,008888120230,13434,https://www.pricecharting.com/game/gameboy-color/little-nicky 
Logical,3.99,13.99,24.99,020763102179,13436,https://www.pricecharting.com/game/gameboy-color/logical 
Looney Tunes,8.99,15.99,159.99,020763110549,2913,https://www.pricecharting.com/game/gameboy-color/looney-tunes 
Looney Tunes Carrot Crazy,3.99,29.99,29.99,020295020231,2914,https://www.pricecharting.com/game/gameboy-color/looney-tunes-carrot-crazy 
Looney Tunes Collector Alert!,7.99,24.99,64.99,020295020378,2915,https://www.pricecharting.com/game/gameboy-color/looney-tunes-collector-alert 
Looney Tunes Marvin Stikes Back,9.99,39.99,94.99,020295020408,2916,https://www.pricecharting.com/game/gameboy-color/looney-tunes-marvin-stikes-back 
Looney Tunes Racing,6.99,15.99,64.99,020295020477,2917,https://www.pricecharting.com/game/gameboy-color/looney-tunes-racing 
Looney Tunes Twouble,2.99,19.99,49.99,020295020194,2918,https://www.pricecharting.com/game/gameboy-color/looney-tunes-twouble 
Lucky Luke,10.99,24.99,39.99,020295020255,2920,https://www.pricecharting.com/game/gameboy-color/lucky-luke 
Lufia The Legend Returns,59.99,169.99,269.99,719593020172,2921,https://www.pricecharting.com/game/gameboy-color/lufia-the-legend-returns 
Madden 2000,2.99,7.99,10.99,785138320359,13440,https://www.pricecharting.com/game/gameboy-color/madden-2000 
Madden 2001,2.99,8.99,19.99,014633142495,13441,https://www.pricecharting.com/game/gameboy-color/madden-2001 
Madden 2002,2.99,2.99,15.99,014633143508,2922,https://www.pricecharting.com/game/gameboy-color/madden-2002 
Magical Drop,19.99,54.99,94.99,682433010001,13442,https://www.pricecharting.com/game/gameboy-color/magical-drop 
Magical Tetris Challenge,10.99,29.99,49.99,013388240012,2923,https://www.pricecharting.com/game/gameboy-color/magical-tetris-challenge 
Magi-Nation,9.99,34.99,54.99,802762090028,13113,https://www.pricecharting.com/game/gameboy-color/magi-nation 
Marble Madness,7.99,11.99,19.99,031719198245,2925,https://www.pricecharting.com/game/gameboy-color/marble-madness 
Mario Golf,19.99,49.99,94.99,045496730963,2926,https://www.pricecharting.com/game/gameboy-color/mario-golf 
Mario Tennis,17.99,49.99,99.99,045496731298,2927,https://www.pricecharting.com/game/gameboy-color/mario-tennis 
Mary-Kate and Ashley Crush Course,1.99,4.99,11.99,021481512752,13446,https://www.pricecharting.com/game/gameboy-color/mary-kate-and-ashley-crush-course 
Mary-Kate and Ashley Get a Clue,2.99,4.99,9.99,021481512356,10383,https://www.pricecharting.com/game/gameboy-color/mary-kate-and-ashley-get-a-clue 
Mary-Kate and Ashley New Adventures,ND,ND,ND,,,https://www.pricecharting.com/game/gameboy-color/mary-kate-and-ashley-new-adventures 
Mary-Kate and Ashley Pocket Planner,1.99,6.99,9.99,021481512523,2928,https://www.pricecharting.com/game/gameboy-color/mary-kate-and-ashley-pocket-planner 
Mary-Kate and Ashley Winner's Circle,1.99,2.99,6.99,021481512530,13447,https://www.pricecharting.com/game/gameboy-color/mary-kate-and-ashley-winner's-circle 
Mask of Zorro,2.99,19.99,39.99,020763120197,13448,https://www.pricecharting.com/game/gameboy-color/mask-of-zorro 
Matchbox Caterpillar Construction Zone,3.99,14.99,24.99,074299255236,2929,https://www.pricecharting.com/game/gameboy-color/matchbox-caterpillar-construction-zone 
Matchbox Emergency Patrol,1.99,12.99,224.99,074299403231,2930,https://www.pricecharting.com/game/gameboy-color/matchbox-emergency-patrol 
Mat Hoffman's Pro BMX,3.99,7.99,15.99,047875122420,14564,https://www.pricecharting.com/game/gameboy-color/mat-hoffman's-pro-bmx 
Mega Man Xtreme,24.99,89.99,154.99,013388240067,2933,https://www.pricecharting.com/game/gameboy-color/mega-man-xtreme 
Mega Man Xtreme 2,24.99,129.99,304.99,013388240111,2934,https://www.pricecharting.com/game/gameboy-color/mega-man-xtreme-2 
Men in Black the Series,2.99,6.99,24.99,650008698060,2935,https://www.pricecharting.com/game/gameboy-color/men-in-black-the-series 
Men in Black the Series 2,2.99,7.99,34.99,650008699111,2936,https://www.pricecharting.com/game/gameboy-color/men-in-black-the-series-2 
Metal Gear Solid,119.99,314.99,469.99,083717140733,2937,https://www.pricecharting.com/game/gameboy-color/metal-gear-solid 
Metal Walker,39.99,119.99,164.99,013388240074,13524,https://www.pricecharting.com/game/gameboy-color/metal-walker 
Mia Hamm Soccer Shootout,1.99,6.99,39.99,612561167438,13525,https://www.pricecharting.com/game/gameboy-color/mia-hamm-soccer-shootout 
Mickey's Racing Adventure,3.99,12.99,19.99,045496731014,2941,https://www.pricecharting.com/game/gameboy-color/mickey's-racing-adventure 
Mickey's Speedway,ND,ND,ND,,,https://www.pricecharting.com/game/gameboy-color/mickey's-speedway 
Micro Machines I and II Twin Turbo,ND,ND,ND,,,https://www.pricecharting.com/game/gameboy-color/micro-machines-i-and-ii-twin-turbo 
Micro Machines V3,4.99,19.99,29.99,785138320427,13528,https://www.pricecharting.com/game/gameboy-color/micro-machines-v3 
Microsoft Pinball Arcade,24.99,44.99,74.99,682433010025,13529,https://www.pricecharting.com/game/gameboy-color/microsoft-pinball-arcade 
Microsoft Puzzle Collection Entertainment Pack,ND,ND,ND,,3171149,https://www.pricecharting.com/game/gameboy-color/microsoft-puzzle-collection-entertainment-pack 
Microsoft: The Best of Entertainment Pack,9.99,19.99,34.99,,1341837,https://www.pricecharting.com/game/gameboy-color/microsoft-the-best-of-entertainment-pack 
Missile Command,6.99,13.99,19.99,096427011910,2946,https://www.pricecharting.com/game/gameboy-color/missile-command 
Mission Impossible,9.99,18.99,24.99,020295020217,2945,https://www.pricecharting.com/game/gameboy-color/mission-impossible 
M&M's Mini Madness,3.99,19.99,34.99,096427012153,2924,https://www.pricecharting.com/game/gameboy-color/m%26m's-mini-madness 
Monopoly,4.99,18.99,29.99,096427011729,38389,https://www.pricecharting.com/game/gameboy-color/monopoly 
Monster Rancher Battle Card,6.99,24.99,44.99,018946010144,2949,https://www.pricecharting.com/game/gameboy-color/monster-rancher-battle-card 
Monster Rancher Explorer,7.99,19.99,99.99,018946010168,13534,https://www.pricecharting.com/game/gameboy-color/monster-rancher-explorer 
Monsters Inc,1.99,11.99,15.99,785138320892,2950,https://www.pricecharting.com/game/gameboy-color/monsters-inc 
Montezumas Return,6.99,14.99,24.99,710425250217,7394,https://www.pricecharting.com/game/gameboy-color/montezumas-return 
Mortal Kombat 4,17.99,44.99,99.99,031719198108,2952,https://www.pricecharting.com/game/gameboy-color/mortal-kombat-4 
Motocross Maniacs 2,15.99,69.99,84.99,083717140320,2955,https://www.pricecharting.com/game/gameboy-color/motocross-maniacs-2 
Mr. Driller,29.99,69.99,114.99,722674020954,2956,https://www.pricecharting.com/game/gameboy-color/mr-driller 
Mr Nutz,13.99,39.99,94.99,020295020354,10596,https://www.pricecharting.com/game/gameboy-color/mr-nutz 
Ms. Pac-Man Special Color Edition,3.99,12.99,34.99,722674020879,2958,https://www.pricecharting.com/game/gameboy-color/ms-pac-man-special-color-edition 
MTV Sports Pure Ride,ND,ND,ND,,,https://www.pricecharting.com/game/gameboy-color/mtv-sports-pure-ride 
MTV Sports Skateboarding Featuring Andy MacDonald,ND,ND,ND,,,https://www.pricecharting.com/game/gameboy-color/mtv-sports-skateboarding-featuring-andy-macdonald 
MTV Sports TJ Lavin's Ultimate BMX,ND,ND,ND,,,https://www.pricecharting.com/game/gameboy-color/mtv-sports-tj-lavin's-ultimate-bmx 
Mulan,ND,ND,ND,,,https://www.pricecharting.com/game/gameboy-color/mulan 
NASCAR 2000,3.99,8.99,34.99,785138320465,2959,https://www.pricecharting.com/game/gameboy-color/nascar-2000 
NASCAR Challenge,4.99,7.99,13.99,096427011934,2960,https://www.pricecharting.com/game/gameboy-color/nascar-challenge 
NASCAR Heat,3.99,9.99,14.99,096427012290,2961,https://www.pricecharting.com/game/gameboy-color/nascar-heat 
NASCAR Racers,2.99,12.99,19.99,096427012177,2962,https://www.pricecharting.com/game/gameboy-color/nascar-racers 
NBA Hoopz,7.99,29.99,44.99,031719198467,13545,https://www.pricecharting.com/game/gameboy-color/nba-hoopz 
NBA In The Zone 2000,10.99,19.99,54.99,083717140405,2963,https://www.pricecharting.com/game/gameboy-color/nba-in-the-zone-2000 
NBA in the Zone 99,1.99,3.99,8.99,083717140238,13546,https://www.pricecharting.com/game/gameboy-color/nba-in-the-zone-99 
NBA Jam 2001,7.99,24.99,34.99,021481511984,13547,https://www.pricecharting.com/game/gameboy-color/nba-jam-2001 
NBA Live 2000,ND,ND,ND,,,https://www.pricecharting.com/game/gameboy-color/nba-live-2000 
NBA Showtime,6.99,24.99,29.99,031719198320,2965,https://www.pricecharting.com/game/gameboy-color/nba-showtime 
New Addams Family,11.99,12.99,19.99,,50612,https://www.pricecharting.com/game/gameboy-color/new-addams-family 
NFL Blitz,3.99,8.99,34.99,,13551,https://www.pricecharting.com/game/gameboy-color/nfl-blitz 
NFL Blitz 2000,2.99,6.99,24.99,031719198092,18511,https://www.pricecharting.com/game/gameboy-color/nfl-blitz-2000 
NFL Blitz 2001,2.99,19.99,29.99,031719198412,2967,https://www.pricecharting.com/game/gameboy-color/nfl-blitz-2001 
NHL 2000,7.99,13.99,34.99,785138320373,2968,https://www.pricecharting.com/game/gameboy-color/nhl-2000 
NHL Blades of Steel 2000,9.99,174.99,279.99,,20093,https://www.pricecharting.com/game/gameboy-color/nhl-blades-of-steel-2000 
Nicktoons Racing,2.99,9.99,14.99,096427012306,2970,https://www.pricecharting.com/game/gameboy-color/nicktoons-racing 
No Fear Downhill Mountain Bike Racing,109.99,289.99,459.99,785138320861,13565,https://www.pricecharting.com/game/gameboy-color/no-fear-downhill-mountain-bike-racing 
NSYNC Get to the Show,1.99,3.99,8.99,742725228405,13258,https://www.pricecharting.com/game/gameboy-color/nsync-get-to-the-show 
Oddworld Adventures 2,11.99,29.99,54.99,742725193574,7412,https://www.pricecharting.com/game/gameboy-color/oddworld-adventures-2 
Perfect Dark,24.99,44.99,104.99,045496731175,2975,https://www.pricecharting.com/game/gameboy-color/perfect-dark 
Pitfall Beyond the Jungle,4.99,18.99,34.99,650008698053,2976,https://www.pricecharting.com/game/gameboy-color/pitfall-beyond-the-jungle 
Planet of the Apes,2.99,6.99,19.99,008888120315,7422,https://www.pricecharting.com/game/gameboy-color/planet-of-the-apes 
Playmobil Hype,11.99,34.99,54.99,008888120216,13586,https://www.pricecharting.com/game/gameboy-color/playmobil-hype 
Playmobil Laura,3.99,24.99,39.99,008888120223,2977,https://www.pricecharting.com/game/gameboy-color/playmobil-laura 
Pocket Bowling,7.99,18.99,29.99,032264800157,2978,https://www.pricecharting.com/game/gameboy-color/pocket-bowling 
Pocket Music,3.99,12.99,19.99,096427012788,13588,https://www.pricecharting.com/game/gameboy-color/pocket-music 
Pokemon Crystal,84.99,434.99,669.99,045496731472,2980,https://www.pricecharting.com/game/gameboy-color/pokemon-crystal 
Pokemon Gold,34.99,189.99,1114.99,045496731212,2981,https://www.pricecharting.com/game/gameboy-color/pokemon-gold 
Pokemon Pikachu 2 GS,54.99,444.99,714.99,045496720247,2982,https://www.pricecharting.com/game/gameboy-color/pokemon-pikachu-2-gs 
Pokemon Pinball,19.99,89.99,659.99,045496730901,2983,https://www.pricecharting.com/game/gameboy-color/pokemon-pinball 
Pokemon Puzzle Challenge,19.99,174.99,464.99,045496731243,2984,https://www.pricecharting.com/game/gameboy-color/pokemon-puzzle-challenge 
Pokemon Silver,29.99,189.99,974.99,045496731229,2986,https://www.pricecharting.com/game/gameboy-color/pokemon-silver 
Pokemon Special Edition Gameboy Color,ND,ND,ND,,,https://www.pricecharting.com/game/gameboy-color/pokemon-special-edition-gameboy-color 
Pokemon Trading Card Game,18.99,114.99,164.99,045496731045,2987,https://www.pricecharting.com/game/gameboy-color/pokemon-trading-card-game 
Polaris SnoCross,4.99,7.99,17.99,681313062390,2989,https://www.pricecharting.com/game/gameboy-color/polaris-snocross 
Pong The Next Level,3.99,9.99,10.99,096427011941,2990,https://www.pricecharting.com/game/gameboy-color/pong-the-next-level 
Pooh and Tigger's Hunny Safari,3.99,24.99,39.99,014633144574,2991,https://www.pricecharting.com/game/gameboy-color/pooh-and-tigger's-hunny-safari 
Portal Runner,5.99,19.99,19.99,790561512516,13590,https://www.pricecharting.com/game/gameboy-color/portal-runner 
Powerpuff Girls Bad Mojo Jojo,3.99,18.99,39.99,682384310052682384310502,2997,https://www.pricecharting.com/game/gameboy-color/powerpuff-girls-bad-mojo-jojo 
Powerpuff Girls Battle Him,3.99,19.99,24.99,682384310076,13592,https://www.pricecharting.com/game/gameboy-color/powerpuff-girls-battle-him 
Powerpuff Girls Paint the Townsville Green,3.99,15.99,29.99,682384310069,13476,https://www.pricecharting.com/game/gameboy-color/powerpuff-girls-paint-the-townsville-green 
Power Quest,11.99,39.99,54.99,020763110501,2992,https://www.pricecharting.com/game/gameboy-color/power-quest 
Power Rangers Lightspeed Rescue,2.99,10.99,39.99,785138320533,2993,https://www.pricecharting.com/game/gameboy-color/power-rangers-lightspeed-rescue 
Power Rangers Time Force,2.99,11.99,19.99,785138320663,2995,https://www.pricecharting.com/game/gameboy-color/power-rangers-time-force 
Power Spike Pro Beach Volleyball,2.99,2.99,7.99,020295020439,2996,https://www.pricecharting.com/game/gameboy-color/power-spike-pro-beach-volleyball 
Prince of Persia,14.99,29.99,54.99,016685034674,7425,https://www.pricecharting.com/game/gameboy-color/prince-of-persia 
Pro Darts,2.99,7.99,14.99,681313062420,13595,https://www.pricecharting.com/game/gameboy-color/pro-darts 
Project S-11,18.99,64.99,149.99,020763110600,2998,https://www.pricecharting.com/game/gameboy-color/project-s-11 
Puzzled,3.99,18.99,24.99,815315000023,13598,https://www.pricecharting.com/game/gameboy-color/puzzled 
Q*bert,9.99,24.99,44.99,096427012252,3000,https://www.pricecharting.com/game/gameboy-color/q*bert 
Quest Fantasy Challenge,7.99,24.99,39.99,020763120166,3003,https://www.pricecharting.com/game/gameboy-color/quest-fantasy-challenge 
Quest for Camelot,2.99,9.99,19.99,045496730802,3004,https://www.pricecharting.com/game/gameboy-color/quest-for-camelot 
Racin Ratz,1.99,7.99,44.99,074299400865,7430,https://www.pricecharting.com/game/gameboy-color/racin-ratz 
Rainbow Six,6.99,11.99,19.99,646277777391646227777396,3005,https://www.pricecharting.com/game/gameboy-color/rainbow-six 
Rampage 2,6.99,14.99,84.99,031719199761,3006,https://www.pricecharting.com/game/gameboy-color/rampage-2 
Rampage World Tour,6.99,12.99,114.99,031719198115,3007,https://www.pricecharting.com/game/gameboy-color/rampage-world-tour 
Rampart for Gameboy Color,3.99,13.99,24.99,031719198368,14341,https://www.pricecharting.com/game/gameboy-color/rampart-for-gameboy-color 
Rayman,9.99,29.99,49.99,008888120056,9630,https://www.pricecharting.com/game/gameboy-color/rayman 
Rayman 2,19.99,29.99,49.99,008888120285,3009,https://www.pricecharting.com/game/gameboy-color/rayman-2 
Razor Freestyle Scooter,1.99,1.99,19.99,650008699173,13607,https://www.pricecharting.com/game/gameboy-color/razor-freestyle-scooter 
Ready 2 Rumble Boxing,6.99,10.99,29.99,031719198337,13608,https://www.pricecharting.com/game/gameboy-color/ready-2-rumble-boxing 
Rescue Heroes Fire Frenzy,1.99,13.99,44.99,772040803612,3010,https://www.pricecharting.com/game/gameboy-color/rescue-heroes-fire-frenzy 
Resident Evil Gaiden,144.99,494.99,684.99,013388240142,3011,https://www.pricecharting.com/game/gameboy-color/resident-evil-gaiden 
Return of Ninja,114.99,294.99,469.99,719593020165,3012,https://www.pricecharting.com/game/gameboy-color/return-of-ninja 
Rhino Rumble,59.99,139.99,229.99,834815001040,13613,https://www.pricecharting.com/game/gameboy-color/rhino-rumble 
Road Champs BXS Stunt Biking,ND,ND,ND,,,https://www.pricecharting.com/game/gameboy-color/road-champs-bxs-stunt-biking 
Road Rash,11.99,19.99,54.99,014633141610,3014,https://www.pricecharting.com/game/gameboy-color/road-rash 
Roadsters,3.99,14.99,29.99,091493443580,3016,https://www.pricecharting.com/game/gameboy-color/roadsters 
Road to El Dorado,2.99,11.99,19.99,008888120094,3015,https://www.pricecharting.com/game/gameboy-color/road-to-el-dorado 
Robopon Star Version,ND,ND,ND,,,https://www.pricecharting.com/game/gameboy-color/robopon-star-version 
Robopon Sun Version,64.99,179.99,284.99,730865800025,3018,https://www.pricecharting.com/game/gameboy-color/robopon-sun-version 
Rocket Power Getting Air,1.99,6.99,10.99,785138320700,3019,https://www.pricecharting.com/game/gameboy-color/rocket-power-getting-air 
Rocky Mountain Trophy Hunter,2.99,10.99,19.99,722242517510,3020,https://www.pricecharting.com/game/gameboy-color/rocky-mountain-trophy-hunter 
Ronaldo V-Soccer,3.99,39.99,374.99,020295020385,13622,https://www.pricecharting.com/game/gameboy-color/ronaldo-v-soccer 
Roswell Conspiracies Aliens Myths Legends,9.99,15.99,19.99,008888120261,13623,https://www.pricecharting.com/game/gameboy-color/roswell-conspiracies-aliens-myths-legends 
Rox,3.99,18.99,29.99,091493444389,3021,https://www.pricecharting.com/game/gameboy-color/rox 
R-Type DX,24.99,54.99,59.99,045496730932,3022,https://www.pricecharting.com/game/gameboy-color/r-type-dx 
Rugrats in Paris,3.99,10.99,19.99,785138320595,3023,https://www.pricecharting.com/game/gameboy-color/rugrats-in-paris 
Rugrats the Movie,ND,ND,ND,,,https://www.pricecharting.com/game/gameboy-color/rugrats-the-movie 
Rugrats Time Travelers,2.99,12.99,19.99,785138320397,3026,https://www.pricecharting.com/game/gameboy-color/rugrats-time-travelers 
Rugrats Totally Angelica,2.99,6.99,11.99,785138320472,3027,https://www.pricecharting.com/game/gameboy-color/rugrats-totally-angelica 
Sabrina Animated Series Zapped,8.99,19.99,34.99,020626711296,3028,https://www.pricecharting.com/game/gameboy-color/sabrina-animated-series-zapped 
Sabrina the Animated Series Spooked,12.99,39.99,64.99,076714509757,13625,https://www.pricecharting.com/game/gameboy-color/sabrina-the-animated-series-spooked 
San Francisco Rush 2049,3.99,15.99,24.99,031719198405,14861,https://www.pricecharting.com/game/gameboy-color/san-francisco-rush-2049 
Scooby Doo Creep Capers,ND,ND,ND,,,https://www.pricecharting.com/game/gameboy-color/scooby-doo-creep-capers 
Sea-Doo Hydrocross,1.99,3.99,10.99,681313046567,4738,https://www.pricecharting.com/game/gameboy-color/sea-doo-hydrocross 
Sesame Street Elmo's 123s,2.99,8.99,14.99,661204120040,3030,https://www.pricecharting.com/game/gameboy-color/sesame-street-elmo's-123s 
Sesame Street Elmo's ABCs,2.99,4.99,9.99,661204120033,3031,https://www.pricecharting.com/game/gameboy-color/sesame-street-elmo's-abcs 
Sesame Street Sports,2.99,6.99,19.99,661204120095,3032,https://www.pricecharting.com/game/gameboy-color/sesame-street-sports 
Sgt. Rock On the Frontline,19.99,69.99,69.99,682384310045,3033,https://www.pricecharting.com/game/gameboy-color/sgt-rock-on-the-frontline 
Shadowgate Classic,8.99,24.99,49.99,045496730871,3034,https://www.pricecharting.com/game/gameboy-color/shadowgate-classic 
Shamus,4.99,18.99,19.99,681313062512,3035,https://www.pricecharting.com/game/gameboy-color/shamus 
Shantae,789.99,2279.99,3044.99,013388240135,13629,https://www.pricecharting.com/game/gameboy-color/shantae 
Shaun Palmers Pro Snowboarder,2.99,2.99,7.99,047875802278,3037,https://www.pricecharting.com/game/gameboy-color/shaun-palmers-pro-snowboarder 
Shrek Fairy Tales Freakdown,1.99,11.99,17.99,739069620019,3038,https://www.pricecharting.com/game/gameboy-color/shrek-fairy-tales-freakdown 
Snoopy Tennis,8.99,15.99,29.99,742725221260,3042,https://www.pricecharting.com/game/gameboy-color/snoopy-tennis 
Snow White and the Seven Dwarfs,7.99,24.99,44.99,008888120292,3043,https://www.pricecharting.com/game/gameboy-color/snow-white-and-the-seven-dwarfs 
South Park,ND,ND,ND,,,https://www.pricecharting.com/game/gameboy-color/south-park 
Space Invaders,10.99,13.99,29.99,047875109209,13642,https://www.pricecharting.com/game/gameboy-color/space-invaders 
Space Marauder,74.99,184.99,449.99,093992039400,13643,https://www.pricecharting.com/game/gameboy-color/space-marauder 
Space Station Silicon Valley,ND,ND,ND,,,https://www.pricecharting.com/game/gameboy-color/space-station-silicon-valley 
Speedy Gonzales Aztec Adventure,10.99,79.99,134.99,020763110525,3045,https://www.pricecharting.com/game/gameboy-color/speedy-gonzales-aztec-adventure 
Spiderman,7.99,29.99,249.99,047875122260,3046,https://www.pricecharting.com/game/gameboy-color/spiderman 
Spiderman 2 The Sinister Six,9.99,29.99,154.99,047875802155,3047,https://www.pricecharting.com/game/gameboy-color/spiderman-2-the-sinister-six 
SpongeBob SquarePants Legend of the Lost Spatula,4.99,24.99,74.99,785138320694,3048,https://www.pricecharting.com/game/gameboy-color/spongebob-squarepants-legend-of-the-lost-spatula 
Spy vs. Spy,8.99,34.99,39.99,681313062321,3049,https://www.pricecharting.com/game/gameboy-color/spy-vs-spy 
Star Wars Episode I Racer,10.99,19.99,34.99,045496730970,3053,https://www.pricecharting.com/game/gameboy-color/star-wars-episode-i-racer 
Street Fighter Alpha Warriors' Dreams,34.99,79.99,124.99,013388240050,3055,https://www.pricecharting.com/game/gameboy-color/street-fighter-alpha-warriors'-dreams 
Stuart Little Journey Home,2.99,3.99,14.99,047875802254,3057,https://www.pricecharting.com/game/gameboy-color/stuart-little-journey-home 
Super Breakout,3.99,7.99,19.99,096427011675,2775,https://www.pricecharting.com/game/gameboy-color/super-breakout 
Super Mario Bros Deluxe,14.99,49.99,549.99,045496730925,3058,https://www.pricecharting.com/game/gameboy-color/super-mario-bros-deluxe 
Survival Kids,109.99,349.99,529.99,083717140382,3061,https://www.pricecharting.com/game/gameboy-color/survival-kids 
Tarzan,2.99,12.99,24.99,047875107519,3063,https://www.pricecharting.com/game/gameboy-color/tarzan 
Tazmanian Devil Munching Madness,4.99,15.99,39.99,020763110532,13677,https://www.pricecharting.com/game/gameboy-color/tazmanian-devil-munching-madness 
Teal Gameboy Color w/ Izek Sewing Machine,ND,ND,ND,,,https://www.pricecharting.com/game/gameboy-color/teal-gameboy-color-w-izek-sewing-machine 
Tech Deck Skateboarding,2.99,9.99,18.99,047875800496,3066,https://www.pricecharting.com/game/gameboy-color/tech-deck-skateboarding 
Tecmo Bowl,ND,ND,ND,,,https://www.pricecharting.com/game/gameboy-color/tecmo-bowl 
Test Drive 2001,3.99,13.99,24.99,020295020446,3069,https://www.pricecharting.com/game/gameboy-color/test-drive-2001 
Test Drive 6,3.99,15.99,24.99,020295020279,3070,https://www.pricecharting.com/game/gameboy-color/test-drive-6 
Test Drive Cycles,2.99,7.99,12.99,020295020316,3071,https://www.pricecharting.com/game/gameboy-color/test-drive-cycles 
Test Drive Le Mans,6.99,12.99,19.99,020295020392,13459,https://www.pricecharting.com/game/gameboy-color/test-drive-le-mans 
Test Drive Off-Road 3,8.99,24.99,44.99,020295020293,3072,https://www.pricecharting.com/game/gameboy-color/test-drive-off-road-3 
Tetris DX,18.99,34.99,79.99,045496730840,3075,https://www.pricecharting.com/game/gameboy-color/tetris-dx 
The Adventures of Elmo in Grouchland,2.99,7.99,18.99,661204120088,3077,https://www.pricecharting.com/game/gameboy-color/the-adventures-of-elmo-in-grouchland 
The Dukes of Hazzard: Racing for Home,ND,ND,ND,,,https://www.pricecharting.com/game/gameboy-color/the-dukes-of-hazzard-racing-for-home 
The Flintstones Burgertime in Bedrock,19.99,59.99,139.99,682433010049,3078,https://www.pricecharting.com/game/gameboy-color/the-flintstones-burgertime-in-bedrock 
The Grinch,7.99,13.99,54.99,083717140986,3079,https://www.pricecharting.com/game/gameboy-color/the-grinch 
The Jungle Book: Mowgli's Wild Adventure,2.99,24.99,59.99,008888120155,16473,https://www.pricecharting.com/game/gameboy-color/the-jungle-book-mowgli's-wild-adventure 
The Land Before Time,ND,ND,ND,,,https://www.pricecharting.com/game/gameboy-color/the-land-before-time 
The Lion King Simbas Mighty Adventure,3.99,13.99,24.99,047875122390,3084,https://www.pricecharting.com/game/gameboy-color/the-lion-king-simbas-mighty-adventure 
The Mummy,11.99,34.99,99.99,083717140979,3085,https://www.pricecharting.com/game/gameboy-color/the-mummy 
The Mummy Returns,7.99,10.99,19.99,020626712514,13473,https://www.pricecharting.com/game/gameboy-color/the-mummy-returns 
The Simpsons Night of the Living Treehouse of Horror,12.99,34.99,84.99,785138320496,3039,https://www.pricecharting.com/game/gameboy-color/the-simpsons-night-of-the-living-treehouse-of-horror 
Tiger Woods 2000,2.99,9.99,34.99,785138320380,3086,https://www.pricecharting.com/game/gameboy-color/tiger-woods-2000 
Tiny Toon Adventures Buster Saves the Day,6.99,19.99,34.99,815315000061,13480,https://www.pricecharting.com/game/gameboy-color/tiny-toon-adventures-buster-saves-the-day 
Tiny Toon Adventures Dizzy's Candy Quest,2.99,10.99,19.99,,50621,https://www.pricecharting.com/game/gameboy-color/tiny-toon-adventures-dizzy's-candy-quest 
Titus the Fox,13.99,159.99,254.99,091493444082,3087,https://www.pricecharting.com/game/gameboy-color/titus-the-fox 
TNN Outdoors Fishing Champ,1.99,4.99,9.99,729627221031,3088,https://www.pricecharting.com/game/gameboy-color/tnn-outdoors-fishing-champ 
TOCA Touring Car Championship,2.99,9.99,15.99,612561163836,3089,https://www.pricecharting.com/game/gameboy-color/toca-touring-car-championship 
Toki Tori,19.99,89.99,149.99,013388240104,3090,https://www.pricecharting.com/game/gameboy-color/toki-tori 
Tom and Jerry,3.99,13.99,44.99,096427011774,3091,https://www.pricecharting.com/game/gameboy-color/tom-and-jerry 
Tom and Jerry Mouse Attacks,3.99,19.99,34.99,661204520024,3092,https://www.pricecharting.com/game/gameboy-color/tom-and-jerry-mouse-attacks 
Tom and Jerry Mouse Hunt,4.99,19.99,34.99,815315000030,3093,https://www.pricecharting.com/game/gameboy-color/tom-and-jerry-mouse-hunt 
Tomb Raider Curse of the Sword,14.99,59.99,74.99,047875802193,3094,https://www.pricecharting.com/game/gameboy-color/tomb-raider-curse-of-the-sword 
Tonka Construction Site,3.99,8.99,19.99,739069620033,3095,https://www.pricecharting.com/game/gameboy-color/tonka-construction-site 
Tonka Raceway,6.99,11.99,19.99,096427011958,3096,https://www.pricecharting.com/game/gameboy-color/tonka-raceway 
Tony Hawk,2.99,12.99,134.99,047875122017,3097,https://www.pricecharting.com/game/gameboy-color/tony-hawk 
Tony Hawk 2,1.99,10.99,49.99,047875122376,3098,https://www.pricecharting.com/game/gameboy-color/tony-hawk-2 
Tony Hawk 3,2.99,12.99,54.99,047875802292,3099,https://www.pricecharting.com/game/gameboy-color/tony-hawk-3 
Toobin',6.99,12.99,34.99,031719198375,3100,https://www.pricecharting.com/game/gameboy-color/toobin' 
Toonsylvania,7.99,10.99,24.99,008888120100,3101,https://www.pricecharting.com/game/gameboy-color/toonsylvania 
Top Gear Pocket,6.99,18.99,29.99,681313062338,10906,https://www.pricecharting.com/game/gameboy-color/top-gear-pocket 
Top Gear Pocket 2,8.99,24.99,44.99,681313062451,3102,https://www.pricecharting.com/game/gameboy-color/top-gear-pocket-2 
Top Gun Firestorm,6.99,69.99,114.99,091493443771,3103,https://www.pricecharting.com/game/gameboy-color/top-gun-firestorm 
Towers Lord Baniff's Deceit,3.99,11.99,19.99,681313062482,13490,https://www.pricecharting.com/game/gameboy-color/towers-lord-baniff's-deceit 
Toy Story 2,2.99,11.99,69.99,785138320335,16140,https://www.pricecharting.com/game/gameboy-color/toy-story-2 
Toy Story Racer,10.99,19.99,29.99,047875800137,3105,https://www.pricecharting.com/game/gameboy-color/toy-story-racer 
Trouballs,2.99,6.99,13.99,013388240098,13496,https://www.pricecharting.com/game/gameboy-color/trouballs 
Turok 2 Seeds of Evil,6.99,19.99,54.99,021481511557,10074,https://www.pricecharting.com/game/gameboy-color/turok-2-seeds-of-evil 
Turok 3 Shadow of Oblivion,9.99,17.99,109.99,021481511953,3107,https://www.pricecharting.com/game/gameboy-color/turok-3-shadow-of-oblivion 
Turok Rage Wars,5.99,34.99,49.99,021481511922,13499,https://www.pricecharting.com/game/gameboy-color/turok-rage-wars 
Tweety's High-Flying Adventure,5.99,54.99,89.99,741648006060,13501,https://www.pricecharting.com/game/gameboy-color/tweety's-high-flying-adventure 
Ultimate Fighting Championship,6.99,10.99,44.99,650008699135,13504,https://www.pricecharting.com/game/gameboy-color/ultimate-fighting-championship 
Ultimate Paintball,1.99,8.99,17.99,096427011927,13577,https://www.pricecharting.com/game/gameboy-color/ultimate-paintball 
Ultimate Surfing,4.99,15.99,24.99,719593020189,13505,https://www.pricecharting.com/game/gameboy-color/ultimate-surfing 
Ultra Pinball Thrillride,19.99,24.99,39.99,020626710381,3108,https://www.pricecharting.com/game/gameboy-color/ultra-pinball-thrillride 
Universal Monsters,ND,ND,ND,,,https://www.pricecharting.com/game/gameboy-color/universal-monsters 
Uno,3.99,19.99,19.99,074299269455,3110,https://www.pricecharting.com/game/gameboy-color/uno 
Vegas Games,7.99,13.99,24.99,790561505723,3112,https://www.pricecharting.com/game/gameboy-color/vegas-games 
Vigilante 8,9.99,12.99,74.99,681313062345,3113,https://www.pricecharting.com/game/gameboy-color/vigilante-8 
VIP,8.99,24.99,39.99,008888120193,3114,https://www.pricecharting.com/game/gameboy-color/vip 
V-Rally 99,ND,ND,ND,,,https://www.pricecharting.com/game/gameboy-color/v-rally-99 
VR Powerboat Racing,ND,ND,ND,,,https://www.pricecharting.com/game/gameboy-color/vr-powerboat-racing 
Wacky Racers,ND,ND,ND,,2589190,https://www.pricecharting.com/game/gameboy-color/wacky-racers 
Wario Land 2,34.99,154.99,229.99,045496730888,3120,https://www.pricecharting.com/game/gameboy-color/wario-land-2 
Wario Land 3,24.99,94.99,224.99,045496731137,3118,https://www.pricecharting.com/game/gameboy-color/wario-land-3 
Warlocked,24.99,39.99,84.99,045496731168,3121,https://www.pricecharting.com/game/gameboy-color/warlocked 
Warriors of Might and Magic,4.99,9.99,19.99,790561507710,3122,https://www.pricecharting.com/game/gameboy-color/warriors-of-might-and-magic 
WCW Mayhem,7.99,17.99,39.99,014633140644,3123,https://www.pricecharting.com/game/gameboy-color/wcw-mayhem 
WDL Thunder Tanks,1.99,4.99,9.99,790561509912,13181,https://www.pricecharting.com/game/gameboy-color/wdl-thunder-tanks 
Wendy Every Witch Way,99.99,304.99,444.99,739069620026,13520,https://www.pricecharting.com/game/gameboy-color/wendy-every-witch-way 
Who Wants To Be A Millionaire 2nd Edition,1.99,3.99,10.99,785138320649,14563,https://www.pricecharting.com/game/gameboy-color/who-wants-to-be-a-millionaire-2nd-edition 
Wicked Surfing,ND,ND,ND,,2994534,https://www.pricecharting.com/game/gameboy-color/wicked-surfing 
Wild Thornberry's Rambler,2.99,10.99,11.99,074299263538,3125,https://www.pricecharting.com/game/gameboy-color/wild-thornberry's-rambler 
Winnie The Pooh Adventures in the 100 Acre Woods,3.99,8.99,15.99,661204620014,12095,https://www.pricecharting.com/game/gameboy-color/winnie-the-pooh-adventures-in-the-100-acre-woods 
Woody Woodpecker,7.99,34.99,104.99,625904321701,3127,https://www.pricecharting.com/game/gameboy-color/woody-woodpecker 
Woody Woodpecker Racing,4.99,19.99,44.99,083717141006,3128,https://www.pricecharting.com/game/gameboy-color/woody-woodpecker-racing 
World Is Not Enough 007,ND,ND,ND,,,https://www.pricecharting.com/game/gameboy-color/world-is-not-enough-007 
Worms Armageddon,19.99,29.99,59.99,020295020330,3131,https://www.pricecharting.com/game/gameboy-color/worms-armageddon 
WWF Attitude,4.99,13.99,24.99,021481511816,13511,https://www.pricecharting.com/game/gameboy-color/wwf-attitude 
WWF Betrayal,10.99,44.99,89.99,785138320748,3132,https://www.pricecharting.com/game/gameboy-color/wwf-betrayal 
WWF Wrestlemania 2000,4.99,14.99,34.99,785138320410,13516,https://www.pricecharting.com/game/gameboy-color/wwf-wrestlemania-2000 
Xena Warrior Princess,49.99,119.99,194.99,091493443863,3133,https://www.pricecharting.com/game/gameboy-color/xena-warrior-princess 
X-men Mutant Academy,2.99,8.99,19.99,047875114586,3134,https://www.pricecharting.com/game/gameboy-color/x-men-mutant-academy 
X-Men Mutant Wars,6.99,13.99,39.99,047875800076,3135,https://www.pricecharting.com/game/gameboy-color/x-men-mutant-wars 
X-men Wolverines Rage,7.99,19.99,59.99,047875802179,7508,https://www.pricecharting.com/game/gameboy-color/x-men-wolverines-rage 
Xtreme Sports,12.99,39.99,69.99,020295020415,3136,https://www.pricecharting.com/game/gameboy-color/xtreme-sports 
Xtreme Wheels,3.99,12.99,79.99,682384310083,13683,https://www.pricecharting.com/game/gameboy-color/xtreme-wheels 
Yars' Revenge,7.99,11.99,24.99,681313062369,13684,https://www.pricecharting.com/game/gameboy-color/yars'-revenge 
Yellow Game Boy Color,54.99,159.99,229.99,045496710798,16877,https://www.pricecharting.com/game/gameboy-color/yellow-game-boy-color 
Yogi Bear Great Balloon Blast,3.99,19.99,39.99,682384310021,3137,https://www.pricecharting.com/game/gameboy-color/yogi-bear-great-balloon-blast 
Yogi Bear's Gold Rush,10.99,44.99,99.99,043948051031,13685,https://www.pricecharting.com/game/gameboy-color/yogi-bear's-gold-rush 
Yu-Gi-Oh Dark Duel Stories,4.99,49.99,1334.99,083717141044,3140,https://www.pricecharting.com/game/gameboy-color/yu-gi-oh-dark-duel-stories 
Zebco Fishing,2.99,9.99,18.99,681313062352,13686,https://www.pricecharting.com/game/gameboy-color/zebco-fishing 
Zelda Link's Awakening DX,39.99,144.99,619.99,045496730857,3141,https://www.pricecharting.com/game/gameboy-color/zelda-link's-awakening-dx 
Zelda Oracle of Ages,49.99,194.99,584.99,045496731380,3142,https://www.pricecharting.com/game/gameboy-color/zelda-oracle-of-ages 
Zelda Oracle of Ages & Seasons Limited Edition,1019.99,3189.99,3569.99,,34078,https://www.pricecharting.com/game/gameboy-color/zelda-oracle-of-ages-%26-seasons-limited-edition 
Zelda Oracle of Seasons,39.99,184.99,379.99,045496731373,3143,https://www.pricecharting.com/game/gameboy-color/zelda-oracle-of-seasons 
Zoboomafoo Playtime in Zobooland,18.99,34.99,54.99,705381800002,13688,https://www.pricecharting.com/game/gameboy-color/zoboomafoo-playtime-in-zobooland 
