Astroblast - SuperChargers Legendary,4.99,4.99,36190,https://www.pricecharting.com/game/skylanders/astroblast-superchargers-legendary,0 
Bad Juju - Imaginators,3.99,24.99,55861,https://www.pricecharting.com/game/skylanders/bad-juju-imaginators,0 
Barkley - Sidekicks,3.99,11.99,34095,https://www.pricecharting.com/game/skylanders/barkley-sidekicks,0 
Barkley - Trap Team,7.99,12.99,35960,https://www.pricecharting.com/game/skylanders/barkley-trap-team,0 
Barkley - Trap Team Gnarly,4.99,4.99,36353,https://www.pricecharting.com/game/skylanders/barkley-trap-team-gnarly,0 
Barrel Blaster - SuperChargers,8.99,8.99,36042,https://www.pricecharting.com/game/skylanders/barrel-blaster-superchargers,0 
Barrel Blaster - SuperChargers Dark,1.99,2.99,36050,https://www.pricecharting.com/game/skylanders/barrel-blaster-superchargers-dark,0 
Bash,5.99,11.99,33656,https://www.pricecharting.com/game/skylanders/bash,0 
Bash - Blue,10.99,11.99,33658,https://www.pricecharting.com/game/skylanders/bash-blue,0 
Bash - Giants Series 2,2.99,19.99,33657,https://www.pricecharting.com/game/skylanders/bash-giants-series-2,0 
Bash - Legendary,2.99,16.99,33659,https://www.pricecharting.com/game/skylanders/bash-legendary,0 
Bat Spin - Trap Team,6.99,11.99,35512,https://www.pricecharting.com/game/skylanders/bat-spin-trap-team,0 
Battle Hammer,1.99,2.99,54404,https://www.pricecharting.com/game/skylanders/battle-hammer,0 
Blackout - Trap Team,24.99,24.99,35513,https://www.pricecharting.com/game/skylanders/blackout-trap-team,0 
Blades - Trap Team,3.99,10.99,35514,https://www.pricecharting.com/game/skylanders/blades-trap-team,0 
Blades - Trap Team Legendary,2.99,12.99,35533,https://www.pricecharting.com/game/skylanders/blades-trap-team-legendary,0 
Blast Zone - Swap Force,1.99,2.99,34331,https://www.pricecharting.com/game/skylanders/blast-zone-swap-force,1 
Blast Zone - Swap Force Dark,1.99,5.99,34332,https://www.pricecharting.com/game/skylanders/blast-zone-swap-force-dark,0 
Blaster Tron - Imaginators,19.99,19.99,55855,https://www.pricecharting.com/game/skylanders/blaster-tron-imaginators,0 
Blastermind - Trap Team,4.99,3.99,35481,https://www.pricecharting.com/game/skylanders/blastermind-trap-team,0 
Boom Jet - Swap Force,3.99,6.99,34333,https://www.pricecharting.com/game/skylanders/boom-jet-swap-force,0 
Boomer,4.99,13.99,33660,https://www.pricecharting.com/game/skylanders/boomer,0 
Boomer - Silver,79.99,164.99,33785,https://www.pricecharting.com/game/skylanders/boomer-silver,0 
Bop - Trap Team,2.99,11.99,35482,https://www.pricecharting.com/game/skylanders/bop-trap-team,0 
Bouncer - Giants Legendary,2.99,7.99,33761,https://www.pricecharting.com/game/skylanders/bouncer-giants-legendary,0 
Bouncer - Giants Series 2,2.99,2.99,33760,https://www.pricecharting.com/game/skylanders/bouncer-giants-series-2,0 
Bowser - SuperChargers,9.99,14.99,36043,https://www.pricecharting.com/game/skylanders/bowser-superchargers,0 
Bumble Blast - Swap Force,3.99,7.99,34334,https://www.pricecharting.com/game/skylanders/bumble-blast-swap-force,0 
Bumble Blast - Swap Force Jolly,1.99,1.99,34336,https://www.pricecharting.com/game/skylanders/bumble-blast-swap-force-jolly,0 
Bumble Blast - Swap Force Lightcore,3.99,4.99,34335,https://www.pricecharting.com/game/skylanders/bumble-blast-swap-force-lightcore,0 
Burn Cycle - SuperChargers,1.99,7.99,36184,https://www.pricecharting.com/game/skylanders/burn-cycle-superchargers,0 
Bushwack - Trap Team,2.99,3.99,35483,https://www.pricecharting.com/game/skylanders/bushwack-trap-team,0 
Bushwhack - Trap Team Legendary,.99,5.99,35895,https://www.pricecharting.com/game/skylanders/bushwhack-trap-team-legendary,0 
Camo - Spyro's Adventure,2.99,10.99,33661,https://www.pricecharting.com/game/skylanders/camo-spyro%27s-adventure,0 
Chill - Blizzard,2.99,2.99,34337,https://www.pricecharting.com/game/skylanders/chill-blizzard,0 
Chill - Giants,3.99,3.99,33662,https://www.pricecharting.com/game/skylanders/chill-giants,0 
Chill - Giants Legendary Lightcore,2.99,8.99,33847,https://www.pricecharting.com/game/skylanders/chill-giants-legendary-lightcore,0 
Chill - Giants Lightcore,7.99,19.99,33663,https://www.pricecharting.com/game/skylanders/chill-giants-lightcore,0 
Chop Chop,3.99,5.99,33664,https://www.pricecharting.com/game/skylanders/chop-chop,0 
Chop Chop - Eon's Elite,9.99,10.99,35910,https://www.pricecharting.com/game/skylanders/chop-chop-eon%27s-elite,0 
Chop Chop - Giants Series 2,.99,2.99,33666,https://www.pricecharting.com/game/skylanders/chop-chop-giants-series-2,0 
Chop Chop - Giants Toy Fair 2013,34.99,119.99,33831,https://www.pricecharting.com/game/skylanders/chop-chop-giants-toy-fair-2013,0 
Chop Chop - Gold,59.99,94.99,33784,https://www.pricecharting.com/game/skylanders/chop-chop-gold,0 
Chop Chop - Legendary,2.99,24.99,33665,https://www.pricecharting.com/game/skylanders/chop-chop-legendary,0 
Chop Chop - Swap Force Twin Blade,.99,4.99,34338,https://www.pricecharting.com/game/skylanders/chop-chop-swap-force-twin-blade,0 
Chop Chop - Swap Force Twin Blade Green,34.99,49.99,34628,https://www.pricecharting.com/game/skylanders/chop-chop-swap-force-twin-blade-green,0 
Chopper - Trap Team,1.99,4.99,35515,https://www.pricecharting.com/game/skylanders/chopper-trap-team,0 
Clown Cruiser - SuperChargers,3.99,10.99,36044,https://www.pricecharting.com/game/skylanders/clown-cruiser-superchargers,0 
Cobra Cadabra - Trap Team,7.99,9.99,35516,https://www.pricecharting.com/game/skylanders/cobra-cadabra-trap-team,0 
Countdown - Swap Force,1.99,1.99,34339,https://www.pricecharting.com/game/skylanders/countdown-swap-force,0 
Countdown - Swap Force Kickoff,1.99,1.99,34341,https://www.pricecharting.com/game/skylanders/countdown-swap-force-kickoff,0 
Countdown - Swap Force Lightcore,1.99,3.99,34340,https://www.pricecharting.com/game/skylanders/countdown-swap-force-lightcore,0 
Crusher - Giants,3.99,8.99,33762,https://www.pricecharting.com/game/skylanders/crusher-giants,0 
Crusher - Giants Granite,4.99,19.99,33763,https://www.pricecharting.com/game/skylanders/crusher-giants-granite,0 
Crypt Crusher - SuperChargers,1.99,1.99,36055,https://www.pricecharting.com/game/skylanders/crypt-crusher-superchargers,0 
Cynder,3.99,9.99,33667,https://www.pricecharting.com/game/skylanders/cynder,0 
Cynder - Clear,74.99,139.99,33781,https://www.pricecharting.com/game/skylanders/cynder-clear,0 
Cynder - Giants Glow in the Dark,.99,2.99,33669,https://www.pricecharting.com/game/skylanders/cynder-giants-glow-in-the-dark,0 
Cynder - Giants Series 2,1.99,4.99,33668,https://www.pricecharting.com/game/skylanders/cynder-giants-series-2,1 
Cynder - Swap Force Phantom,.99,3.99,34342,https://www.pricecharting.com/game/skylanders/cynder-swap-force-phantom,0 
Cynder - Toy Fair 2012,74.99,119.99,33756,https://www.pricecharting.com/game/skylanders/cynder-toy-fair-2012,0 
Deja Vu - Trap Team,2.99,12.99,35538,https://www.pricecharting.com/game/skylanders/deja-vu-trap-team,0 
Deja Vu - Trap Team Legendary,2.99,3.99,35517,https://www.pricecharting.com/game/skylanders/deja-vu-trap-team-legendary,0 
Dino-Rang,2.99,8.99,33670,https://www.pricecharting.com/game/skylanders/dino-rang,0 
Dino-Rang - Eon's Elite,10.99,54.99,45099,https://www.pricecharting.com/game/skylanders/dino-rang-eon's-elite,0 
Dino-Rang - Silver,109.99,144.99,33787,https://www.pricecharting.com/game/skylanders/dino-rang-silver,0 
Dive Bomber - SuperChargers,1.99,2.99,36056,https://www.pricecharting.com/game/skylanders/dive-bomber-superchargers,0 
Dive Clops - SuperChargers,1.99,4.99,36051,https://www.pricecharting.com/game/skylanders/dive-clops-superchargers,0 
Dive Clops - SuperChargers Missile Tow,.99,1.99,36346,https://www.pricecharting.com/game/skylanders/dive-clops-superchargers-missile-tow,0 
Donkey Kong - SuperChargers,5.99,8.99,36041,https://www.pricecharting.com/game/skylanders/donkey-kong-superchargers,0 
Donkey Kong - SuperChargers Dark,19.99,39.99,36049,https://www.pricecharting.com/game/skylanders/donkey-kong-superchargers-dark,0 
Doom Stone - Swap Force,10.99,24.99,34343,https://www.pricecharting.com/game/skylanders/doom-stone-swap-force,0 
Double Trouble,2.99,3.99,33671,https://www.pricecharting.com/game/skylanders/double-trouble,0 
Double Trouble - Giants Battlegrounds Royal,11.99,14.99,33806,https://www.pricecharting.com/game/skylanders/double-trouble-giants-battlegrounds-royal,0 
Double Trouble - Giants Series 2,1.99,3.99,33672,https://www.pricecharting.com/game/skylanders/double-trouble-giants-series-2,0 
Drill Sergeant,2.99,7.99,33673,https://www.pricecharting.com/game/skylanders/drill-sergeant,0 
Drill Sergeant - Giants Series 2,.99,7.99,33674,https://www.pricecharting.com/game/skylanders/drill-sergeant-giants-series-2,0 
Drill Sergeant - Gold,54.99,109.99,33783,https://www.pricecharting.com/game/skylanders/drill-sergeant-gold,0 
Drill Sergeant - Red,4.99,7.99,33675,https://www.pricecharting.com/game/skylanders/drill-sergeant-red,0 
Drobit - Trap Team,2.99,4.99,35484,https://www.pricecharting.com/game/skylanders/drobit-trap-team,0 
Drobot,3.99,7.99,33676,https://www.pricecharting.com/game/skylanders/drobot,0 
Drobot - Giants Lightcore,.99,5.99,33677,https://www.pricecharting.com/game/skylanders/drobot-giants-lightcore,0 
Drobot - Giants Series 2,3.99,7.99,33678,https://www.pricecharting.com/game/skylanders/drobot-giants-series-2,0 
Dune Bug - Swap Force,.99,2.99,34344,https://www.pricecharting.com/game/skylanders/dune-bug-swap-force,0 
Dune Bug - Swap Force Red,59.99,89.99,34722,https://www.pricecharting.com/game/skylanders/dune-bug-swap-force-red,0 
Echo - Trap Team,15.99,16.99,35898,https://www.pricecharting.com/game/skylanders/echo-trap-team,0 
Enchanted Elven Forest Adventure Pack - Imaginators,29.99,49.99,55865,https://www.pricecharting.com/game/skylanders/enchanted-elven-forest-adventure-pack-imaginators,0 
Enigma - Trap Team,8.99,9.99,35509,https://www.pricecharting.com/game/skylanders/enigma-trap-team,0 
Eruptor,4.99,10.99,33679,https://www.pricecharting.com/game/skylanders/eruptor,0 
Eruptor - Eon's Elite,9.99,15.99,35905,https://www.pricecharting.com/game/skylanders/eruptor-eon's-elite,0 
Eruptor - Giants Lightcore,1.99,6.99,33680,https://www.pricecharting.com/game/skylanders/eruptor-giants-lightcore,0 
Eruptor - Giants Series 2,.99,7.99,33681,https://www.pricecharting.com/game/skylanders/eruptor-giants-series-2,0 
Eruptor - Giants White Flocked Series 2,44.99,59.99,33804,https://www.pricecharting.com/game/skylanders/eruptor-giants-white-flocked-series-2,0 
Eruptor - Silver,79.99,199.99,33786,https://www.pricecharting.com/game/skylanders/eruptor-silver,0 
Eruptor - SuperChargers Lava Lance,.99,4.99,36342,https://www.pricecharting.com/game/skylanders/eruptor-superchargers-lava-lance,0 
Eruptor - Swap Force Lava Barf,.99,6.99,34345,https://www.pricecharting.com/game/skylanders/eruptor-swap-force-lava-barf,0 
Eruptor - Swap Force Lava Barf Volcanic,.99,2.99,34346,https://www.pricecharting.com/game/skylanders/eruptor-swap-force-lava-barf-volcanic,0 
Eye Brawl - Giants,3.99,6.99,33764,https://www.pricecharting.com/game/skylanders/eye-brawl-giants,0 
Eye Brawl - Giants Pumpkin,6.99,11.99,34138,https://www.pricecharting.com/game/skylanders/eye-brawl-giants-pumpkin,0 
Eye Brawl - Giants Purple Metallic,15.99,94.99,34254,https://www.pricecharting.com/game/skylanders/eye-brawl-giants-purple-metallic,0 
Eye Small - Sidekicks,2.99,7.99,34094,https://www.pricecharting.com/game/skylanders/eye-small-sidekicks,0 
Eye Small - Trap Team,3.99,7.99,35493,https://www.pricecharting.com/game/skylanders/eye-small-trap-team,0 
Fiesta - SuperChargers,4.99,5.99,36052,https://www.pricecharting.com/game/skylanders/fiesta-superchargers,0 
Fiesta - SuperChargers Frightful,2.99,3.99,36349,https://www.pricecharting.com/game/skylanders/fiesta-superchargers-frightful,0 
Fire Kraken - Swap Force,3.99,5.99,34347,https://www.pricecharting.com/game/skylanders/fire-kraken-swap-force,0 
Fire Kraken - Swap Force Gold,14.99,54.99,34631,https://www.pricecharting.com/game/skylanders/fire-kraken-swap-force-gold,0 
Fire Kraken - Swap Force Jade,2.99,4.99,34348,https://www.pricecharting.com/game/skylanders/fire-kraken-swap-force-jade,0 
Fist Bump - Trap Team,3.99,4.99,35519,https://www.pricecharting.com/game/skylanders/fist-bump-trap-team,0 
Flameslinger,2.99,10.99,33682,https://www.pricecharting.com/game/skylanders/flameslinger,0 
Flameslinger - Giants Gold Series 2,5.99,15.99,33683,https://www.pricecharting.com/game/skylanders/flameslinger-giants-gold-series-2,0 
Flameslinger - Giants Series 2,.99,5.99,33684,https://www.pricecharting.com/game/skylanders/flameslinger-giants-series-2,0 
Flameslinger - Gold,13.99,114.99,33685,https://www.pricecharting.com/game/skylanders/flameslinger-gold,0 
Flashwing - Giants,1.99,2.99,33686,https://www.pricecharting.com/game/skylanders/flashwing-giants,0 
Flashwing - Giants Jade,7.99,12.99,33881,https://www.pricecharting.com/game/skylanders/flashwing-giants-jade,0 
Flashwing - Swap Force Lightcore,2.99,6.99,34349,https://www.pricecharting.com/game/skylanders/flashwing-swap-force-lightcore,0 
Fling Kong - Trap Team,7.99,9.99,35892,https://www.pricecharting.com/game/skylanders/fling-kong-trap-team,0 
Flip Wreck - Trap Team,3.99,7.99,35891,https://www.pricecharting.com/game/skylanders/flip-wreck-trap-team,0 
Food Fight - Trap Team,2.99,2.99,35528,https://www.pricecharting.com/game/skylanders/food-fight-trap-team,1 
Food Fight - Trap Team Dark,1.99,12.99,35529,https://www.pricecharting.com/game/skylanders/food-fight-trap-team-dark,0 
Free Ranger - Swap Force,4.99,10.99,34350,https://www.pricecharting.com/game/skylanders/free-ranger-swap-force,0 
Free Ranger - Swap Force Legendary,2.99,13.99,34351,https://www.pricecharting.com/game/skylanders/free-ranger-swap-force-legendary,0 
Freeze Blade - Swap Force,3.99,3.99,34352,https://www.pricecharting.com/game/skylanders/freeze-blade-swap-force,0 
Freeze Blade - Swap Force Nitro,1.99,9.99,35902,https://www.pricecharting.com/game/skylanders/freeze-blade-swap-force-nitro,0 
Fright Rider - Giants,2.99,3.99,33687,https://www.pricecharting.com/game/skylanders/fright-rider-giants,0 
Fright Rider - Giants Glow in the Dark,8.99,24.99,33688,https://www.pricecharting.com/game/skylanders/fright-rider-giants-glow-in-the-dark,0 
Fright Rider - Giants Halloween,12.99,19.99,34353,https://www.pricecharting.com/game/skylanders/fright-rider-giants-halloween,0 
Fryno - Swap Force,1.99,7.99,34354,https://www.pricecharting.com/game/skylanders/fryno-swap-force,0 
Fryno - Trap Team Hog Wild,1.99,4.99,35522,https://www.pricecharting.com/game/skylanders/fryno-trap-team-hog-wild,0 
Funny Bone - Trap Team,2.99,4.99,35894,https://www.pricecharting.com/game/skylanders/funny-bone-trap-team,0 
Gearshift - Trap Team,7.99,15.99,35487,https://www.pricecharting.com/game/skylanders/gearshift-trap-team,0 
Ghost Roaster,5.99,12.99,33689,https://www.pricecharting.com/game/skylanders/ghost-roaster,0 
Ghost Swords,1.99,2.99,54402,https://www.pricecharting.com/game/skylanders/ghost-swords,0 
Gill Grunt,3.99,6.99,33690,https://www.pricecharting.com/game/skylanders/gill-grunt,1 
Gill Grunt - E3 2011,1.99,3.99,33884,https://www.pricecharting.com/game/skylanders/gill-grunt-e3-2011,0 
Gill Grunt - Eon's Elite,11.99,11.99,35911,https://www.pricecharting.com/game/skylanders/gill-grunt-eon's-elite,0 
Gill Grunt - Giants Green Metallic,2.99,2.99,34255,https://www.pricecharting.com/game/skylanders/gill-grunt-giants-green-metallic,0 
Gill Grunt - Giants Series 2,1.99,3.99,33691,https://www.pricecharting.com/game/skylanders/gill-grunt-giants-series-2,0 
Gill Grunt - Green,3.99,18.99,33692,https://www.pricecharting.com/game/skylanders/gill-grunt-green,0 
Gill Grunt - SuperChargers Deep Dive,.99,4.99,36059,https://www.pricecharting.com/game/skylanders/gill-grunt-superchargers-deep-dive,0 
Gill Grunt - Swap Force,1.99,4.99,34355,https://www.pricecharting.com/game/skylanders/gill-grunt-swap-force,0 
Gill Grunt - Trap Team Tidal Wave,.99,9.99,35524,https://www.pricecharting.com/game/skylanders/gill-grunt-trap-team-tidal-wave,0 
Gill Runt - Sidekicks,1.99,7.99,33774,https://www.pricecharting.com/game/skylanders/gill-runt-sidekicks,0 
Gill Runt - Trap Team,2.99,7.99,35488,https://www.pricecharting.com/game/skylanders/gill-runt-trap-team,0 
Grave Clobber - Imaginators,6.99,9.99,55857,https://www.pricecharting.com/game/skylanders/grave-clobber-imaginators,0 
Grilla Drilla - Swap Force,4.99,6.99,34356,https://www.pricecharting.com/game/skylanders/grilla-drilla-swap-force,0 
Grim Creeper - Swap Force,3.99,9.99,34357,https://www.pricecharting.com/game/skylanders/grim-creeper-swap-force,0 
Grim Creeper - Swap Force Legendary,1.99,8.99,34359,https://www.pricecharting.com/game/skylanders/grim-creeper-swap-force-legendary,0 
Grim Creeper - Swap Force Lightcore,1.99,7.99,34358,https://www.pricecharting.com/game/skylanders/grim-creeper-swap-force-lightcore,0 
Gusto - Trap Team,3.99,4.99,35490,https://www.pricecharting.com/game/skylanders/gusto-trap-team,0 
Hand of Fate - Trap Team Legendary,-.01,-.01,47043,https://www.pricecharting.com/game/skylanders/hand-of-fate-trap-team-legendary,0 
Head Rush - Trap Team,3.99,3.99,35491,https://www.pricecharting.com/game/skylanders/head-rush-trap-team,0 
Head Rush - Trap Team Nitro,1.99,5.99,35535,https://www.pricecharting.com/game/skylanders/head-rush-trap-team-nitro,0 
Hex,2.99,3.99,33693,https://www.pricecharting.com/game/skylanders/hex,0 
Hex - Giants Lightcore,.99,2.99,33695,https://www.pricecharting.com/game/skylanders/hex-giants-lightcore,0 
Hex - Giants Series 2,.99,3.99,33694,https://www.pricecharting.com/game/skylanders/hex-giants-series-2,0 
Hex - Pearl Toy Fair 2012,119.99,124.99,33779,https://www.pricecharting.com/game/skylanders/hex-pearl-toy-fair-2012,0 
Hidden Treasure,1.99,3.99,54401,https://www.pricecharting.com/game/skylanders/hidden-treasure,0 
High Five - Trap Team,7.99,7.99,35530,https://www.pricecharting.com/game/skylanders/high-five-trap-team,0 
High Volt - SuperChargers,2.99,2.99,36185,https://www.pricecharting.com/game/skylanders/high-volt-superchargers,0 
Hijinx - Trap Team,.99,3.99,35492,https://www.pricecharting.com/game/skylanders/hijinx-trap-team,0 
Hood Sickle - Imaginators,24.99,54.99,55859,https://www.pricecharting.com/game/skylanders/hood-sickle-imaginators,0 
Hoot Loop - Swap Force,3.99,5.99,34360,https://www.pricecharting.com/game/skylanders/hoot-loop-swap-force,0 
Hoot Loop - Swap Force Enchanted,2.99,7.99,34361,https://www.pricecharting.com/game/skylanders/hoot-loop-swap-force-enchanted,0 
Hot Dog - E3 2013 Bronze,19.99,24.99,34077,https://www.pricecharting.com/game/skylanders/hot-dog-e3-2013-bronze,0 
Hot Dog - Giants,4.99,8.99,33696,https://www.pricecharting.com/game/skylanders/hot-dog-giants,0 
Hot Dog - Giants Molten,4.99,13.99,33846,https://www.pricecharting.com/game/skylanders/hot-dog-giants-molten,0 
Hot Dog - Swap Force Fire Bone,7.99,29.99,34362,https://www.pricecharting.com/game/skylanders/hot-dog-swap-force-fire-bone,0 
Hot Head - Giants,3.99,9.99,33765,https://www.pricecharting.com/game/skylanders/hot-head-giants,0 
Hot Head - Giants Pearl,94.99,99.99,33778,https://www.pricecharting.com/game/skylanders/hot-head-giants-pearl,0 
Hot Streak - SuperChargers,3.99,4.99,35965,https://www.pricecharting.com/game/skylanders/hot-streak-superchargers,0 
Hot Streak - SuperChargers Dark,1.99,9.99,36046,https://www.pricecharting.com/game/skylanders/hot-streak-superchargers-dark,0 
Hot Streak - SuperChargers E3 2015,13.99,13.99,35901,https://www.pricecharting.com/game/skylanders/hot-streak-superchargers-e3-2015,0 
Hot Streak - SuperChargers Gold,19.99,29.99,36193,https://www.pricecharting.com/game/skylanders/hot-streak-superchargers-gold,0 
Ignitor,3.99,6.99,33697,https://www.pricecharting.com/game/skylanders/ignitor,0 
Ignitor - Giants Legendary,1.99,9.99,33699,https://www.pricecharting.com/game/skylanders/ignitor-giants-legendary,0 
Ignitor - Giants Series 2,1.99,3.99,33698,https://www.pricecharting.com/game/skylanders/ignitor-giants-series-2,0 
Jaw Breaker - Trap Team,4.99,3.99,35494,https://www.pricecharting.com/game/skylanders/jaw-breaker-trap-team,0 
Jaw Breaker - Trap Team Legendary,3.99,10.99,35518,https://www.pricecharting.com/game/skylanders/jaw-breaker-trap-team-legendary,0 
Jet Stream - SuperChargers,1.99,1.99,36186,https://www.pricecharting.com/game/skylanders/jet-stream-superchargers,0 
Jet-Vac - Giants,1.99,2.99,33700,https://www.pricecharting.com/game/skylanders/jet-vac-giants,1 
Jet-Vac - Giants Blizzard,ND,ND,,https://www.pricecharting.com/game/skylanders/jet-vac-giants-blizzard,0 
Jet-Vac - Giants Legendary,1.99,11.99,33702,https://www.pricecharting.com/game/skylanders/jet-vac-giants-legendary,0 
Jet-Vac - Giants Lightcore,1.99,3.99,33703,https://www.pricecharting.com/game/skylanders/jet-vac-giants-lightcore,0 
Jet-Vac - SuperChargers Hurricane,.99,3.99,36348,https://www.pricecharting.com/game/skylanders/jet-vac-superchargers-hurricane,0 
Jet-Vac - SuperChargers Hurricane Legendary,1.99,14.99,36350,https://www.pricecharting.com/game/skylanders/jet-vac-superchargers-hurricane-legendary,0 
Jet-Vac - Swap Force Turbo,4.99,7.99,34363,https://www.pricecharting.com/game/skylanders/jet-vac-swap-force-turbo,0 
Jet-Vac - Trap Team Full Blast,.99,7.99,35521,https://www.pricecharting.com/game/skylanders/jet-vac-trap-team-full-blast,0 
Ka Boom - Trap Team,3.99,6.99,35495,https://www.pricecharting.com/game/skylanders/ka-boom-trap-team,0 
Kaos Trophy,3.99,3.99,47041,https://www.pricecharting.com/game/skylanders/kaos-trophy,0 
King Cobra Cadabra - Trap Team,8.99,10.99,35896,https://www.pricecharting.com/game/skylanders/king-cobra-cadabra-trap-team,0 
Knight Light - Trap Team,9.99,14.99,35504,https://www.pricecharting.com/game/skylanders/knight-light-trap-team,0 
Knight Mare - Trap Team,7.99,11.99,35499,https://www.pricecharting.com/game/skylanders/knight-mare-trap-team,0 
Krypt King - Trap Team,7.99,11.99,35496,https://www.pricecharting.com/game/skylanders/krypt-king-trap-team,0 
Krypt King - Trap Team Nitro,8.99,24.99,35536,https://www.pricecharting.com/game/skylanders/krypt-king-trap-team-nitro,0 
Lightning Rod,2.99,11.99,33707,https://www.pricecharting.com/game/skylanders/lightning-rod,0 
Lightning Rod - Giants Purple Metallic,49.99,79.99,34136,https://www.pricecharting.com/game/skylanders/lightning-rod-giants-purple-metallic,0 
Lightning Rod - Giants Series 2,.99,3.99,33708,https://www.pricecharting.com/game/skylanders/lightning-rod-giants-series-2,0 
Lob Star - Trap Team,4.99,4.99,35497,https://www.pricecharting.com/game/skylanders/lob-star-trap-team,0 
Lob Star - Trap Team Winferfest,2.99,9.99,35508,https://www.pricecharting.com/game/skylanders/lob-star-trap-team-winferfest,0 
Magna Charge - Swap Force,6.99,11.99,34364,https://www.pricecharting.com/game/skylanders/magna-charge-swap-force,0 
Magna Charge - Swap Force Nitro,4.99,13.99,34365,https://www.pricecharting.com/game/skylanders/magna-charge-swap-force-nitro,0 
Master Barbella - Imaginators,8.99,16.99,55864,https://www.pricecharting.com/game/skylanders/master-barbella-imaginators,0 
Master Chopscotch - Imaginators,9.99,12.99,55863,https://www.pricecharting.com/game/skylanders/master-chopscotch-imaginators,0 
Master Flare Wolf - Imaginators,19.99,59.99,55862,https://www.pricecharting.com/game/skylanders/master-flare-wolf-imaginators,0 
Master Mysticat - Imaginators,10.99,19.99,55860,https://www.pricecharting.com/game/skylanders/master-mysticat-imaginators,0 
Master Starcast - Imaginators,19.99,44.99,55883,https://www.pricecharting.com/game/skylanders/master-starcast-imaginators,0 
Master Tidepool - Imaginators,8.99,13.99,55856,https://www.pricecharting.com/game/skylanders/master-tidepool-imaginators,0 
Master Tri-Tip - Imaginators,2.99,10.99,55858,https://www.pricecharting.com/game/skylanders/master-tri-tip-imaginators,0 
Mini Jini - Sidekicks,5.99,5.99,34096,https://www.pricecharting.com/game/skylanders/mini-jini-sidekicks,0 
Mini Jini - Trap Team,2.99,3.99,35503,https://www.pricecharting.com/game/skylanders/mini-jini-trap-team,0 
Night Shift - Swap Force,4.99,7.99,34366,https://www.pricecharting.com/game/skylanders/night-shift-swap-force,0 
Night Shift - Swap Force Legendary,3.99,8.99,34367,https://www.pricecharting.com/game/skylanders/night-shift-swap-force-legendary,0 
Nightfall - SuperChargers,3.99,3.99,36187,https://www.pricecharting.com/game/skylanders/nightfall-superchargers,0 
Nightmare Express - Trap Team,3.99,7.99,47042,https://www.pricecharting.com/game/skylanders/nightmare-express-trap-team,0 
Ninjini - Giants,3.99,4.99,33766,https://www.pricecharting.com/game/skylanders/ninjini-giants,0 
Ninjini - Giants Scarlet,3.99,6.99,33908,https://www.pricecharting.com/game/skylanders/ninjini-giants-scarlet,0 
Pet Vac - Trap Team Mini,3.99,12.99,35904,https://www.pricecharting.com/game/skylanders/pet-vac-trap-team-mini,0 
Pet Vac - Trap Team Mini Power Punch,2.99,3.99,35890,https://www.pricecharting.com/game/skylanders/pet-vac-trap-team-mini-power-punch,0 
Piggy Bank - Trap Team Legendary,1.99,3.99,47044,https://www.pricecharting.com/game/skylanders/piggy-bank-trap-team-legendary,0 
Pirate Seas,2.99,9.99,54405,https://www.pricecharting.com/game/skylanders/pirate-seas,0 
Pop Fizz - Giants,2.99,2.99,33709,https://www.pricecharting.com/game/skylanders/pop-fizz-giants,0 
Pop Fizz - Giants Lightcore,13.99,24.99,33710,https://www.pricecharting.com/game/skylanders/pop-fizz-giants-lightcore,0 
Pop Fizz - Giants Punch,1.99,5.99,33711,https://www.pricecharting.com/game/skylanders/pop-fizz-giants-punch,0 
Pop Fizz - SuperChargers Big Bubble,.99,3.99,36341,https://www.pricecharting.com/game/skylanders/pop-fizz-superchargers-big-bubble,0 
Pop Fizz - Swap Force Super Gulp,1.99,5.99,34368,https://www.pricecharting.com/game/skylanders/pop-fizz-swap-force-super-gulp,0 
Pop Fizz - Trap Team Fizzy Frenzy,1.99,8.99,35520,https://www.pricecharting.com/game/skylanders/pop-fizz-trap-team-fizzy-frenzy,0 
Pop Fizz - Trap Team Love Potion,2.99,4.99,35534,https://www.pricecharting.com/game/skylanders/pop-fizz-trap-team-love-potion,0 
Pop Thorn - Swap Force,3.99,14.99,34369,https://www.pricecharting.com/game/skylanders/pop-thorn-swap-force,0 
Prism Break,3.99,9.99,33712,https://www.pricecharting.com/game/skylanders/prism-break,0 
Prism Break - Giants Employee Holiday 2012 Lightcore,144.99,144.99,33715,https://www.pricecharting.com/game/skylanders/prism-break-giants-employee-holiday-2012-lightcore,0 
Prism Break - Giants Lightcore,.99,6.99,33713,https://www.pricecharting.com/game/skylanders/prism-break-giants-lightcore,0 
Prism Break - Giants Series 2,1.99,8.99,33714,https://www.pricecharting.com/game/skylanders/prism-break-giants-series-2,0 
Prism Break - Giants White Flocked,74.99,99.99,33805,https://www.pricecharting.com/game/skylanders/prism-break-giants-white-flocked,0 
Prism Break - Swap Force Hyper Beam,1.99,7.99,34370,https://www.pricecharting.com/game/skylanders/prism-break-swap-force-hyper-beam,0 
Punk Shock - Swap Force,4.99,4.99,34371,https://www.pricecharting.com/game/skylanders/punk-shock-swap-force,0 
Quickdraw Rattle Shake - Swap Force,1.99,44.99,34771,https://www.pricecharting.com/game/skylanders/quickdraw-rattle-shake-swap-force,0 
Rattle Shake - Swap Force,4.99,7.99,34372,https://www.pricecharting.com/game/skylanders/rattle-shake-swap-force,0 
Reef Ripper - SuperChargers,1.99,4.99,36060,https://www.pricecharting.com/game/skylanders/reef-ripper-superchargers,0 
Riptide - Swap Force,2.99,4.99,34373,https://www.pricecharting.com/game/skylanders/riptide-swap-force,0 
Riptide - Swap Force Green,84.99,129.99,34629,https://www.pricecharting.com/game/skylanders/riptide-swap-force-green,0 
Rocky Roll - Trap Team,8.99,9.99,35897,https://www.pricecharting.com/game/skylanders/rocky-roll-trap-team,0 
Roller Brawl - Swap Force,1.99,2.99,34374,https://www.pricecharting.com/game/skylanders/roller-brawl-swap-force,0 
Rubble Rouser - Swap Force,1.99,3.99,34375,https://www.pricecharting.com/game/skylanders/rubble-rouser-swap-force,0 
Scorp - Swap Force,1.99,2.99,34376,https://www.pricecharting.com/game/skylanders/scorp-swap-force,0 
Scorp - Swap Force Green,54.99,54.99,34630,https://www.pricecharting.com/game/skylanders/scorp-swap-force-green,0 
Scorpion Striker Catapult,2.99,4.99,54399,https://www.pricecharting.com/game/skylanders/scorpion-striker-catapult,0 
Scratch - Swap Force,12.99,13.99,34377,https://www.pricecharting.com/game/skylanders/scratch-swap-force,0 
Sea Racing Action Pack,4.99,5.99,58087,https://www.pricecharting.com/game/skylanders/sea-racing-action-pack,0 
Sea Shadow - SuperChargers,1.99,1.99,36057,https://www.pricecharting.com/game/skylanders/sea-shadow-superchargers,0 
Sea Shadow - SuperChargers Dark,1.99,7.99,36048,https://www.pricecharting.com/game/skylanders/sea-shadow-superchargers-dark,0 
Shark Tank - SuperChargers,1.99,2.99,36347,https://www.pricecharting.com/game/skylanders/shark-tank-superchargers,0 
Shield Striker - SuperChargers,.99,3.99,36344,https://www.pricecharting.com/game/skylanders/shield-striker-superchargers,0 
Short Cut - Trap Team,6.99,6.99,35510,https://www.pricecharting.com/game/skylanders/short-cut-trap-team,0 
Shroomboom - Giants,2.99,6.99,33716,https://www.pricecharting.com/game/skylanders/shroomboom-giants,0 
Shroomboom - Giants Lightcore,.99,1.99,33717,https://www.pricecharting.com/game/skylanders/shroomboom-giants-lightcore,0 
Shroomboom - Trap Team Sure Shot,.99,1.99,35523,https://www.pricecharting.com/game/skylanders/shroomboom-trap-team-sure-shot,0 
Sky Diamond,2.99,4.99,54400,https://www.pricecharting.com/game/skylanders/sky-diamond,0 
Sky Slicer - SuperChargers,1.99,3.99,36058,https://www.pricecharting.com/game/skylanders/sky-slicer-superchargers,0 
Slam Bam,3.99,10.99,33719,https://www.pricecharting.com/game/skylanders/slam-bam,0 
Slam Bam - Giants Legendary,1.99,3.99,33720,https://www.pricecharting.com/game/skylanders/slam-bam-giants-legendary,0 
Slam Bam - Giants Series 2,3.99,8.99,33718,https://www.pricecharting.com/game/skylanders/slam-bam-giants-series-2,0 
Slobber Tooth - Swap Force,2.99,2.99,34378,https://www.pricecharting.com/game/skylanders/slobber-tooth-swap-force,0 
Slobber Tooth - Swap Force Dark,1.99,11.99,34379,https://www.pricecharting.com/game/skylanders/slobber-tooth-swap-force-dark,0 
Small Fry - Trap Team,2.99,6.99,35500,https://www.pricecharting.com/game/skylanders/small-fry-trap-team,0 
Smash Hit - SuperChargers,1.99,2.99,36188,https://www.pricecharting.com/game/skylanders/smash-hit-superchargers,0 
Smash Hit - SuperChargers Steel Plated,1.99,7.99,36351,https://www.pricecharting.com/game/skylanders/smash-hit-superchargers-steel-plated,0 
Smolderdash - Swap Force,2.99,2.99,34380,https://www.pricecharting.com/game/skylanders/smolderdash-swap-force,0 
Smolderdash - Swap Force Lightcore,1.99,9.99,34381,https://www.pricecharting.com/game/skylanders/smolderdash-swap-force-lightcore,0 
Snap Shot - Trap Team Dark,3.99,3.99,35531,https://www.pricecharting.com/game/skylanders/snap-shot-trap-team-dark,0 
Snap Shot - Trap Team Master,1.99,5.99,35900,https://www.pricecharting.com/game/skylanders/snap-shot-trap-team-master,1 
Snowderdash - Swap Force Employee 2013,34.99,49.99,34723,https://www.pricecharting.com/game/skylanders/snowderdash-swap-force-employee-2013,0 
Sonic Boom,2.99,4.99,33721,https://www.pricecharting.com/game/skylanders/sonic-boom,0 
Sonic Boom - Giants Glow in the Dark,.99,4.99,33723,https://www.pricecharting.com/game/skylanders/sonic-boom-giants-glow-in-the-dark,0 
Sonic Boom - Giants Pearl Series 2,89.99,89.99,33796,https://www.pricecharting.com/game/skylanders/sonic-boom-giants-pearl-series-2,0 
Sonic Boom - Giants Series 2,.99,6.99,33722,https://www.pricecharting.com/game/skylanders/sonic-boom-giants-series-2,0 
Spitfire - SuperChargers,3.99,4.99,36039,https://www.pricecharting.com/game/skylanders/spitfire-superchargers,1 
Spitfire - SuperChargers Dark,1.99,10.99,36045,https://www.pricecharting.com/game/skylanders/spitfire-superchargers-dark,0 
Splat - SuperChargers,1.99,3.99,36340,https://www.pricecharting.com/game/skylanders/splat-superchargers,0 
Splatter Splasher - SuperChargers,2.99,3.99,36343,https://www.pricecharting.com/game/skylanders/splatter-splasher-superchargers,0 
Spotlight - Trap Team,49.99,39.99,35899,https://www.pricecharting.com/game/skylanders/spotlight-trap-team,0 
Sprocket - Giants,1.99,3.99,33724,https://www.pricecharting.com/game/skylanders/sprocket-giants,0 
Sprocket - Giants Pearl,69.99,89.99,33795,https://www.pricecharting.com/game/skylanders/sprocket-giants-pearl,0 
Sprocket - Swap Force,2.99,4.99,34382,https://www.pricecharting.com/game/skylanders/sprocket-swap-force,0 
Sprocket - Swap Force Metallic,4.99,6.99,34724,https://www.pricecharting.com/game/skylanders/sprocket-swap-force-metallic,0 
Spry - Trap Team,2.99,4.99,35502,https://www.pricecharting.com/game/skylanders/spry-trap-team,0 
Spry - Trap Team Mini,1.99,6.99,35913,https://www.pricecharting.com/game/skylanders/spry-trap-team-mini,0 
Spy Rise - Swap Force,3.99,4.99,34383,https://www.pricecharting.com/game/skylanders/spy-rise-swap-force,0 
Spyro,5.99,11.99,33725,https://www.pricecharting.com/game/skylanders/spyro,1 
Spyro - Dark,5.99,19.99,33726,https://www.pricecharting.com/game/skylanders/spyro-dark,0 
Spyro - E3 2011,12.99,19.99,33883,https://www.pricecharting.com/game/skylanders/spyro-e3-2011,0 
Spyro - E3 2012 Chrome,29.99,69.99,33728,https://www.pricecharting.com/game/skylanders/spyro-e3-2012-chrome,0 
Spyro - Eon's Elite,9.99,19.99,35908,https://www.pricecharting.com/game/skylanders/spyro-eon's-elite,0 
Spyro - Giants Series 2,7.99,12.99,33729,https://www.pricecharting.com/game/skylanders/spyro-giants-series-2,0 
Spyro - Legendary,5.99,29.99,33727,https://www.pricecharting.com/game/skylanders/spyro-legendary,0 
Spyro - Swap Force Mega Ram,.99,8.99,34384,https://www.pricecharting.com/game/skylanders/spyro-swap-force-mega-ram,0 
Spyro - Swap Force Mega Ram Dark,2.99,6.99,34385,https://www.pricecharting.com/game/skylanders/spyro-swap-force-mega-ram-dark,0 
Star Strike - Swap Force,3.99,4.99,34386,https://www.pricecharting.com/game/skylanders/star-strike-swap-force,0 
Star Strike - Swap Force Enchanted,3.99,4.99,34388,https://www.pricecharting.com/game/skylanders/star-strike-swap-force-enchanted,0 
Star Strike - Swap Force Lightcore,1.99,2.99,34387,https://www.pricecharting.com/game/skylanders/star-strike-swap-force-lightcore,0 
Stealth Elf,3.99,7.99,33730,https://www.pricecharting.com/game/skylanders/stealth-elf,0 
Stealth Elf - Clear,79.99,154.99,33780,https://www.pricecharting.com/game/skylanders/stealth-elf-clear,0 
Stealth Elf - Eon's Elite,8.99,15.99,35906,https://www.pricecharting.com/game/skylanders/stealth-elf-eon's-elite,0 
Stealth Elf - Giants Legendary,1.99,5.99,33732,https://www.pricecharting.com/game/skylanders/stealth-elf-giants-legendary,0 
Stealth Elf - Giants Series 2,2.99,5.99,33731,https://www.pricecharting.com/game/skylanders/stealth-elf-giants-series-2,0 
Stealth Elf - SuperChargers Super Shot,.99,3.99,36040,https://www.pricecharting.com/game/skylanders/stealth-elf-superchargers-super-shot,1 
Stealth Elf - SuperChargers Super Shot Dark,1.99,2.99,36047,https://www.pricecharting.com/game/skylanders/stealth-elf-superchargers-super-shot-dark,0 
Stealth Elf - Swap Force Ninja,.99,2.99,34389,https://www.pricecharting.com/game/skylanders/stealth-elf-swap-force-ninja,1 
Stealth Elf - Swap Force Ninja Dark,1.99,8.99,34390,https://www.pricecharting.com/game/skylanders/stealth-elf-swap-force-ninja-dark,0 
Stealth Stinger - SuperChargers,2.99,2.99,36189,https://www.pricecharting.com/game/skylanders/stealth-stinger-superchargers,0 
Stealth Stinger - SuperChargers Nitro,1.99,5.99,36192,https://www.pricecharting.com/game/skylanders/stealth-stinger-superchargers-nitro,0 
Stink Bomb - Swap Force,4.99,4.99,34391,https://www.pricecharting.com/game/skylanders/stink-bomb-swap-force,0 
Stink Bomb - Swap Force Bronze Silver,104.99,109.99,34773,https://www.pricecharting.com/game/skylanders/stink-bomb-swap-force-bronze-silver,0 
Stormblade - SuperChargers,2.99,14.99,36054,https://www.pricecharting.com/game/skylanders/stormblade-superchargers,0 
Stump Smash,2.99,24.99,33733,https://www.pricecharting.com/game/skylanders/stump-smash,0 
Stump Smash - Flocked,24.99,34.99,33735,https://www.pricecharting.com/game/skylanders/stump-smash-flocked,0 
Stump Smash - Giants Series 2,.99,6.99,33734,https://www.pricecharting.com/game/skylanders/stump-smash-giants-series-2,0 
Stump Smash - Giants White Flocked Series 2,44.99,94.99,33800,https://www.pricecharting.com/game/skylanders/stump-smash-giants-white-flocked-series-2,0 
Sun Runner - SuperChargers Legendary,.99,5.99,36191,https://www.pricecharting.com/game/skylanders/sun-runner-superchargers-legendary,0 
Sunburn,4.99,11.99,33736,https://www.pricecharting.com/game/skylanders/sunburn,0 
Swarm - Giants,3.99,4.99,33767,https://www.pricecharting.com/game/skylanders/swarm-giants,0 
Terrabite - Sidekicks,1.99,5.99,33771,https://www.pricecharting.com/game/skylanders/terrabite-sidekicks,0 
Terrabite - Trap Team,2.99,8.99,35486,https://www.pricecharting.com/game/skylanders/terrabite-trap-team,0 
Terrafin,3.99,6.99,33737,https://www.pricecharting.com/game/skylanders/terrafin,0 
Terrafin - Eon's Elite,6.99,9.99,35907,https://www.pricecharting.com/game/skylanders/terrafin-eon's-elite,0 
Terrafin - Giants Series 2,1.99,3.99,33738,https://www.pricecharting.com/game/skylanders/terrafin-giants-series-2,0 
Terrafin - SuperChargers Shark Shooter,.99,4.99,36053,https://www.pricecharting.com/game/skylanders/terrafin-superchargers-shark-shooter,0 
Terrafin - Swap Force Knockout,.99,3.99,34392,https://www.pricecharting.com/game/skylanders/terrafin-swap-force-knockout,0 
Thorn Horn Camo - Swap Force,3.99,7.99,35903,https://www.pricecharting.com/game/skylanders/thorn-horn-camo-swap-force,0 
Thump Truck - SuperChargers,1.99,3.99,36345,https://www.pricecharting.com/game/skylanders/thump-truck-superchargers,0 
Thumpback - Giants,4.99,12.99,33768,https://www.pricecharting.com/game/skylanders/thumpback-giants,0 
Thumpin' Whumpa Islands Adventure Pack - Imaginators,8.99,15.99,55866,https://www.pricecharting.com/game/skylanders/thumpin'-whumpa-islands-adventure-pack-imaginators,0 
Thumpling - Sidekicks,6.99,12.99,34097,https://www.pricecharting.com/game/skylanders/thumpling-sidekicks,0 
Thumpling - Trap Team,4.99,5.99,35489,https://www.pricecharting.com/game/skylanders/thumpling-trap-team,0 
Thunderbolt - Trap Team Master,1.99,5.99,35889,https://www.pricecharting.com/game/skylanders/thunderbolt-trap-team-master,0 
Time Twister,1.99,2.99,53869,https://www.pricecharting.com/game/skylanders/time-twister,0 
Torch - Trap Team,2.99,4.99,35525,https://www.pricecharting.com/game/skylanders/torch-trap-team,0 
Tower of Time,4.99,10.99,54403,https://www.pricecharting.com/game/skylanders/tower-of-time,0 
Trail Blazer - Trap Team,7.99,9.99,35526,https://www.pricecharting.com/game/skylanders/trail-blazer-trap-team,0 
Trap Shadow - Swap Force,3.99,3.99,34393,https://www.pricecharting.com/game/skylanders/trap-shadow-swap-force,0 
Trap Shadow - Swap Force Bronze Silver,124.99,129.99,34772,https://www.pricecharting.com/game/skylanders/trap-shadow-swap-force-bronze-silver,0 
Tread Head - Trap Team,3.99,5.99,35527,https://www.pricecharting.com/game/skylanders/tread-head-trap-team,0 
Tree Rex - Giants,3.99,4.99,33769,https://www.pricecharting.com/game/skylanders/tree-rex-giants,1 
Tree Rex - Giants Gnarly,3.99,8.99,33770,https://www.pricecharting.com/game/skylanders/tree-rex-giants-gnarly,0 
Trigger Happy,5.99,9.99,33739,https://www.pricecharting.com/game/skylanders/trigger-happy,1 
Trigger Happy - E3 2011,4.99,8.99,33885,https://www.pricecharting.com/game/skylanders/trigger-happy-e3-2011,0 
Trigger Happy - Eon's Elite,7.99,14.99,35909,https://www.pricecharting.com/game/skylanders/trigger-happy-eon's-elite,0 
Trigger Happy - Giants Series 2,1.99,5.99,33740,https://www.pricecharting.com/game/skylanders/trigger-happy-giants-series-2,0 
Trigger Happy - Legendary,.99,3.99,33741,https://www.pricecharting.com/game/skylanders/trigger-happy-legendary,0 
Trigger Happy - Swap Force Big Bang,.99,4.99,34394,https://www.pricecharting.com/game/skylanders/trigger-happy-swap-force-big-bang,0 
Trigger Happy - Swap Force Flocked,114.99,179.99,42407,https://www.pricecharting.com/game/skylanders/trigger-happy-swap-force-flocked,0 
Trigger Happy - Swap Force Spring Time,.99,9.99,34395,https://www.pricecharting.com/game/skylanders/trigger-happy-swap-force-spring-time,0 
Trigger Snappy - Sidekicks,1.99,5.99,33772,https://www.pricecharting.com/game/skylanders/trigger-snappy-sidekicks,0 
Trigger Snappy - Trap Team,2.99,5.99,35485,https://www.pricecharting.com/game/skylanders/trigger-snappy-trap-team,0 
Tuff Luck - Trap Team,5.99,10.99,35505,https://www.pricecharting.com/game/skylanders/tuff-luck-trap-team,0 
Tuff Luck - Trap Team Clear,29.99,39.99,35537,https://www.pricecharting.com/game/skylanders/tuff-luck-trap-team-clear,0 
Voodood,2.99,4.99,33742,https://www.pricecharting.com/game/skylanders/voodood,0 
Wallop - Trap Team,7.99,8.99,35506,https://www.pricecharting.com/game/skylanders/wallop-trap-team,0 
Warnado,2.99,4.99,33743,https://www.pricecharting.com/game/skylanders/warnado,0 
Warnado - Glow in the Dark,84.99,124.99,33744,https://www.pricecharting.com/game/skylanders/warnado-glow-in-the-dark,0 
Warnado - Swap Force Lightcore,.99,3.99,34403,https://www.pricecharting.com/game/skylanders/warnado-swap-force-lightcore,0 
Wash Buckler - Swap Force,2.99,3.99,34396,https://www.pricecharting.com/game/skylanders/wash-buckler-swap-force,1 
Wash Buckler - Swap Force Color Shift,10.99,13.99,34627,https://www.pricecharting.com/game/skylanders/wash-buckler-swap-force-color-shift,0 
Wash Buckler - Swap Force Dark,2.99,8.99,34397,https://www.pricecharting.com/game/skylanders/wash-buckler-swap-force-dark,0 
Weeruptor - SuperChargers Eggsellent,4.99,5.99,36352,https://www.pricecharting.com/game/skylanders/weeruptor-superchargers-eggsellent,0 
Weeruptor - Trap Team,8.99,8.99,35501,https://www.pricecharting.com/game/skylanders/weeruptor-trap-team,0 
Wham-Shell,6.99,11.99,33745,https://www.pricecharting.com/game/skylanders/wham-shell,0 
Wham-Shell - Clear,64.99,129.99,33782,https://www.pricecharting.com/game/skylanders/wham-shell-clear,0 
Wham-Shell - Swap Force Lightcore,.99,2.99,34398,https://www.pricecharting.com/game/skylanders/wham-shell-swap-force-lightcore,0 
Whirlwind,4.99,11.99,33746,https://www.pricecharting.com/game/skylanders/whirlwind,0 
Whirlwind - Eon's Elite,7.99,10.99,35912,https://www.pricecharting.com/game/skylanders/whirlwind-eon's-elite,0 
Whirlwind - Giants Polar Series 2,5.99,4.99,33907,https://www.pricecharting.com/game/skylanders/whirlwind-giants-polar-series-2,0 
Whirlwind - Giants Series 2,1.99,2.99,33748,https://www.pricecharting.com/game/skylanders/whirlwind-giants-series-2,0 
Whirlwind - Giants Series 2 Stone,74.99,154.99,33749,https://www.pricecharting.com/game/skylanders/whirlwind-giants-series-2-stone,0 
Whirlwind - Swap Force Horn Blast,1.99,6.99,34399,https://www.pricecharting.com/game/skylanders/whirlwind-swap-force-horn-blast,0 
Whisper Elf - Sidekicks,8.99,9.99,33773,https://www.pricecharting.com/game/skylanders/whisper-elf-sidekicks,0 
Wildfire - Trap Team Dark,7.99,14.99,35532,https://www.pricecharting.com/game/skylanders/wildfire-trap-team-dark,0 
Wildfire - Trap Team Master,7.99,11.99,35893,https://www.pricecharting.com/game/skylanders/wildfire-trap-team-master,0 
Wind Up - Swap Force,1.99,9.99,34400,https://www.pricecharting.com/game/skylanders/wind-up-swap-force,0 
Wrecking Ball,2.99,13.99,33750,https://www.pricecharting.com/game/skylanders/wrecking-ball,0 
Wrecking Ball - Giants Purple Metallic,54.99,74.99,34253,https://www.pricecharting.com/game/skylanders/wrecking-ball-giants-purple-metallic,0 
Wrecking Ball - Giants Series 2,1.99,8.99,33751,https://www.pricecharting.com/game/skylanders/wrecking-ball-giants-series-2,0 
Wrecking Ball - Glow in the Dark,64.99,129.99,33752,https://www.pricecharting.com/game/skylanders/wrecking-ball-glow-in-the-dark,0 
Zap,3.99,14.99,33754,https://www.pricecharting.com/game/skylanders/zap,0 
Zap - Giants Series 2,.99,12.99,33755,https://www.pricecharting.com/game/skylanders/zap-giants-series-2,0 
Zap - Glow in the Dark,119.99,154.99,33753,https://www.pricecharting.com/game/skylanders/zap-glow-in-the-dark,0 
Zoo Lou - Swap Force,2.99,3.99,34401,https://www.pricecharting.com/game/skylanders/zoo-lou-swap-force,0 
ulcf6 Zoo Lou - Swap Force Legendary,1.99,2.99,34402,https://www.pricecharting.com/game/skylanders/zoo-lou-swap-force-legendary,0 
Zook,3.99,6.99,33757,https://www.pricecharting.com/game/skylanders/zook,0 
Zook - Giants Series 2,.99,2.99,33758,https://www.pricecharting.com/game/skylanders/zook-giants-series-2,0 
Zook - Giants Stone Series 2,54.99,109.99,33759,https://www.pricecharting.com/game/skylanders/zook-giants-stone-series-2,0 
