ESPN Winter Sports 2002,2.99,4.99,8.99,083717200291,15874,https://www.pricecharting.com/game/playstation-2/espn-winter-sports-2002 
Nicktoons Attack of the Toybots,4.99,7.99,19.99,752919461211,10313,https://www.pricecharting.com/game/playstation-2/nicktoons-attack-of-the-toybots 
No One Lives Forever,4.99,10.99,24.99,020626713894,5615,https://www.pricecharting.com/game/playstation-2/no-one-lives-forever 
Pac-Man World 2,4.99,6.99,24.99,722674021203,5630,https://www.pricecharting.com/game/playstation-2/pac-man-world-2 
Pirates Legend of the Black Buccaneer,1.99,2.99,6.99,853333001127,10438,https://www.pricecharting.com/game/playstation-2/pirates-legend-of-the-black-buccaneer 
Prince of Persia Warrior Within,3.99,4.99,24.99,008888321989,5651,https://www.pricecharting.com/game/playstation-2/prince-of-persia-warrior-within 
Pryzm Chapter One The Dark Unicorn,2.99,3.99,7.99,739069615022,14069,https://www.pricecharting.com/game/playstation-2/pryzm-chapter-one-the-dark-unicorn 
Ratchet and Clank Size Matters,ND,ND,ND,,,https://www.pricecharting.com/game/playstation-2/ratchet-and-clank-size-matters 
Ratchet Deadlocked,6.99,10.99,49.99,711719746522,5671,https://www.pricecharting.com/game/playstation-2/ratchet-deadlocked 
Resident Evil Outbreak,10.99,14.99,94.99,013388260270,5690,https://www.pricecharting.com/game/playstation-2/resident-evil-outbreak 
RPG Maker 2,3.99,7.99,24.99,093992090005,11312,https://www.pricecharting.com/game/playstation-2/rpg-maker-2 
Ruff Trigger the Vanocore Conspiracy,4.99,14.99,24.99,719593080107,11505,https://www.pricecharting.com/game/playstation-2/ruff-trigger-the-vanocore-conspiracy 
Rune Viking Warlord,3.99,5.99,19.99,710425270789,5719,https://www.pricecharting.com/game/playstation-2/rune-viking-warlord 
Salt Lake 2002,1.99,2.99,7.99,788687500067,5721,https://www.pricecharting.com/game/playstation-2/salt-lake-2002 
Samurai Warriors,4.99,7.99,29.99,014633148152,11060,https://www.pricecharting.com/game/playstation-2/samurai-warriors 
Savage Skies,2.99,4.99,14.99,682384620076,5724,https://www.pricecharting.com/game/playstation-2/savage-skies 
Seek and Destroy,1.99,4.99,11.99,815315000283,5732,https://www.pricecharting.com/game/playstation-2/seek-and-destroy 
Sega Sports Tennis,2.99,4.99,19.99,010086630114,5736,https://www.pricecharting.com/game/playstation-2/sega-sports-tennis 
Shaun Palmers Pro Snowboarder,2.99,3.99,9.99,047875801837,5746,https://www.pricecharting.com/game/playstation-2/shaun-palmers-pro-snowboarder 
Shell Shock Nam '67,3.99,6.99,39.99,788687500227,5747,https://www.pricecharting.com/game/playstation-2/shell-shock-nam-'67 
Shifters,3.99,6.99,19.99,790561524014,5748,https://www.pricecharting.com/game/playstation-2/shifters 
Silent Hill 2,74.99,99.99,234.99,083717200253,5757,https://www.pricecharting.com/game/playstation-2/silent-hill-2 
SNK Arcade Classics Volume 1,9.99,14.99,24.99,828862200228,13754,https://www.pricecharting.com/game/playstation-2/snk-arcade-classics-volume-1 
Snoopy vs. the Red Baron,9.99,13.99,39.99,722674100489,14224,https://www.pricecharting.com/game/playstation-2/snoopy-vs-the-red-baron 
SOCOM US Navy Seals,2.99,3.99,99.99,711719723028711719713425,5786,https://www.pricecharting.com/game/playstation-2/socom-us-navy-seals 
Sonic Heroes,7.99,8.99,44.99,010086630398,5789,https://www.pricecharting.com/game/playstation-2/sonic-heroes 
Spiderman,4.99,8.99,144.99,047875803015,5798,https://www.pricecharting.com/game/playstation-2/spiderman 
Splashdown,3.99,4.99,12.99,742725226388742725224469,5801,https://www.pricecharting.com/game/playstation-2/splashdown 
SpongeBob SquarePants Featuring Nicktoons Globs of Doom,7.99,8.99,19.99,752919461433,15769,https://www.pricecharting.com/game/playstation-2/spongebob-squarepants-featuring-nicktoons-globs-of-doom 
Star Wars Battlefront,5.99,7.99,74.99,023272324353,5827,https://www.pricecharting.com/game/playstation-2/star-wars-battlefront 
Star Wars Clone Wars: Republic Heroes,2.99,5.99,19.99,023272338350,19706,https://www.pricecharting.com/game/playstation-2/star-wars-clone-wars-republic-heroes 
Star Wars Starfighter,2.99,4.99,10.99,023272655358,5834,https://www.pricecharting.com/game/playstation-2/star-wars-starfighter 
Star Wars Super Bombad Racing,6.99,9.99,29.99,651952352985,5835,https://www.pricecharting.com/game/playstation-2/star-wars-super-bombad-racing 
Star Wars The Force Unleashed,3.99,6.99,29.99,023272332358023272332365,14969,https://www.pricecharting.com/game/playstation-2/star-wars-the-force-unleashed 
State of Emergency,3.99,4.99,69.99,710425270604,5837,https://www.pricecharting.com/game/playstation-2/state-of-emergency 
Strawberry Shortcake The Sweet Dreams Game,2.99,2.99,7.99,855433001106,14269,https://www.pricecharting.com/game/playstation-2/strawberry-shortcake-the-sweet-dreams-game 
Street Racing Syndicate,4.99,9.99,49.99,722674100120,5843,https://www.pricecharting.com/game/playstation-2/street-racing-syndicate 
Stuntman Ignition,1.99,2.99,4.99,752919461112,7455,https://www.pricecharting.com/game/playstation-2/stuntman-ignition 
Suzuki TT Superbikes,1.99,2.99,3.99,853333001028,5863,https://www.pricecharting.com/game/playstation-2/suzuki-tt-superbikes 
SWAT Global Strike Team,1.99,4.99,19.99,020626718639,5864,https://www.pricecharting.com/game/playstation-2/swat-global-strike-team 
Syphon Filter Dark Mirror,2.99,3.99,6.99,711719736226,11483,https://www.pricecharting.com/game/playstation-2/syphon-filter-dark-mirror 
Syphon Filter Omega Strain,2.99,4.99,14.99,711719726425,5866,https://www.pricecharting.com/game/playstation-2/syphon-filter-omega-strain 
Tak 2 The Staff of Dreams,4.99,7.99,24.99,752919460559,5870,https://www.pricecharting.com/game/playstation-2/tak-2-the-staff-of-dreams 
Tak and the Power of JuJu,4.99,6.99,44.99,752919460405,5871,https://www.pricecharting.com/game/playstation-2/tak-and-the-power-of-juju 
Teen Titans,10.99,19.99,44.99,752919461006,5875,https://www.pricecharting.com/game/playstation-2/teen-titans 
Tekken 4,6.99,7.99,64.99,722674021296,5878,https://www.pricecharting.com/game/playstation-2/tekken-4 
Tekken Tag Tournament,4.99,6.99,44.99,722674021036,5880,https://www.pricecharting.com/game/playstation-2/tekken-tag-tournament 
Terminator Dawn of Fate,3.99,6.99,34.99,742725226449,5883,https://www.pricecharting.com/game/playstation-2/terminator-dawn-of-fate 
Tetris Worlds,2.99,3.99,10.99,752919460054,5888,https://www.pricecharting.com/game/playstation-2/tetris-worlds 
The Polar Express,4.99,7.99,15.99,752919460481,5903,https://www.pricecharting.com/game/playstation-2/the-polar-express 
The Punisher,29.99,49.99,129.99,752919460498,5904,https://www.pricecharting.com/game/playstation-2/the-punisher 
The Simpsons Game,7.99,10.99,24.99,014633153996014633356793014633167627014633167665014633167740,10318,https://www.pricecharting.com/game/playstation-2/the-simpsons-game 
The Simpsons Skateboarding,9.99,12.99,74.99,014633143966,5766,https://www.pricecharting.com/game/playstation-2/the-simpsons-skateboarding 
The Thing,19.99,29.99,109.99,020626714365,5911,https://www.pricecharting.com/game/playstation-2/the-thing 
Thrillville,3.99,4.99,14.99,023272404352,10429,https://www.pricecharting.com/game/playstation-2/thrillville 
Tomb Raider Angel of Darkness,2.99,5.99,69.99,788687500098,5933,https://www.pricecharting.com/game/playstation-2/tomb-raider-angel-of-darkness 
Winter Sports 2 The Next Challenge,2.99,2.99,4.99,815315001532,16059,https://www.pricecharting.com/game/playstation-2/winter-sports-2-the-next-challenge 
