ESPN Winter Sports 2002,0,0,0,http://videogames.pricecharting.com/game/playstation-2/espn-winter-sports-2002 
IHRA Sportsman Edition,2,4,0,http://videogames.pricecharting.com/game/playstation-2/ihra-sportsman-edition 
Nicktoons Attack of the Toybots,4,4,1,http://videogames.pricecharting.com/game/playstation-2/nicktoons-attack-of-the-toybots 
Nightfire,,,,http://videogames.pricecharting.com/game/playstation-2/nightfire 
No One Lives Forever,4,8,1,http://videogames.pricecharting.com/game/playstation-2/no-one-lives-forever 
Pac-Man World 2,8,30,1,http://videogames.pricecharting.com/game/playstation-2/pac-man-world-2 
Pirates Legend of the Black Buccaneer,2,4,1,http://videogames.pricecharting.com/game/playstation-2/pirates-legend-of-the-black-buccaneer 
Power Drome Racing,1,1,1,http://videogames.pricecharting.com/game/playstation-2/power-drome-racing 
Prince of Persia Warrior Within,4,8,1,http://videogames.pricecharting.com/game/playstation-2/prince-of-persia-warrior-within 
Pryzm Chapter One The Dark Unicorn,1,1,0,http://videogames.pricecharting.com/game/playstation-2/pryzm-chapter-one-the-dark-unicorn 
Ratchet and Clank Size Matters,4,12,1,http://videogames.pricecharting.com/game/playstation-2/ratchet-and-clank-size-matters 
Ratchet Deadlocked,4,30,4,http://videogames.pricecharting.com/game/playstation-2/ratchet-deadlocked 
Resident Evil Outbreak,8,60,4,http://videogames.pricecharting.com/game/playstation-2/resident-evil-outbreak 
RPG Maker 2,2,4,0,http://videogames.pricecharting.com/game/playstation-2/rpg-maker-2 
Ruff Trigger the Vanocore Conspiracy,1,1,0,http://videogames.pricecharting.com/game/playstation-2/ruff-trigger-the-vanocore-conspiracy 
Rune Viking Warlord,2,4,0,http://videogames.pricecharting.com/game/playstation-2/rune-viking-warlord 
Salt Lake 2002,1,1,0,http://videogames.pricecharting.com/game/playstation-2/salt-lake-2002 
Samurai Warriors,2,8,1,http://videogames.pricecharting.com/game/playstation-2/samurai-warriors 
Savage Skies,1,1,0,http://videogames.pricecharting.com/game/playstation-2/savage-skies 
Seek and Destroy,2,4,1,http://videogames.pricecharting.com/game/playstation-2/seek-and-destroy 
