102 Dalmatians Puppies to the Rescue,8.99,13.99,19.99,788687452847,8439,https://www.pricecharting.com/game/sega-dreamcast/102-dalmatians-puppies-to-the-rescue 
18 Wheeler American Pro Trucker,10.99,19.99,49.99,010086510645,8440,https://www.pricecharting.com/game/sega-dreamcast/18-wheeler-american-pro-trucker 
4 Wheel Thunder,5.99,12.99,29.99,031719209903,8446,https://www.pricecharting.com/game/sega-dreamcast/4-wheel-thunder 
4x4 EVO,9.99,16.99,29.99,663593120144,8447,https://www.pricecharting.com/game/sega-dreamcast/4x4-evo 
AeroWings,5.99,12.99,19.99,650008799132,8480,https://www.pricecharting.com/game/sega-dreamcast/aerowings 
AeroWings 2 Air Strike,18.99,34.99,69.99,650008799217,8481,https://www.pricecharting.com/game/sega-dreamcast/aerowings-2-air-strike 
AirForce Delta,5.99,10.99,29.99,083717190004,8489,https://www.pricecharting.com/game/sega-dreamcast/airforce-delta 
Alien Front Online,14.99,39.99,64.99,010086511710,8496,https://www.pricecharting.com/game/sega-dreamcast/alien-front-online 
Alone In The Dark The New Nightmare,34.99,44.99,54.99,020295150112742725226364,8504,https://www.pricecharting.com/game/sega-dreamcast/alone-in-the-dark-the-new-nightmare 
Arabian Nights Prince of Persia,34.99,59.99,124.99,074299406928,8516,https://www.pricecharting.com/game/sega-dreamcast/arabian-nights-prince-of-persia 
Armada,16.99,29.99,54.99,650001222217,8528,https://www.pricecharting.com/game/sega-dreamcast/armada 
Army Men Sarges Heroes,13.99,29.99,59.99,031719209989,8531,https://www.pricecharting.com/game/sega-dreamcast/army-men-sarge%27s-heroes 
Atari Anniversary Edition,5.99,11.99,19.99,742725226692,8539,https://www.pricecharting.com/game/sega-dreamcast/atari-anniversary-edition 
Bangai-O,74.99,124.99,339.99,815315000009,8553,https://www.pricecharting.com/game/sega-dreamcast/bangai-o 
Bangai-O Prize Edition,809.99,809.99,-.01,,19447,https://www.pricecharting.com/game/sega-dreamcast/bangai-o-prize-edition 
Bang Gunship Elite,10.99,19.99,24.99,646227991006,8552,https://www.pricecharting.com/game/sega-dreamcast/bang-gunship-elite 
Blue Stinger,19.99,39.99,79.99,047875109346,8626,https://www.pricecharting.com/game/sega-dreamcast/blue-stinger 
Bomberman Online,39.99,59.99,99.99,010086510652,8633,https://www.pricecharting.com/game/sega-dreamcast/bomberman-online 
Border Down Limited Edition,199.99,309.99,509.99,,14937,https://www.pricecharting.com/game/sega-dreamcast/border-down-limited-edition 
Bust-A-Move 4,18.99,29.99,59.99,021481831785,8671,https://www.pricecharting.com/game/sega-dreamcast/bust-a-move-4 
Buzz Lightyear Of Star Command,18.99,29.99,59.99,047875122505,8675,https://www.pricecharting.com/game/sega-dreamcast/buzz-lightyear-of-star-command 
Caesars Palace 2000,5.99,12.99,19.99,040421005369,8684,https://www.pricecharting.com/game/sega-dreamcast/caesar%27s-palace-2000 
Cannon Spike,149.99,299.99,534.99,013388250141,8689,https://www.pricecharting.com/game/sega-dreamcast/cannon-spike 
Capcom vs SNK,39.99,74.99,184.99,013388250158,8693,https://www.pricecharting.com/game/sega-dreamcast/capcom-vs-snk 
Carrier,29.99,44.99,89.99,032264500149,8699,https://www.pricecharting.com/game/sega-dreamcast/carrier 
Centipede,5.99,12.99,19.99,076930990445,8709,https://www.pricecharting.com/game/sega-dreamcast/centipede 
Championship Surfer,3.99,8.99,16.99,074299409431,8718,https://www.pricecharting.com/game/sega-dreamcast/championship-surfer 
Charge N Blast,14.99,24.99,39.99,651222008048,8719,https://www.pricecharting.com/game/sega-dreamcast/charge-n%27-blast 
Chicken Run,9.99,17.99,29.99,788687454841,8727,https://www.pricecharting.com/game/sega-dreamcast/chicken-run 
Chu Chu Rocket,13.99,19.99,29.99,010086510492,8734,https://www.pricecharting.com/game/sega-dreamcast/chu-chu-rocket 
Coaster Works,3.99,4.99,4.99,651222008017,8742,https://www.pricecharting.com/game/sega-dreamcast/coaster-works 
Confidential Mission,24.99,54.99,69.99,010086511604,8758,https://www.pricecharting.com/game/sega-dreamcast/confidential-mission 
Conflict Zone Modern War Strategy,5.99,18.99,34.99,008888260127,8759,https://www.pricecharting.com/game/sega-dreamcast/conflict-zone-modern-war-strategy 
Crazy Taxi,12.99,19.99,84.99,010086510355,8776,https://www.pricecharting.com/game/sega-dreamcast/crazy-taxi 
Crazy Taxi 2,19.99,34.99,79.99,010086511369,8777,https://www.pricecharting.com/game/sega-dreamcast/crazy-taxi-2 
D2,74.99,139.99,174.99,010086510362,8799,https://www.pricecharting.com/game/sega-dreamcast/d2 
Dark Angel Vampire Apocalypse,3.99,5.99,24.99,650001333319,5103,https://www.pricecharting.com/game/sega-dreamcast/dark-angel-vampire-apocalypse 
Dave Mirra Freestyle BMX,4.99,9.99,19.99,021481832119,8814,https://www.pricecharting.com/game/sega-dreamcast/dave-mirra-freestyle-bmx 
Daytona USA,39.99,59.99,109.99,010086510379,8820,https://www.pricecharting.com/game/sega-dreamcast/daytona-usa 
Dead or Alive 2,18.99,29.99,144.99,018946010120,8823,https://www.pricecharting.com/game/sega-dreamcast/dead-or-alive-2 
Death Crimson OX,24.99,59.99,94.99,808777724019,8826,https://www.pricecharting.com/game/sega-dreamcast/death-crimson-ox 
Deep Fighter,13.99,29.99,39.99,008888260042,8832,https://www.pricecharting.com/game/sega-dreamcast/deep-fighter 
Demolition Racer,8.99,11.99,17.99,020295150129,8838,https://www.pricecharting.com/game/sega-dreamcast/demolition-racer 
Dino Crisis,39.99,64.99,124.99,013388250189,8845,https://www.pricecharting.com/game/sega-dreamcast/dino-crisis 
Disneys Dinosaur,8.99,24.99,39.99,008888260196,8850,https://www.pricecharting.com/game/sega-dreamcast/disney%27s-dinosaur 
Donald Duck Going Quackers,19.99,29.99,74.99,008888260141,8851,https://www.pricecharting.com/game/sega-dreamcast/donald-duck-going-quackers 
Draconus Cult of the Wyrm,19.99,34.99,64.99,650008799101,8860,https://www.pricecharting.com/game/sega-dreamcast/draconus-cult-of-the-wyrm 
Dragon Riders: Chronicles of Pern,15.99,29.99,39.99,008888260097,8866,https://www.pricecharting.com/game/sega-dreamcast/dragon-riders-chronicles-of-pern 
Dream Blaster Light Gun,54.99,59.99,119.99,728658071882,19982,https://www.pricecharting.com/game/sega-dreamcast/dream-blaster-light-gun 
Ducati World Racing Challenge,7.99,16.99,44.99,021481832157,8877,https://www.pricecharting.com/game/sega-dreamcast/ducati-world-racing-challenge 
Dynamite Cop,39.99,74.99,124.99,010086510133,8885,https://www.pricecharting.com/game/sega-dreamcast/dynamite-cop 
Ecco the Dolphin Defender of the Future,11.99,19.99,54.99,010086510331,8898,https://www.pricecharting.com/game/sega-dreamcast/ecco-the-dolphin-defender-of-the-future 
ECW Anarchy Rulz,24.99,94.99,184.99,021481832041,8900,https://www.pricecharting.com/game/sega-dreamcast/ecw-anarchy-rulz 
ECW Hardcore Revolution,4.99,10.99,19.99,021481832034,8901,https://www.pricecharting.com/game/sega-dreamcast/ecw-hardcore-revolution 
EGG Elemental Gimmick Gear,49.99,109.99,124.99,681313024114,8902,https://www.pricecharting.com/game/sega-dreamcast/egg-elemental-gimmick-gear 
ESPN International Track and Field,4.99,8.99,18.99,083717190806,8912,https://www.pricecharting.com/game/sega-dreamcast/espn-international-track-and-field 
ESPN NBA 2Night,5.99,18.99,34.99,083717190417,8914,https://www.pricecharting.com/game/sega-dreamcast/espn-nba-2night 
Evil Dead Hail to the King,24.99,49.99,79.99,785138370033,8919,https://www.pricecharting.com/game/sega-dreamcast/evil-dead-hail-to-the-king 
Evil Twin Cypriens Chronicles,ND,ND,ND,,,https://www.pricecharting.com/game/sega-dreamcast/evil-twin-cyprien%27s-chronicles 
Evolution 2 Far off Promise,29.99,59.99,89.99,008888260073,8921,https://www.pricecharting.com/game/sega-dreamcast/evolution-2-far-off-promise 
Evolution the World of Sacred Device,15.99,24.99,39.99,008888260066,13104,https://www.pricecharting.com/game/sega-dreamcast/evolution-the-world-of-sacred-device 
Expendable,9.99,24.99,44.99,020295150051,8925,https://www.pricecharting.com/game/sega-dreamcast/expendable 
F-1 World Grand Prix,7.99,18.99,24.99,010086510300,8926,https://www.pricecharting.com/game/sega-dreamcast/f1-world-grand-prix 
F355 Challenge,17.99,24.99,49.99,021481832645,8932,https://www.pricecharting.com/game/sega-dreamcast/f355-challenge 
Fatal Fury Mark of the Wolves,59.99,99.99,194.99,093992058005,8944,https://www.pricecharting.com/game/sega-dreamcast/fatal-fury-mark-of-the-wolves 
Fighting Force 2,8.99,11.99,29.99,788687450041,8967,https://www.pricecharting.com/game/sega-dreamcast/fighting-force-2 
Flag to Flag,9.99,16.99,24.99,010086510072,8977,https://www.pricecharting.com/game/sega-dreamcast/flag-to-flag 
Floigan Brothers,8.99,19.99,34.99,010086511147,8984,https://www.pricecharting.com/game/sega-dreamcast/floigan-brothers 
Frogger 2 Swampys Revenge,10.99,15.99,24.99,096427012146,8993,https://www.pricecharting.com/game/sega-dreamcast/frogger-2-swampy%27s-revenge 
Fur Fighters,19.99,34.99,94.99,021481832188,9002,https://www.pricecharting.com/game/sega-dreamcast/fur-fighters 
GameShark CDX,19.99,39.99,74.99,741948208027,20366,https://www.pricecharting.com/game/sega-dreamcast/gameshark-cdx 
Gauntlet Legends,34.99,54.99,109.99,031719209941,9015,https://www.pricecharting.com/game/sega-dreamcast/gauntlet-legends 
Generator Demo Disc Vol. 1,ND,ND,ND,,,https://www.pricecharting.com/game/sega-dreamcast/generator-demo-disc-vol-1 
Generator Demo Disc Vol. 2,ND,ND,ND,,,https://www.pricecharting.com/game/sega-dreamcast/generator-demo-disc-vol-2 
Giga Wing,64.99,149.99,254.99,013388250080,9035,https://www.pricecharting.com/game/sega-dreamcast/giga-wing 
Giga Wing 2,134.99,314.99,384.99,013388250226,9036,https://www.pricecharting.com/game/sega-dreamcast/giga-wing-2 
Grandia II,19.99,44.99,149.99,008888260226,9060,https://www.pricecharting.com/game/sega-dreamcast/grandia-ii 
Grand Theft Auto 2,19.99,39.99,74.99,710425260421,9055,https://www.pricecharting.com/game/sega-dreamcast/grand-theft-auto-2 
Gunbird 2,64.99,154.99,234.99,013388250134,9078,https://www.pricecharting.com/game/sega-dreamcast/gunbird-2 
Gundam Side Story 0079,24.99,54.99,109.99,045557088705,9079,https://www.pricecharting.com/game/sega-dreamcast/gundam-side-story-0079 
Heavy Metal Geomatrix,54.99,84.99,159.99,013388250233,9100,https://www.pricecharting.com/game/sega-dreamcast/heavy-metal-geomatrix 
Hidden and Dangerous,4.99,14.99,24.99,710425260629750560100725,9107,https://www.pricecharting.com/game/sega-dreamcast/hidden-and-dangerous 
Hoyle Casino,8.99,12.99,19.99,020626710763,9131,https://www.pricecharting.com/game/sega-dreamcast/hoyle-casino 
Hydro Thunder,19.99,29.99,54.99,031719209804031719209859,9135,https://www.pricecharting.com/game/sega-dreamcast/hydro-thunder 
Illbleed,149.99,244.99,349.99,839204000017,9137,https://www.pricecharting.com/game/sega-dreamcast/illbleed 
Incoming,9.99,15.99,29.99,040421006847,9142,https://www.pricecharting.com/game/sega-dreamcast/incoming 
Industrial Spy Operation Espionage,19.99,79.99,134.99,695537000168,9146,https://www.pricecharting.com/game/sega-dreamcast/industrial-spy-operation-espionage 
Iron Aces,9.99,9.99,18.99,651222008024,9150,https://www.pricecharting.com/game/sega-dreamcast/iron-aces 
Jeremy McGrath Supercross 2000,2.99,9.99,17.99,021481831761,9174,https://www.pricecharting.com/game/sega-dreamcast/jeremy-mcgrath-supercross-2000 
Jet Grind Radio,34.99,49.99,119.99,010086510584,9175,https://www.pricecharting.com/game/sega-dreamcast/jet-grind-radio 
JoJos Bizarre Adventure,169.99,289.99,649.99,013388250042,9182,https://www.pricecharting.com/game/sega-dreamcast/jojo%27s-bizarre-adventure 
Jump Pack,29.99,44.99,54.99,804926092404,19258,https://www.pricecharting.com/game/sega-dreamcast/jump-pack 
Kao the Kangaroo,54.99,114.99,154.99,091493054199,9195,https://www.pricecharting.com/game/sega-dreamcast/kao-the-kangaroo 
King of Fighters Dream Match 99,19.99,39.99,89.99,018484631016,9207,https://www.pricecharting.com/game/sega-dreamcast/king-of-fighters-dream-match-%2799 
KISS Psycho Circus The Nightmare Child,17.99,29.99,44.99,663593180032,9215,https://www.pricecharting.com/game/sega-dreamcast/kiss-psycho-circus-the-nightmare-child 
Last Blade 2 Heart of the Samurai,34.99,69.99,144.99,093992057909,9225,https://www.pricecharting.com/game/sega-dreamcast/last-blade-2-heart-of-the-samurai 
Legacy of Kain Soul Reaver,17.99,29.99,64.99,788687450645,9229,https://www.pricecharting.com/game/sega-dreamcast/legacy-of-kain-soul-reaver 
Looney Tunes Space Race,19.99,34.99,64.99,020295150082,9255,https://www.pricecharting.com/game/sega-dreamcast/looney-tunes-space-race 
Mag Force Racing,11.99,24.99,29.99,650008799163,10944,https://www.pricecharting.com/game/sega-dreamcast/mag-force-racing 
Maken X,24.99,54.99,64.99,010086510508,9279,https://www.pricecharting.com/game/sega-dreamcast/maken-x 
Mars Matrix,84.99,189.99,224.99,013388250219,9291,https://www.pricecharting.com/game/sega-dreamcast/mars-matrix 
Marvel Vs Capcom,49.99,84.99,404.99,013388250028,9298,https://www.pricecharting.com/game/sega-dreamcast/marvel-vs-capcom 
Marvel vs Capcom 2,109.99,179.99,199.99,013388250103,13101,https://www.pricecharting.com/game/sega-dreamcast/marvel-vs-capcom-2 
Mat Hoffmans Pro BMX,8.99,18.99,24.99,047875122413,9302,https://www.pricecharting.com/game/sega-dreamcast/mat-hoffman%27s-pro-bmx 
Maximum Pool,9.99,17.99,29.99,020626710398,9306,https://www.pricecharting.com/game/sega-dreamcast/maximum-pool 
Max Steel Covert Missions,9.99,16.99,29.99,074299405204,9304,https://www.pricecharting.com/game/sega-dreamcast/max-steel-covert-missions 
MDK 2,14.99,24.99,49.99,040421005567,9309,https://www.pricecharting.com/game/sega-dreamcast/mdk-2 
Metropolis Street Racer,11.99,29.99,49.99,010086510126,9332,https://www.pricecharting.com/game/sega-dreamcast/metropolis-street-racer 
Midways Greatest Arcade Hits Vol 2,9.99,19.99,39.99,031719200016,9347,https://www.pricecharting.com/game/sega-dreamcast/midway%27s-greatest-arcade-hits-vol-2 
Midways Greatest Arcade Hits Volume I,7.99,15.99,19.99,031719209996,9348,https://www.pricecharting.com/game/sega-dreamcast/midway%27s-greatest-arcade-hits-volume-i 
Monaco Grand Prix,5.99,12.99,39.99,008888260011,9365,https://www.pricecharting.com/game/sega-dreamcast/monaco-grand-prix 
Mortal Kombat Gold,34.99,59.99,69.99,031719209811031719209866,9372,https://www.pricecharting.com/game/sega-dreamcast/mortal-kombat-gold 
Mr. Driller,29.99,69.99,109.99,722674020947,9379,https://www.pricecharting.com/game/sega-dreamcast/mr-driller 
Ms. Pac-Man Maze Madness,14.99,24.99,39.99,722674021029,9383,https://www.pricecharting.com/game/sega-dreamcast/ms-pac-man-maze-madness 
MTV Sports Skateboarding Featuring Andy MacDonald,5.99,18.99,24.99,785138370019,9384,https://www.pricecharting.com/game/sega-dreamcast/mtv-sports-skateboarding 
Namco Museum,9.99,19.99,24.99,722674021012,9397,https://www.pricecharting.com/game/sega-dreamcast/namco-museum 
NBA 2K,2.99,4.99,134.99,010086510041,9410,https://www.pricecharting.com/game/sega-dreamcast/nba-2k 
NBA 2K1,3.99,4.99,19.99,010086510638,9411,https://www.pricecharting.com/game/sega-dreamcast/nba-2k1 
NBA 2K2,9.99,19.99,59.99,010086511789,9412,https://www.pricecharting.com/game/sega-dreamcast/nba-2k2 
NBA Hoopz,19.99,34.99,39.99,031719209965,9421,https://www.pricecharting.com/game/sega-dreamcast/nba-hoopz 
NBA Showtime,10.99,19.99,29.99,031719209439,9439,https://www.pricecharting.com/game/sega-dreamcast/nba-showtime 
NCAA College Football 2K2,5.99,11.99,24.99,010086511765,9441,https://www.pricecharting.com/game/sega-dreamcast/ncaa-college-football-2k2 
NFL 2K,3.99,3.99,11.99,010086510034,9452,https://www.pricecharting.com/game/sega-dreamcast/nfl-2k 
NFL 2K1,2.99,2.99,13.99,010086510621,9453,https://www.pricecharting.com/game/sega-dreamcast/nfl-2k1 
NFL 2K2,5.99,9.99,29.99,010086511680,9454,https://www.pricecharting.com/game/sega-dreamcast/nfl-2k2 
NFL Blitz 2000,15.99,24.99,29.99,031719209835,9457,https://www.pricecharting.com/game/sega-dreamcast/nfl-blitz-2000 
NFL Blitz 2001,16.99,24.99,44.99,031719209897,9458,https://www.pricecharting.com/game/sega-dreamcast/nfl-blitz-2001 
NFL QB Club 2001,4.99,12.99,24.99,021481832164,9460,https://www.pricecharting.com/game/sega-dreamcast/nfl-qb-club-2001 
NFL Quarterback Club 2000,2.99,5.99,15.99,021481831891,9461,https://www.pricecharting.com/game/sega-dreamcast/nfl-quarterback-club-2000 
NHL 2K,2.99,5.99,12.99,010086510256,9468,https://www.pricecharting.com/game/sega-dreamcast/nhl-2k 
NHL 2K2,12.99,24.99,39.99,010086511826,9469,https://www.pricecharting.com/game/sega-dreamcast/nhl-2k2 
Nightmare Creatures II,17.99,34.99,69.99,083717190615,9485,https://www.pricecharting.com/game/sega-dreamcast/nightmare-creatures-ii 
Omikron The Nomad Soul,24.99,69.99,94.99,788687451642,9502,https://www.pricecharting.com/game/sega-dreamcast/omikron-the-nomad-soul 
Ooga Booga,11.99,24.99,34.99,010086511406,9504,https://www.pricecharting.com/game/sega-dreamcast/ooga-booga 
Outrigger,29.99,64.99,109.99,010086511024,9512,https://www.pricecharting.com/game/sega-dreamcast/outtrigger 
PenPen TriIcelon,11.99,24.99,44.99,020295150044,9538,https://www.pricecharting.com/game/sega-dreamcast/penpen-triicelon 
Phantasy Star Online,14.99,29.99,64.99,010086511000,9548,https://www.pricecharting.com/game/sega-dreamcast/phantasy-star-online 
Phantasy Star Online Version 2,16.99,39.99,69.99,010086511932,9549,https://www.pricecharting.com/game/sega-dreamcast/phantasy-star-online-version-2 
PlanetWeb Web Browser 2.0,.99,2.99,5.99,,19684,https://www.pricecharting.com/game/sega-dreamcast/planetweb-web-browser-20 
PlanetWeb Web Browser 3.0,34.99,49.99,234.99,,19685,https://www.pricecharting.com/game/sega-dreamcast/planetweb-web-browser-30 
Plasma Sword Nightmare of Bilstein,34.99,64.99,104.99,013388250066,9564,https://www.pricecharting.com/game/sega-dreamcast/plasma-sword-nightmare-of-bilstein 
POD Speedzone,5.99,17.99,19.99,008888260158,9571,https://www.pricecharting.com/game/sega-dreamcast/pod-speedzone 
Power Stone,54.99,84.99,229.99,013388250011,9578,https://www.pricecharting.com/game/sega-dreamcast/power-stone 
Power Stone 2,84.99,149.99,419.99,013388250110,9579,https://www.pricecharting.com/game/sega-dreamcast/power-stone-2 
Project Justice,159.99,294.99,559.99,013388250165,9594,https://www.pricecharting.com/game/sega-dreamcast/project-justice 
Psychic Force 2012,14.99,34.99,69.99,021481832096,9600,https://www.pricecharting.com/game/sega-dreamcast/psychic-force-2012 
Q*bert,11.99,19.99,34.99,096427012092,9609,https://www.pricecharting.com/game/sega-dreamcast/q*bert 
Quake III,11.99,19.99,34.99,010086510614,9613,https://www.pricecharting.com/game/sega-dreamcast/quake-iii-arena 
Railroad Tycoon II Gold Edition,5.99,13.99,24.99,663593130167,9620,https://www.pricecharting.com/game/sega-dreamcast/railroad-tycoon-ii-gold-edition 
Rainbow Six,4.99,7.99,19.99,096427011903,10037,https://www.pricecharting.com/game/sega-dreamcast/rainbow-six 
Rainbow Six Rogue Spear,5.99,13.99,29.99,096427011972,10038,https://www.pricecharting.com/game/sega-dreamcast/rainbow-six-rogue-spear 
Rayman 2 The Great Escape,19.99,39.99,89.99,008888260059,9632,https://www.pricecharting.com/game/sega-dreamcast/rayman-2-the-great-escape 
Razor Freestyle Scooter,3.99,11.99,19.99,650008799279,9634,https://www.pricecharting.com/game/sega-dreamcast/razor-freestyle-scooter 
Ready 2 Rumble Boxing,10.99,16.99,49.99,031719209873031719209828,9640,https://www.pricecharting.com/game/sega-dreamcast/ready-2-rumble-boxing 
Ready 2 Rumble Boxing Round 2,16.99,19.99,59.99,031719209910,9641,https://www.pricecharting.com/game/sega-dreamcast/ready-2-rumble-boxing-round-2 
Record of Lodoss War,34.99,69.99,99.99,815315000016,9642,https://www.pricecharting.com/game/sega-dreamcast/record-of-lodoss-war 
Red Dog,24.99,39.99,74.99,650008799231,9643,https://www.pricecharting.com/game/sega-dreamcast/red-dog 
Reel Fishing Wild,11.99,24.99,59.99,719593070016,9646,https://www.pricecharting.com/game/sega-dreamcast/reel-fishing-wild 
Resident Evil 2,79.99,149.99,349.99,013388250196,9653,https://www.pricecharting.com/game/sega-dreamcast/resident-evil-2 
Resident Evil 3 Nemesis,49.99,79.99,184.99,013388250202,9654,https://www.pricecharting.com/game/sega-dreamcast/resident-evil-3-nemesis 
Resident Evil CODE Veronica,19.99,39.99,174.99,013388250035,9652,https://www.pricecharting.com/game/sega-dreamcast/resident-evil-code-veronica 
Re-Volt,14.99,24.99,49.99,021481831631,9655,https://www.pricecharting.com/game/sega-dreamcast/re-volt 
Rippin Riders Snowboarding,3.99,7.99,19.99,010086510102,9661,https://www.pricecharting.com/game/sega-dreamcast/rippin%27-riders-snowboarding 
Roadsters,10.99,19.99,34.99,091493253585,9668,https://www.pricecharting.com/game/sega-dreamcast/roadsters 
Samba De Amigo,24.99,54.99,69.99,010086510928,9690,https://www.pricecharting.com/game/sega-dreamcast/samba-de-amigo 
Samba De Amigos Maracas,49.99,74.99,144.99,010086501728,45778,https://www.pricecharting.com/game/sega-dreamcast/maracas-controller 
Samba De Amigo with Maracas,ND,ND,ND,,,https://www.pricecharting.com/game/sega-dreamcast/samba-de-amigo-with-maracas 
San Francisco Rush 2049,34.99,49.99,139.99,031719209842,9693,https://www.pricecharting.com/game/sega-dreamcast/san-francisco-rush-2049 
Seaman,24.99,79.99,164.99,010086510485,13102,https://www.pricecharting.com/game/sega-dreamcast/seaman 
Sega Bass Fishing,5.99,13.99,19.99,010086510065,9705,https://www.pricecharting.com/game/sega-dreamcast/sega-bass-fishing 
Sega Bass Fishing 2,34.99,54.99,69.99,010086511666,9706,https://www.pricecharting.com/game/sega-dreamcast/sega-bass-fishing-2 
Sega Dreamcast Broadband Adapter,154.99,164.99,404.99,010086501766,20988,https://www.pricecharting.com/game/sega-dreamcast/sega-dreamcast-broadband-adapter 
Sega Dreamcast Console,99.99,204.99,629.99,010086500004,13193,https://www.pricecharting.com/game/sega-dreamcast/sega-dreamcast-console 
Sega Dreamcast Console Black,189.99,319.99,604.99,600586007921,31546,https://www.pricecharting.com/game/sega-dreamcast/sega-dreamcast-console-black 
Sega Dreamcast Controller,19.99,34.99,59.99,087116014565010086501001,19255,https://www.pricecharting.com/game/sega-dreamcast/sega-dreamcast-controller 
Sega Dreamcast Keyboard,49.99,54.99,59.99,010086501520,19561,https://www.pricecharting.com/game/sega-dreamcast/sega-dreamcast-keyboard 
Sega Dreamcast Mouse,64.99,69.99,74.99,010086501735,19562,https://www.pricecharting.com/game/sega-dreamcast/sega-dreamcast-mouse 
Segagaga Box Set [Japan],114.99,154.99,289.99,,19533,https://www.pricecharting.com/game/sega-dreamcast/segagaga-box-set-%5Bjapan%5D 
Sega GT,8.99,12.99,34.99,010086510539,9709,https://www.pricecharting.com/game/sega-dreamcast/sega-gt 
Sega Marine Fishing,4.99,9.99,19.99,010086510966,9710,https://www.pricecharting.com/game/sega-dreamcast/sega-marine-fishing 
Sega Rally 2 Sega Rally Championship,12.99,18.99,39.99,010086510195,9711,https://www.pricecharting.com/game/sega-dreamcast/sega-rally-2-sega-rally-championship 
SEGA Smash Pack Volume 1,10.99,17.99,34.99,010086511468,9717,https://www.pricecharting.com/game/sega-dreamcast/sega-smash-pack-volume-1 
Seventh Cross Evolution,14.99,24.99,44.99,695537000243,9722,https://www.pricecharting.com/game/sega-dreamcast/seventh-cross-evolution 
Shadow Man,14.99,24.99,49.99,021481831419,9724,https://www.pricecharting.com/game/sega-dreamcast/shadow-man 
Shenmue,18.99,34.99,169.99,010086510591,9731,https://www.pricecharting.com/game/sega-dreamcast/shenmue 
Shenmue II [Japan],ND,ND,ND,,,https://www.pricecharting.com/game/sega-dreamcast/shenmue-ii-%5Bjapan%5D 
Silent Scope,9.99,19.99,39.99,083717190813,9746,https://www.pricecharting.com/game/sega-dreamcast/silent-scope 
Silver,19.99,34.99,74.99,020295150105,9748,https://www.pricecharting.com/game/sega-dreamcast/silver 
Skies of Arcadia,84.99,149.99,394.99,010086510522,9758,https://www.pricecharting.com/game/sega-dreamcast/skies-of-arcadia 
Slave Zero,5.99,13.99,44.99,020295150013,9761,https://www.pricecharting.com/game/sega-dreamcast/slave-zero 
SnoCross Championship Racing,9.99,19.99,64.99,650008799187,9766,https://www.pricecharting.com/game/sega-dreamcast/snocross-championship-racing 
Soldier of Fortune,17.99,34.99,54.99,650008799224,9774,https://www.pricecharting.com/game/sega-dreamcast/soldier-of-fortune 
Sonic Adventure,24.99,44.99,139.99,010086510003,9779,https://www.pricecharting.com/game/sega-dreamcast/sonic-adventure 
Sonic Adventure 2,69.99,104.99,279.99,010086511178,9780,https://www.pricecharting.com/game/sega-dreamcast/sonic-adventure-2 
Sonic Adventure 2 10th Anniversary Package,ND,ND,ND,,,https://www.pricecharting.com/game/sega-dreamcast/sonic-adventure-2-10th-anniversary-package 
Sonic Adventure Limited Edition,64.99,309.99,399.99,010086510140,14016,https://www.pricecharting.com/game/sega-dreamcast/sonic-adventure-limited-edition 
Sonic Shuffle,24.99,44.99,79.99,010086510607,9787,https://www.pricecharting.com/game/sega-dreamcast/sonic-shuffle 
Soul Calibur,18.99,29.99,149.99,722674020923,10397,https://www.pricecharting.com/game/sega-dreamcast/soul-calibur 
Soul Fighter,9.99,16.99,24.99,772040786656,9793,https://www.pricecharting.com/game/sega-dreamcast/soul-fighter 
South Park Chefs Luv Shack,8.99,13.99,24.99,021481831907,9797,https://www.pricecharting.com/game/sega-dreamcast/south-park-chef%27s-luv-shack 
South Park Rally,24.99,44.99,89.99,021481831976,9798,https://www.pricecharting.com/game/sega-dreamcast/south-park-rally 
Space Channel 5,13.99,19.99,34.99,010086510515,9800,https://www.pricecharting.com/game/sega-dreamcast/space-channel-5 
Space Channel 5 Part 2 Limited Edition,134.99,144.99,214.99,,14938,https://www.pricecharting.com/game/sega-dreamcast/space-channel-5-part-2-limited-edition 
Spawn In the Demons Hand,64.99,99.99,199.99,013388250127,9805,https://www.pricecharting.com/game/sega-dreamcast/spawn-in-the-demon%27s-hand 
Spec Ops Omega Squad,3.99,9.99,19.99,695523200022,9806,https://www.pricecharting.com/game/sega-dreamcast/spec-ops-omega-squad 
Speed Devils,11.99,18.99,44.99,008888260028,9808,https://www.pricecharting.com/game/sega-dreamcast/speed-devils 
Speed Devils Online Racing,10.99,19.99,39.99,008888260165,9809,https://www.pricecharting.com/game/sega-dreamcast/speed-devils-online-racing 
Spiderman,39.99,69.99,169.99,047875801554,9813,https://www.pricecharting.com/game/sega-dreamcast/spiderman 
Spirit of Speed 1937,7.99,19.99,39.99,021481832287,9824,https://www.pricecharting.com/game/sega-dreamcast/spirit-of-speed-1937 
Sports Jam,17.99,34.99,54.99,093992057800,9829,https://www.pricecharting.com/game/sega-dreamcast/sports-jam 
Starlancer,16.99,34.99,49.99,650008799200,9858,https://www.pricecharting.com/game/sega-dreamcast/starlancer 
Star Wars Demolition,11.99,19.99,59.99,023272317485,9853,https://www.pricecharting.com/game/sega-dreamcast/star-wars-demolition 
Star Wars Episode I Jedi Power Battles,19.99,29.99,59.99,023272654481,9854,https://www.pricecharting.com/game/sega-dreamcast/star-wars-episode-i-jedi-power-battles 
Star Wars Episode I Racer,18.99,34.99,79.99,023272653484,9855,https://www.pricecharting.com/game/sega-dreamcast/star-wars-episode-i-racer 
Street Fighter Alpha 3,44.99,64.99,94.99,013388250059,9865,https://www.pricecharting.com/game/sega-dreamcast/street-fighter-alpha-3 
Street Fighter III Double Impact,34.99,69.99,229.99,013388250073,9869,https://www.pricecharting.com/game/sega-dreamcast/street-fighter-iii-double-impact 
Street Fighter III Third Strike: Fight for the Future,ND,ND,ND,,,https://www.pricecharting.com/game/sega-dreamcast/street-fighter-iii-third-strike-fight-for-the-future 
Striker Pro 2000,5.99,13.99,24.99,020295150068,9877,https://www.pricecharting.com/game/sega-dreamcast/striker-pro-2000 
Stupid Invaders,15.99,69.99,129.99,008888260134,9878,https://www.pricecharting.com/game/sega-dreamcast/stupid-invaders 
Super Magnetic Neo,29.99,49.99,84.99,650008799170,9887,https://www.pricecharting.com/game/sega-dreamcast/super-magnetic-neo 
Super Runabout,17.99,44.99,89.99,040421008964,9896,https://www.pricecharting.com/game/sega-dreamcast/super-runabout 
Surf Rocket Racer,5.99,19.99,24.99,650008799262,9903,https://www.pricecharting.com/game/sega-dreamcast/surf-rocket-racer 
Suzuki Alstare Extreme Racing,5.99,10.99,19.99,008888260035,9912,https://www.pricecharting.com/game/sega-dreamcast/suzuki-alstare-extreme-racing 
Sword of the Berserk: Guts Rage,44.99,74.99,114.99,788687452045,9915,https://www.pricecharting.com/game/sega-dreamcast/sword-of-the-berserk-gut%27s-rage 
Sydney 2000,3.99,5.99,16.99,788687451840,9917,https://www.pricecharting.com/game/sega-dreamcast/sydney-2000 
Tech Romancer,94.99,164.99,199.99,013388250097,9928,https://www.pricecharting.com/game/sega-dreamcast/tech-romancer 
Tee Off Golf,4.99,9.99,19.99,021481832225,9939,https://www.pricecharting.com/game/sega-dreamcast/tee-off-golf 
Tennis 2K2,8.99,14.99,24.99,010086511864,9949,https://www.pricecharting.com/game/sega-dreamcast/tennis-2k2 
Test Drive 6,8.99,10.99,24.99,020295150020,9957,https://www.pricecharting.com/game/sega-dreamcast/test-drive-6 
Test Drive Le Mans,9.99,14.99,24.99,020295150204,9958,https://www.pricecharting.com/game/sega-dreamcast/test-drive-le-mans 
Test Drive V-Rally,8.99,24.99,29.99,020295150143,9963,https://www.pricecharting.com/game/sega-dreamcast/test-drive-v-rally 
The Flintstones in Viva Rock Vegas,1.99,3.99,11.99,,41112,https://www.pricecharting.com/game/sega-dreamcast/the-flintstones-in-viva-rock-vegas 
The Grinch,12.99,29.99,39.99,083717190837,9980,https://www.pricecharting.com/game/sega-dreamcast/the-grinch 
The House of the Dead 2,19.99,29.99,79.99,010086510027,9984,https://www.pricecharting.com/game/sega-dreamcast/the-house-of-the-dead-2 
The King of Fighters Evolution,34.99,44.99,149.99,093992057701,9991,https://www.pricecharting.com/game/sega-dreamcast/the-king-of-fighters-evolution 
The Next Tetris On-line Edition,10.99,19.99,44.99,650008799248,9996,https://www.pricecharting.com/game/sega-dreamcast/the-next-tetris-on-line-edition 
The Ring Terrors Realm,44.99,79.99,114.99,020295150174,13103,https://www.pricecharting.com/game/sega-dreamcast/the-ring-terror%27s-realm 
The Typing of the Dead,64.99,114.99,134.99,010086511444,10003,https://www.pricecharting.com/game/sega-dreamcast/the-typing-of-the-dead 
Time Stalkers,19.99,29.99,59.99,010086510119,10019,https://www.pricecharting.com/game/sega-dreamcast/time-stalkers 
TNN Motorsports Hardcore Heat,8.99,14.99,24.99,729627720145,10027,https://www.pricecharting.com/game/sega-dreamcast/tnn-motorsports-hardcore-heat 
Tokyo Xtreme Racer,16.99,24.99,64.99,650008799125,10032,https://www.pricecharting.com/game/sega-dreamcast/tokyo-xtreme-racer 
Tokyo Xtreme Racer 2,34.99,69.99,134.99,650008799194,10033,https://www.pricecharting.com/game/sega-dreamcast/tokyo-xtreme-racer-2 
Tomb Raider Chronicles,11.99,17.99,29.99,788687454643,10040,https://www.pricecharting.com/game/sega-dreamcast/tomb-raider-chronicles 
Tomb Raider Last Revelation,10.99,12.99,39.99,788687451444,10043,https://www.pricecharting.com/game/sega-dreamcast/tomb-raider-last-revelation 
Tony Hawk,10.99,13.99,99.99,650008799149,10050,https://www.pricecharting.com/game/sega-dreamcast/tony-hawk 
Tony Hawk 2,9.99,17.99,79.99,047875122369,10051,https://www.pricecharting.com/game/sega-dreamcast/tony-hawk-2 
Toy Commander,11.99,18.99,39.99,010086510201,10057,https://www.pricecharting.com/game/sega-dreamcast/toy-commander 
Toy Story 2 Buzz Lightyear to the Rescue,24.99,34.99,54.99,047875109360,10059,https://www.pricecharting.com/game/sega-dreamcast/toy-story-2 
Trickstyle,4.99,13.99,24.99,021481831914,10065,https://www.pricecharting.com/game/sega-dreamcast/trickstyle 
Trigger Heart Exelica,44.99,69.99,94.99,,19471,https://www.pricecharting.com/game/sega-dreamcast/trigger-heart-exelica 
TriZeal,ND,ND,ND,,,https://www.pricecharting.com/game/sega-dreamcast/trizeal 
Ultimate Fighting Championship,4.99,9.99,24.99,650008799156,10086,https://www.pricecharting.com/game/sega-dreamcast/ultimate-fighting-championship 
Under Defeat Limited Edition,ND,ND,ND,,,https://www.pricecharting.com/game/sega-dreamcast/under-defeat-limited-edition 
Unreal Tournament,13.99,19.99,39.99,742725216358,10093,https://www.pricecharting.com/game/sega-dreamcast/unreal-tournament 
Urban Chaos,29.99,74.99,139.99,788687454049,10097,https://www.pricecharting.com/game/sega-dreamcast/urban-chaos 
Vanishing Point,11.99,17.99,29.99,021481832126,10102,https://www.pricecharting.com/game/sega-dreamcast/vanishing-point 
Vigilante 8 Second Offense,ND,ND,ND,,,https://www.pricecharting.com/game/sega-dreamcast/vigilante-8-second-offense 
Virtua Athlete 2K,ND,ND,ND,,,https://www.pricecharting.com/game/sega-dreamcast/virtua-athlete-2k 
Virtua Fighter 3tb,19.99,34.99,124.99,010086510010,10116,https://www.pricecharting.com/game/sega-dreamcast/virtua-fighter-3tb 
Virtual-On Oratorio Tangram,34.99,44.99,119.99,047875122277,10129,https://www.pricecharting.com/game/sega-dreamcast/virtual-on-oratorio-tangram 
Virtua Striker 2,9.99,19.99,39.99,010086510287,10121,https://www.pricecharting.com/game/sega-dreamcast/virtua-striker-2 
Virtua Tennis,5.99,11.99,24.99,010086510546,10122,https://www.pricecharting.com/game/sega-dreamcast/virtua-tennis 
VMU Visual Memory Card,ND,ND,ND,,,https://www.pricecharting.com/game/sega-dreamcast/vmu-visual-memory-card 
Wacky Races,19.99,34.99,94.99,020295150099,10131,https://www.pricecharting.com/game/sega-dreamcast/wacky-races 
Walt Disney World Magical Racing Tour,19.99,29.99,84.99,788687451048,10134,https://www.pricecharting.com/game/sega-dreamcast/walt-disney-world-quest-magical-racing-tour 
Web Browser,2.99,3.99,5.99,094922742766,19683,https://www.pricecharting.com/game/sega-dreamcast/web-browser 
Wetrix+,9.99,24.99,24.99,651222998011,10147,https://www.pricecharting.com/game/sega-dreamcast/wetrix%2B 
Who Wants to Beat Up a Millionaire,10.99,13.99,19.99,020626711166,10153,https://www.pricecharting.com/game/sega-dreamcast/who-wants-to-beat-up-a-millionaire 
Wild Metal,8.99,15.99,24.99,710425260414,10155,https://www.pricecharting.com/game/sega-dreamcast/wild-metal 
World Series Baseball 2K1,2.99,3.99,13.99,010086510553,10184,https://www.pricecharting.com/game/sega-dreamcast/world-series-baseball-2k1 
World Series Baseball 2K2,3.99,8.99,18.99,010086511529,10185,https://www.pricecharting.com/game/sega-dreamcast/world-series-baseball-2k2 
Worms Armageddon,10.99,19.99,34.99,076930990421,10202,https://www.pricecharting.com/game/sega-dreamcast/worms-armageddon 
Worms World Party,19.99,34.99,44.99,091493254360,10205,https://www.pricecharting.com/game/sega-dreamcast/worms-world-party 
WWF Attitude,8.99,12.99,19.99,021481831815,10212,https://www.pricecharting.com/game/sega-dreamcast/wwf-attitude 
WWF Royal Rumble,11.99,18.99,59.99,785138370026,10217,https://www.pricecharting.com/game/sega-dreamcast/wwf-royal-rumble 
Xtreme Sports,4.99,15.99,19.99,020295150242,10227,https://www.pricecharting.com/game/sega-dreamcast/xtreme-sports 
Zombie Revenge,24.99,39.99,79.99,010086510386,10240,https://www.pricecharting.com/game/sega-dreamcast/zombie-revenge 
